country,iso_code,year,co2_per_capita,consumption_co2_per_capita,energy_per_capita_x,temperature_change_from_co2,share_global_co2,land_use_change_co2_per_capita,population,gdp,energy_per_capita_y,renewables_consumption,happiness_index,happiness_index_rank,continent,hemisphere,human_development_groups,hdi_rank_2021,undp_developing_regions,material_footprint_per_capita,gini_index
Aruba,ABW,2013,8.395,,47742.637,0.0,0.002,,102570.0,,47742.637,,,,,,,,,,
Aruba,ABW,2014,8.435,,47990.926,0.0,0.002,,103381.0,,47990.926,,,,,,,,,,
Aruba,ABW,2015,8.615,,48905.531,0.0,0.003,,104200.0,,48905.531,,,,,,,,,,
Aruba,ABW,2016,8.411,,47619.418,0.0,0.002,,104989.0,,47619.418,,,,,,,,,,
Aruba,ABW,2017,8.42,,49061.195,0.0,0.002,,105737.0,,49061.195,,,,,,,,,,
Aruba,ABW,2018,8.158,,46080.551,0.0,0.002,,106447.0,,46080.551,,,,,,,,,,
Aruba,ABW,2019,7.767,,43634.25,0.0,0.002,,107089.0,,43634.25,,,,,,,,,,
Aruba,ABW,2020,7.641,,42530.234,0.0,0.002,,107411.0,,42530.234,,,,,,,,,,
Aruba,ABW,2021,8.005,,44880.773,0.0,0.002,,107565.0,,44880.773,,,,,,,,,,
Afghanistan,AFG,2013,0.281,,1007.797,0.001,0.025,0.002,31622709.0,62993700000.0,1007.797,,4.04,143.0,Asia,Northern Hemisphere,Low,180.0,SA,1.88,
Afghanistan,AFG,2014,0.265,,812.082,0.001,0.025,0.002,32792528.0,64346106000.0,812.082,,,,Asia,Northern Hemisphere,Low,180.0,SA,1.66,
Afghanistan,AFG,2015,0.277,,914.925,0.001,0.027,0.009,33831767.0,62783392000.0,914.925,,3.575,153.0,Asia,Northern Hemisphere,Low,180.0,SA,1.62,
Afghanistan,AFG,2016,0.248,,809.074,0.001,0.024,0.01,34700613.0,64372217488.0,809.074,,3.36,154.0,Asia,Northern Hemisphere,Low,180.0,SA,1.66,
Afghanistan,AFG,2017,0.261,,1023.214,0.001,0.026,0.147,35688941.0,65169281649.0,1023.214,,3.794,141.0,Asia,Northern Hemisphere,Low,180.0,SA,1.41,
Afghanistan,AFG,2018,0.277,,1265.342,0.001,0.028,0.078,36743040.0,65996738862.0,1265.342,,3.632,145.0,Asia,Northern Hemisphere,Low,180.0,SA,1.32,
Afghanistan,AFG,2019,0.275,,1244.489,0.001,0.028,0.255,37856125.0,73085701943.0,1244.489,,3.203,154.0,Asia,Northern Hemisphere,Low,180.0,SA,1.38,
Afghanistan,AFG,2020,0.285,,1200.742,0.001,0.032,0.143,39068977.0,71417706295.0,1200.742,,2.567,153.0,Asia,Northern Hemisphere,Low,180.0,SA,1.38,
Afghanistan,AFG,2021,0.247,,1189.22,0.001,0.027,0.087,40000410.0,56638852656.0,1189.22,,2.523,149.0,Asia,Northern Hemisphere,Low,180.0,SA,1.38,
Angola,AGO,2013,0.983,,3570.166,0.002,0.073,4.258,26165616.0,160032073258.0,3570.166,,5.589,61.0,Africa,Southern Hemisphere,Medium,148.0,SSA,4.53,
Angola,AGO,2014,0.961,,3800.598,0.002,0.074,3.776,27160767.0,167750415635.0,3800.598,,,,Africa,Southern Hemisphere,Medium,148.0,SSA,3.97,
Angola,AGO,2015,0.977,,3852.95,0.003,0.078,3.949,28157802.0,169333972139.0,3852.95,,4.033,137.0,Africa,Southern Hemisphere,Medium,148.0,SSA,3.59,
Angola,AGO,2016,0.873,,3330.99,0.003,0.072,3.142,29183072.0,164965166058.0,3330.99,,3.866,141.0,Africa,Southern Hemisphere,Medium,148.0,SSA,2.79,
Angola,AGO,2017,0.781,,2774.095,0.003,0.066,2.982,30234836.0,164717711409.0,2774.095,,3.795,140.0,Africa,Southern Hemisphere,Medium,148.0,SSA,2.64,
Angola,AGO,2018,0.744,,2910.07,0.003,0.063,2.429,31297160.0,162550037080.0,2910.07,,3.795,142.0,Africa,Southern Hemisphere,Medium,148.0,SSA,2.28,51.3
Angola,AGO,2019,0.686,,2937.561,0.003,0.06,1.918,32375633.0,161408924528.0,2937.561,,,,Africa,Southern Hemisphere,Medium,148.0,SSA,2.18,
Angola,AGO,2020,0.495,,2281.591,0.003,0.047,1.61,33451139.0,152308692850.0,2281.591,,,,Africa,Southern Hemisphere,Medium,148.0,SSA,2.18,
Angola,AGO,2021,0.557,,2491.884,0.003,0.052,1.479,34532427.0,153971902307.0,2491.884,,,,Africa,Southern Hemisphere,Medium,148.0,SSA,2.18,
Anguilla,AIA,2013,8.558,,,0.0,0.0,,,,,,,,,,,,,,
Anguilla,AIA,2014,8.795,,,0.0,0.0,,,,,,,,,,,,,,
Anguilla,AIA,2015,9.524,,,0.0,0.0,,,,,,,,,,,,,,
Anguilla,AIA,2016,9.707,,,0.0,0.0,,,,,,,,,,,,,,
Anguilla,AIA,2017,8.875,,,0.0,0.0,,,,,,,,,,,,,,
Anguilla,AIA,2018,8.944,,,0.0,0.0,,,,,,,,,,,,,,
Anguilla,AIA,2019,9.626,,,0.0,0.0,,,,,,,,,,,,,,
Anguilla,AIA,2020,9.121,,,0.0,0.0,,,,,,,,,,,,,,
Anguilla,AIA,2021,9.6,,,0.0,0.0,,,,,,,,,,,,,,
Albania,ALB,2013,1.839,2.241,9065.398,0.0,0.015,0.207,2907571.0,28098562696.0,9065.398,,5.55,62.0,Europe,Northern Hemisphere,High,67.0,ECA,11.49,
Albania,ALB,2014,2.091,2.239,8866.902,0.0,0.017,0.228,2903748.0,28597169040.0,8866.902,,,,Europe,Northern Hemisphere,High,67.0,ECA,13.14,34.6
Albania,ALB,2015,1.626,2.033,8292.746,0.0,0.013,0.432,2898634.0,29231663899.0,8292.746,,4.959,95.0,Europe,Northern Hemisphere,High,67.0,ECA,12.61,32.8
Albania,ALB,2016,1.572,2.018,9234.724,0.0,0.013,0.234,2897868.0,30200694449.0,9234.724,,4.655,109.0,Europe,Northern Hemisphere,High,67.0,ECA,14.39,33.7
Albania,ALB,2017,1.844,2.106,10106.212,0.0,0.015,0.267,2898245.0,31348975722.0,10106.212,,4.644,109.0,Europe,Northern Hemisphere,High,67.0,ECA,14.46,33.1
Albania,ALB,2018,1.795,2.164,9672.062,0.0,0.014,0.228,2894229.0,32609000823.0,9672.062,,4.586,112.0,Europe,Northern Hemisphere,High,67.0,ECA,12.85,30.1
Albania,ALB,2019,1.712,2.087,8630.006,0.0,0.013,0.099,2885011.0,33289747424.0,8630.006,,4.719,107.0,Europe,Northern Hemisphere,High,67.0,ECA,12.96,30.1
Albania,ALB,2020,1.694,2.08,7352.821,0.0,0.014,-0.002,2871950.0,32130726850.0,7352.821,,4.883,105.0,Europe,Northern Hemisphere,High,67.0,ECA,12.96,29.4
Albania,ALB,2021,1.803,2.175,8944.888,0.0,0.014,-0.01,2849641.0,34866976278.0,8944.888,,5.117,93.0,Europe,Northern Hemisphere,High,67.0,ECA,12.96,
Andorra,AND,2013,6.332,,,0.0,0.001,-0.042,,,,,,,Europe,Northern Hemisphere,Very High,40.0,,,
Andorra,AND,2014,6.259,,,0.0,0.001,-0.056,,,,,,,Europe,Northern Hemisphere,Very High,40.0,,,
Andorra,AND,2015,6.445,,,0.0,0.001,-0.064,,,,,,,Europe,Northern Hemisphere,Very High,40.0,,,
Andorra,AND,2016,6.547,,,0.0,0.001,-0.056,,,,,,,Europe,Northern Hemisphere,Very High,40.0,,,
Andorra,AND,2017,6.406,,,0.0,0.001,-0.071,,,,,,,Europe,Northern Hemisphere,Very High,40.0,,,
Andorra,AND,2018,6.628,,,0.0,0.001,-0.108,,,,,,,Europe,Northern Hemisphere,Very High,40.0,,,
Andorra,AND,2019,6.419,,,0.0,0.001,0.013,,,,,,,Europe,Northern Hemisphere,Very High,40.0,,,
Andorra,AND,2020,4.876,,,0.0,0.001,-0.07,,,,,,,Europe,Northern Hemisphere,Very High,40.0,,,
Andorra,AND,2021,5.282,,,0.0,0.001,-0.047,,,,,,,Europe,Northern Hemisphere,Very High,40.0,,,
United Arab Emirates,ARE,2013,27.348,33.019,144520.031,0.002,0.607,-0.014,7831851.0,606587973942.0,144520.031,0.222,7.144,14.0,Asia,Northern Hemisphere,Very High,26.0,AS,49.68,32.5
United Arab Emirates,ARE,2014,26.045,31.416,137818.312,0.002,0.605,-0.011,8236880.0,631858461256.0,137818.312,0.792,,,Asia,Northern Hemisphere,Very High,26.0,AS,55.49,
United Arab Emirates,ARE,2015,25.943,30.139,140994.875,0.002,0.636,-0.009,8674633.0,674742705535.0,140994.875,0.761,6.901,20.0,Asia,Northern Hemisphere,Very High,26.0,AS,59.76,
United Arab Emirates,ARE,2016,25.235,28.68,140575.797,0.002,0.644,-0.007,9030873.0,712265114847.0,140575.797,0.794,6.573,28.0,Asia,Northern Hemisphere,Very High,26.0,AS,64.95,
United Arab Emirates,ARE,2017,21.279,25.843,131237.281,0.002,0.546,-0.007,9234330.0,717500233045.0,131237.281,1.863,6.648,21.0,Asia,Northern Hemisphere,Very High,26.0,AS,75.61,
United Arab Emirates,ARE,2018,21.837,26.453,121187.641,0.002,0.556,-0.0,9346870.0,726928170282.0,121187.641,2.98,6.774,20.0,Asia,Northern Hemisphere,Very High,26.0,AS,65.97,26.4
United Arab Emirates,ARE,2019,21.76,25.242,129769.297,0.002,0.55,-0.003,9377855.0,734982504070.0,129769.297,9.049,6.825,21.0,Asia,Northern Hemisphere,Very High,26.0,AS,68.95,
United Arab Emirates,ARE,2020,22.783,23.472,125363.312,0.002,0.612,-0.001,9448529.0,698549476819.0,125363.312,12.804,6.791,21.0,Asia,Northern Hemisphere,Very High,26.0,AS,68.95,
United Arab Emirates,ARE,2021,21.675,24.475,126734.023,0.002,0.576,-0.002,9789055.0,725904671328.0,126734.023,15.401,6.561,25.0,Asia,Northern Hemisphere,Very High,26.0,AS,68.95,
Argentina,ARG,2013,4.451,4.785,23705.746,0.008,0.537,2.426,42582453.0,849088398588.0,23705.746,101.686,6.562,29.0,America,Southern Hemisphere,Very High,47.0,LAC,16.74,41.1
Argentina,ARG,2014,4.382,4.455,23080.285,0.008,0.532,4.132,43024071.0,827750786191.0,23080.285,102.627,,,America,Southern Hemisphere,Very High,47.0,LAC,16.57,41.8
Argentina,ARG,2015,4.412,4.742,23230.486,0.008,0.542,2.562,43477011.0,850356641236.0,23230.486,103.185,6.574,30.0,America,Southern Hemisphere,Very High,47.0,LAC,17.85,
Argentina,ARG,2016,4.328,4.337,22909.215,0.008,0.537,2.457,43900312.0,832669278245.0,22909.215,95.882,6.65,26.0,America,Southern Hemisphere,Very High,47.0,LAC,16.95,42.3
Argentina,ARG,2017,4.224,4.363,22511.016,0.008,0.52,1.822,44288898.0,856142153676.0,22511.016,103.551,6.599,24.0,America,Southern Hemisphere,Very High,47.0,LAC,18.75,41.4
Argentina,ARG,2018,4.087,4.114,22081.684,0.008,0.497,2.539,44654876.0,833736983405.0,22081.684,106.101,6.388,29.0,America,Southern Hemisphere,Very High,47.0,LAC,16.88,41.7
Argentina,ARG,2019,4.012,3.84,20582.312,0.009,0.487,3.597,44973469.0,817053926667.0,20582.312,105.008,6.086,47.0,America,Southern Hemisphere,Very High,47.0,LAC,15.81,43.3
Argentina,ARG,2020,3.643,3.542,19117.824,0.009,0.468,2.855,45191960.0,735814250460.0,19117.824,101.519,5.975,55.0,America,Southern Hemisphere,Very High,47.0,LAC,15.81,42.7
Argentina,ARG,2021,4.197,4.023,20925.615,0.009,0.516,3.484,45312282.0,812324184006.0,20925.615,103.147,5.929,57.0,America,Southern Hemisphere,Very High,47.0,LAC,15.81,42.4
Armenia,ARM,2013,1.894,2.014,13407.281,0.0,0.016,0.278,2922526.0,27542825799.0,13407.281,,4.316,128.0,Asia,Northern Hemisphere,High,85.0,ECA,6.15,30.6
Armenia,ARM,2014,1.918,2.024,13808.039,0.0,0.016,0.22,2922433.0,28536291283.0,13808.039,,,,Asia,Northern Hemisphere,High,85.0,ECA,6.44,31.5
Armenia,ARM,2015,1.872,2.079,12623.133,0.0,0.015,0.227,2921179.0,29464863299.0,12623.133,,4.35,127.0,Asia,Northern Hemisphere,High,85.0,ECA,6.5,32.4
Armenia,ARM,2016,1.784,2.062,12668.348,0.0,0.015,0.198,2918796.0,29522321034.0,12668.348,,4.36,121.0,Asia,Northern Hemisphere,High,85.0,ECA,7.79,32.5
Armenia,ARM,2017,1.899,2.198,13658.813,0.0,0.015,0.158,2914966.0,31741802974.0,13658.813,,4.376,121.0,Asia,Northern Hemisphere,High,85.0,ECA,7.35,33.6
Armenia,ARM,2018,2.001,2.879,13424.767,0.0,0.016,0.114,2909971.0,33400320594.0,13424.767,,4.321,129.0,Asia,Northern Hemisphere,High,85.0,ECA,6.01,34.4
Armenia,ARM,2019,2.164,2.813,14248.773,0.0,0.017,0.071,2903975.0,35949092334.0,14248.773,,4.559,116.0,Asia,Northern Hemisphere,High,85.0,ECA,5.95,30.0
Armenia,ARM,2020,2.351,2.958,15475.302,0.0,0.019,0.055,2890893.0,33378378959.0,15475.302,,4.677,116.0,Asia,Northern Hemisphere,High,85.0,ECA,5.95,25.1
Armenia,ARM,2021,2.561,3.23,15976.376,0.0,0.02,0.048,2870339.0,35275596129.0,15976.376,,5.283,86.0,Asia,Northern Hemisphere,High,85.0,ECA,5.95,27.9
Antarctica,ATA,2013,,,,0.0,0.0,,,,,,,,,,,,,,
Antarctica,ATA,2014,,,,0.0,0.0,,,,,,,,,,,,,,
Antarctica,ATA,2015,,,,0.0,0.0,,,,,,,,,,,,,,
Antarctica,ATA,2016,,,,0.0,0.0,,,,,,,,,,,,,,
Antarctica,ATA,2017,,,,0.0,0.0,,,,,,,,,,,,,,
Antarctica,ATA,2018,,,,0.0,0.0,,,,,,,,,,,,,,
Antarctica,ATA,2019,,,,0.0,0.0,,,,,,,,,,,,,,
Antarctica,ATA,2020,,,,0.0,0.0,,,,,,,,,,,,,,
Antarctica,ATA,2021,,,,0.0,0.0,,,,,,,,,,,,,,
Antigua and Barbuda,ATG,2013,6.323,,33005.023,0.0,0.002,-0.258,88074.0,,33005.023,,,,America,Northern Hemisphere,High,71.0,LAC,,
Antigua and Barbuda,ATG,2014,6.397,,33476.52,0.0,0.002,-0.426,88784.0,,33476.52,,,,America,Northern Hemisphere,High,71.0,LAC,,
Antigua and Barbuda,ATG,2015,6.474,,33930.758,0.0,0.002,-0.454,89421.0,,33930.758,,,,America,Northern Hemisphere,High,71.0,LAC,,
Antigua and Barbuda,ATG,2016,6.597,,34220.047,0.0,0.002,-0.426,89980.0,,34220.047,,,,America,Northern Hemisphere,High,71.0,LAC,,
Antigua and Barbuda,ATG,2017,6.641,,32348.727,0.0,0.002,-0.183,90483.0,,32348.727,,,,America,Northern Hemisphere,High,71.0,LAC,,
Antigua and Barbuda,ATG,2018,6.769,,32080.172,0.0,0.002,-0.355,90942.0,,32080.172,,,,America,Northern Hemisphere,High,71.0,LAC,,
Antigua and Barbuda,ATG,2019,6.977,,33123.305,0.0,0.002,-0.387,91377.0,,33123.305,,,,America,Northern Hemisphere,High,71.0,LAC,,
Antigua and Barbuda,ATG,2020,6.701,,31833.912,0.0,0.002,-0.387,91864.0,,31833.912,,,,America,Northern Hemisphere,High,71.0,LAC,,
Antigua and Barbuda,ATG,2021,6.863,,32921.891,0.0,0.002,-0.38,92358.0,,32921.891,,,,America,Northern Hemisphere,High,71.0,LAC,,
Australia,AUS,2013,17.122,16.621,66946.461,0.013,1.128,7.076,23236271.0,1086068056518.0,66946.461,95.674,7.35,10.0,Oceania,Southern Hemisphere,Very High,5.0,,45.97,
Australia,AUS,2014,16.639,16.296,66387.727,0.013,1.107,3.546,23595599.0,1113888062929.0,66387.727,88.418,,,Oceania,Southern Hemisphere,Very High,5.0,,47.8,34.4
Australia,AUS,2015,16.727,16.169,66879.32,0.013,1.131,1.59,23947997.0,1139303344945.0,66879.32,95.058,7.284,10.0,Oceania,Southern Hemisphere,Very High,5.0,,46.91,
Australia,AUS,2016,16.838,16.026,66045.68,0.013,1.157,3.922,24329963.0,1169967279612.0,66045.68,108.587,7.313,9.0,Oceania,Southern Hemisphere,Very High,5.0,,46.32,33.7
Australia,AUS,2017,16.716,16.013,64778.02,0.013,1.149,3.634,24731044.0,1197832839959.0,64778.02,101.723,7.284,9.0,Oceania,Southern Hemisphere,Very High,5.0,,48.27,
Australia,AUS,2018,16.512,15.382,64726.418,0.014,1.129,2.028,25119700.0,1231576952488.0,64726.418,127.007,7.272,10.0,Oceania,Southern Hemisphere,Very High,5.0,,47.7,34.3
Australia,AUS,2019,16.283,15.055,65938.531,0.014,1.119,1.538,25482714.0,1255505542015.0,65938.531,140.546,7.228,11.0,Oceania,Southern Hemisphere,Very High,5.0,,46.82,
Australia,AUS,2020,15.481,14.541,61584.258,0.014,1.134,3.649,25743787.0,1232259790388.0,61584.258,162.166,7.223,12.0,Oceania,Southern Hemisphere,Very High,5.0,,46.82,33.8
Australia,AUS,2021,14.966,13.99,61230.445,0.014,1.054,2.229,25956417.0,1296705194119.0,61230.445,193.787,7.183,11.0,Oceania,Southern Hemisphere,Very High,5.0,,46.82,
Austria,AUT,2013,7.989,10.749,48441.508,0.002,0.192,0.001,8481411.0,352182904722.0,48441.508,137.063,7.369,8.0,Europe,Northern Hemisphere,Very High,25.0,,27.32,30.8
Austria,AUT,2014,7.506,10.761,46197.699,0.002,0.181,-0.005,8547812.0,354511819035.0,46197.699,135.54,,,Europe,Northern Hemisphere,Very High,25.0,,27.48,30.5
Austria,AUT,2015,7.677,10.082,45856.262,0.002,0.187,-0.08,8644037.0,358108266932.0,45856.262,128.618,7.2,13.0,Europe,Northern Hemisphere,Very High,25.0,,26.4,30.5
Austria,AUT,2016,7.693,10.155,46881.992,0.002,0.19,-0.118,8737920.0,365232738553.0,46881.992,136.689,7.119,12.0,Europe,Northern Hemisphere,Very High,25.0,,26.89,30.8
Austria,AUT,2017,7.91,10.071,47457.57,0.002,0.193,-0.078,8798779.0,373481694490.0,47457.57,136.104,7.006,13.0,Europe,Northern Hemisphere,Very High,25.0,,25.62,29.7
Austria,AUT,2018,7.529,10.007,46190.699,0.002,0.181,-0.044,8841653.0,382540042762.0,46190.699,132.866,7.139,12.0,Europe,Northern Hemisphere,Very High,25.0,,25.39,30.8
Austria,AUT,2019,7.651,9.753,48188.984,0.002,0.183,-0.078,8880876.0,388344674039.0,48188.984,143.464,7.246,10.0,Europe,Northern Hemisphere,Very High,25.0,,24.62,30.2
Austria,AUT,2020,6.97,8.833,44852.156,0.003,0.177,-0.09,8921402.0,363281092036.0,44852.156,144.513,7.294,9.0,Europe,Northern Hemisphere,Very High,25.0,,24.62,29.8
Austria,AUT,2021,7.333,9.535,45314.195,0.003,0.178,-0.058,8967053.0,379835198584.0,45314.195,138.067,7.268,10.0,Europe,Northern Hemisphere,Very High,25.0,,24.62,30.7
Azerbaijan,AZE,2013,3.531,3.738,16225.271,0.001,0.095,0.303,9504417.0,157913964589.0,16225.271,4.022,4.604,116.0,Asia,Northern Hemisphere,High,91.0,ECA,13.44,
Azerbaijan,AZE,2014,3.566,3.823,16326.349,0.001,0.097,0.316,9631136.0,162332395164.0,16326.349,3.592,,,Asia,Northern Hemisphere,High,91.0,ECA,12.92,
Azerbaijan,AZE,2015,3.556,3.792,17618.029,0.001,0.098,0.597,9752859.0,164036906588.0,17618.029,4.453,5.212,80.0,Asia,Northern Hemisphere,High,91.0,ECA,10.93,
Azerbaijan,AZE,2016,3.519,3.394,17246.135,0.001,0.098,0.981,9868434.0,159010796104.0,17246.135,5.342,5.291,81.0,Asia,Northern Hemisphere,High,91.0,ECA,11.4,
Azerbaijan,AZE,2017,3.481,3.311,16748.137,0.001,0.096,0.605,9968510.0,159255674569.0,16748.137,4.78,5.234,85.0,Asia,Northern Hemisphere,High,91.0,ECA,12.02,
Azerbaijan,AZE,2018,3.444,3.51,17546.863,0.001,0.094,0.488,10039782.0,161644514845.0,17546.863,4.955,5.201,87.0,Asia,Northern Hemisphere,High,91.0,ECA,10.57,
Azerbaijan,AZE,2019,3.734,3.729,18385.926,0.001,0.102,0.371,10110483.0,165653307401.0,18385.926,4.55,5.208,90.0,Asia,Northern Hemisphere,High,91.0,ECA,10.56,
Azerbaijan,AZE,2020,3.559,3.729,18162.768,0.001,0.103,0.323,10181736.0,158697520949.0,18162.768,3.308,5.165,89.0,Asia,Northern Hemisphere,High,91.0,ECA,10.56,
Azerbaijan,AZE,2021,3.742,3.783,19302.547,0.001,0.104,0.278,10234372.0,167584576527.0,19302.547,3.809,5.171,90.0,Asia,Northern Hemisphere,High,91.0,ECA,10.56,
Burundi,BDI,2013,0.042,,186.6,0.0,0.001,0.435,10439346.0,7430922000.0,186.6,,3.706,153.0,Africa,Southern Hemisphere,Low,187.0,SSA,2.74,38.6
Burundi,BDI,2014,0.033,,166.763,0.0,0.001,0.443,10799789.0,7764240000.0,166.763,,,,Africa,Southern Hemisphere,Low,187.0,SSA,2.39,
Burundi,BDI,2015,0.032,,166.04,0.0,0.001,0.444,11047581.0,7340438000.0,166.04,,2.905,157.0,Africa,Southern Hemisphere,Low,187.0,SSA,2.29,
Burundi,BDI,2016,0.038,,182.132,0.0,0.001,0.447,11239459.0,7554391939.0,182.132,,2.905,157.0,Africa,Southern Hemisphere,Low,187.0,SSA,2.2,
Burundi,BDI,2017,0.045,,210.261,0.0,0.001,0.459,11506764.0,7833860723.0,210.261,,2.905,154.0,Africa,Southern Hemisphere,Low,187.0,SSA,2.13,
Burundi,BDI,2018,0.054,,263.726,0.0,0.002,0.413,11859444.0,8207327776.0,263.726,,2.905,156.0,Africa,Southern Hemisphere,Low,187.0,SSA,1.68,
Burundi,BDI,2019,0.056,,260.234,0.0,0.002,0.403,12255339.0,8573379471.0,260.234,,3.775,145.0,Africa,Southern Hemisphere,Low,187.0,SSA,1.71,
Burundi,BDI,2020,0.059,,285.653,0.0,0.002,0.38,12617041.0,8635657446.0,285.653,,3.775,140.0,Africa,Southern Hemisphere,Low,187.0,SSA,1.71,37.5
Burundi,BDI,2021,0.06,,272.584,0.0,0.002,0.354,12965487.0,8956206318.0,272.584,,3.775,140.0,Africa,Southern Hemisphere,Low,187.0,SSA,1.71,
Belgium,BEL,2013,9.213,18.527,62894.422,0.005,0.291,0.208,11160277.0,425993254852.0,62894.422,36.852,6.967,21.0,Europe,Northern Hemisphere,Very High,13.0,,30.08,27.7
Belgium,BEL,2014,8.66,18.472,58059.273,0.006,0.274,0.293,11210113.0,432717694183.0,58059.273,38.442,,,Europe,Northern Hemisphere,Very High,13.0,,30.04,28.1
Belgium,BEL,2015,8.987,17.884,58306.633,0.006,0.286,0.391,11275332.0,441551470878.0,58306.633,42.857,6.937,19.0,Europe,Northern Hemisphere,Very High,13.0,,29.32,27.7
Belgium,BEL,2016,8.808,18.298,62607.219,0.006,0.282,0.252,11332707.0,447144517813.0,62607.219,44.179,6.929,18.0,Europe,Northern Hemisphere,Very High,13.0,,29.39,27.6
Belgium,BEL,2017,8.727,17.846,62940.031,0.006,0.276,0.358,11376583.0,454386396677.0,62940.031,48.534,6.891,17.0,Europe,Northern Hemisphere,Very High,13.0,,34.02,27.4
Belgium,BEL,2018,8.772,18.542,62492.762,0.006,0.273,0.326,11428608.0,462533269863.0,62492.762,51.595,6.927,16.0,Europe,Northern Hemisphere,Very High,13.0,,34.48,27.2
Belgium,BEL,2019,8.685,17.795,64258.418,0.006,0.269,0.338,11490623.0,472897988852.0,64258.418,56.982,6.923,18.0,Europe,Northern Hemisphere,Very High,13.0,,33.45,27.2
Belgium,BEL,2020,7.908,15.8,57530.324,0.006,0.26,0.293,11540102.0,447544069854.0,57530.324,68.902,6.864,20.0,Europe,Northern Hemisphere,Very High,13.0,,33.45,26.0
Belgium,BEL,2021,8.204,17.442,63805.598,0.006,0.257,0.255,11570843.0,474995824355.0,63805.598,67.433,6.834,20.0,Europe,Northern Hemisphere,Very High,13.0,,33.45,26.6
Benin,BEN,2013,0.426,0.856,1819.542,0.0,0.013,2.629,10708831.0,19651418479.0,1819.542,,3.528,155.0,Africa,Northern Hemisphere,Low,166.0,SSA,4.51,
Benin,BEN,2014,0.433,0.758,1879.149,0.0,0.013,2.487,11030008.0,21043177203.0,1879.149,,,,Africa,Northern Hemisphere,Low,166.0,SSA,4.23,
Benin,BEN,2015,0.468,0.735,2004.112,0.0,0.015,1.068,11360681.0,22279707949.0,2004.112,,3.34,155.0,Africa,Northern Hemisphere,Low,166.0,SSA,3.91,47.6
Benin,BEN,2016,0.454,0.657,2373.231,0.0,0.015,2.595,11697845.0,23134706997.0,2373.231,,3.484,153.0,Africa,Northern Hemisphere,Low,166.0,SSA,3.72,
Benin,BEN,2017,0.461,0.635,2445.911,0.0,0.015,4.52,12039777.0,24568275710.0,2445.911,,3.657,143.0,Africa,Northern Hemisphere,Low,166.0,SSA,3.68,
Benin,BEN,2018,0.458,0.598,2616.541,0.0,0.015,3.948,12383349.0,26346543293.0,2616.541,,4.141,136.0,Africa,Northern Hemisphere,Low,166.0,SSA,3.47,37.9
Benin,BEN,2019,0.414,0.545,2371.677,0.0,0.014,1.849,12726760.0,28155410176.0,2371.677,,4.883,102.0,Africa,Northern Hemisphere,Low,166.0,SSA,3.4,
Benin,BEN,2020,0.424,0.571,2427.168,0.0,0.016,2.687,13070169.0,29239039610.0,2427.168,,5.216,86.0,Africa,Northern Hemisphere,Low,166.0,SSA,3.4,
Benin,BEN,2021,0.433,0.602,1837.102,0.0,0.016,3.382,13413423.0,31331235336.0,1837.102,,5.045,99.0,Africa,Northern Hemisphere,Low,166.0,SSA,3.4,34.4
Bonaire Sint Eustatius and Saba,BES,2013,4.765,,,0.0,0.0,,,,,,,,,,,,,,
Bonaire Sint Eustatius and Saba,BES,2014,4.787,,,0.0,0.0,,,,,,,,,,,,,,
Bonaire Sint Eustatius and Saba,BES,2015,5.205,,,0.0,0.0,,,,,,,,,,,,,,
Bonaire Sint Eustatius and Saba,BES,2016,5.369,,,0.0,0.0,,,,,,,,,,,,,,
Bonaire Sint Eustatius and Saba,BES,2017,5.609,,,0.0,0.0,,,,,,,,,,,,,,
Bonaire Sint Eustatius and Saba,BES,2018,5.238,,,0.0,0.0,,,,,,,,,,,,,,
Bonaire Sint Eustatius and Saba,BES,2019,5.428,,,0.0,0.0,,,,,,,,,,,,,,
Bonaire Sint Eustatius and Saba,BES,2020,4.982,,,0.0,0.0,,,,,,,,,,,,,,
Bonaire Sint Eustatius and Saba,BES,2021,5.091,,,0.0,0.0,,,,,,,,,,,,,,
Burkina Faso,BFA,2013,0.159,0.178,735.404,0.0,0.008,1.772,17695411.0,24314382909.0,735.404,,4.259,131.0,Africa,Northern Hemisphere,Low,184.0,SSA,4.15,
Burkina Faso,BFA,2014,0.157,0.168,665.529,0.0,0.008,1.76,18229466.0,25366464630.0,665.529,,,,Africa,Northern Hemisphere,Low,184.0,SSA,4.01,35.3
Burkina Faso,BFA,2015,0.199,0.187,823.61,0.0,0.011,1.586,18777488.0,26361085012.0,823.61,,3.587,152.0,Africa,Northern Hemisphere,Low,184.0,SSA,4.03,
Burkina Faso,BFA,2016,0.206,0.206,764.289,0.0,0.011,1.507,19334854.0,27931683815.0,764.289,,3.739,146.0,Africa,Northern Hemisphere,Low,184.0,SSA,4.23,
Burkina Faso,BFA,2017,0.232,0.226,862.711,0.0,0.013,1.653,19894413.0,29664279937.0,862.711,,4.032,134.0,Africa,Northern Hemisphere,Low,184.0,SSA,4.15,
Burkina Faso,BFA,2018,0.256,0.241,943.597,0.0,0.014,1.466,20438289.0,31623015393.0,943.597,,4.424,121.0,Africa,Northern Hemisphere,Low,184.0,SSA,2.96,43.0
Burkina Faso,BFA,2019,0.268,0.243,953.479,0.001,0.015,1.35,20961956.0,33422048798.0,953.479,,4.587,115.0,Africa,Northern Hemisphere,Low,184.0,SSA,2.96,
Burkina Faso,BFA,2020,0.262,0.223,936.216,0.001,0.016,1.306,21478691.0,34067429050.0,936.216,,4.769,112.0,Africa,Northern Hemisphere,Low,184.0,SSA,2.96,
Burkina Faso,BFA,2021,0.288,0.244,1043.45,0.001,0.017,1.272,21995249.0,36419784717.0,1043.45,,4.834,113.0,Africa,Northern Hemisphere,Low,184.0,SSA,2.96,37.4
Bangladesh,BGD,2013,0.414,0.41,1958.554,0.002,0.184,0.064,156532134.0,486135250102.0,1958.554,2.491,4.804,108.0,Asia,Northern Hemisphere,Medium,129.0,SA,2.91,
Bangladesh,BGD,2014,0.428,0.676,2016.64,0.002,0.19,0.067,157964931.0,516793803718.0,2016.64,2.185,,,Asia,Northern Hemisphere,Medium,129.0,SA,2.15,
Bangladesh,BGD,2015,0.483,0.482,2416.201,0.002,0.217,0.079,159383179.0,552104723056.0,2416.201,3.053,4.694,109.0,Asia,Northern Hemisphere,Medium,129.0,SA,2.54,
Bangladesh,BGD,2016,0.508,0.787,2404.679,0.002,0.231,0.071,160811934.0,589932630231.0,2404.679,2.861,4.643,110.0,Asia,Northern Hemisphere,Medium,129.0,SA,2.33,32.4
Bangladesh,BGD,2017,0.534,0.826,2484.585,0.002,0.241,0.072,162186146.0,630957812405.0,2484.585,3.451,4.608,110.0,Asia,Northern Hemisphere,Medium,129.0,SA,2.37,
Bangladesh,BGD,2018,0.53,0.852,2631.359,0.002,0.236,0.104,163523109.0,678912369102.0,2631.359,3.046,4.5,115.0,Asia,Northern Hemisphere,Medium,129.0,SA,2.84,
Bangladesh,BGD,2019,0.575,0.901,2926.16,0.002,0.256,0.098,164913060.0,717214595514.0,2926.16,3.085,4.456,125.0,Asia,Northern Hemisphere,Medium,129.0,SA,2.88,
Bangladesh,BGD,2020,0.576,0.894,2750.767,0.002,0.272,0.086,166298024.0,754358367084.0,2750.767,2.985,4.833,107.0,Asia,Northern Hemisphere,Medium,129.0,SA,2.88,
Bangladesh,BGD,2021,0.588,0.942,2937.336,0.002,0.267,0.079,167658855.0,807308397444.0,2937.336,3.301,5.025,101.0,Asia,Northern Hemisphere,Medium,129.0,SA,2.88,
Bulgaria,BGR,2013,5.862,5.168,27270.346,0.002,0.121,-0.968,7264605.0,109643527181.0,27270.346,19.013,3.981,144.0,Europe,Northern Hemisphere,High,68.0,,17.08,36.6
Bulgaria,BGR,2014,6.253,5.473,29286.607,0.002,0.127,-0.676,7223450.0,110703533681.0,29286.607,20.18,,,Europe,Northern Hemisphere,High,68.0,,17.58,37.4
Bulgaria,BGR,2015,6.705,5.711,31303.371,0.002,0.136,-0.844,7177515.0,114498611934.0,31303.371,23.999,4.218,134.0,Europe,Northern Hemisphere,High,68.0,,19.12,38.6
Bulgaria,BGR,2016,6.362,5.679,29900.988,0.002,0.128,-0.85,7127436.0,117979077002.0,29900.988,19.781,4.217,129.0,Europe,Northern Hemisphere,High,68.0,,19.56,40.6
Bulgaria,BGR,2017,6.706,5.924,30834.584,0.002,0.132,-0.859,7075642.0,121237951710.0,30834.584,17.469,4.714,105.0,Europe,Northern Hemisphere,High,68.0,,19.29,40.4
Bulgaria,BGR,2018,6.193,5.851,31149.057,0.002,0.118,-0.812,7024745.0,124492855771.0,31149.057,26.206,4.933,100.0,Europe,Northern Hemisphere,High,68.0,,14.69,41.3
Bulgaria,BGR,2019,6.049,5.725,30327.924,0.002,0.114,-0.814,6975466.0,129520075495.0,30327.924,21.759,5.011,97.0,Europe,Northern Hemisphere,High,68.0,,15.02,40.3
Bulgaria,BGR,2020,5.274,5.232,28177.615,0.002,0.104,-0.903,6933656.0,124392792956.0,28177.615,21.521,5.102,96.0,Europe,Northern Hemisphere,High,68.0,,15.02,40.5
Bulgaria,BGR,2021,6.16,5.952,32263.266,0.002,0.115,-1.112,6877222.0,133889804025.0,32263.266,29.074,5.266,88.0,Europe,Northern Hemisphere,High,68.0,,15.02,39.0
Bahrain,BHR,2013,24.839,15.373,161939.016,0.0,0.089,0.0,1257206.0,47813841200.0,161939.016,,5.312,79.0,Asia,Northern Hemisphere,Very High,35.0,AS,26.46,
Bahrain,BHR,2014,23.59,15.541,153717.312,0.0,0.087,0.0,1312857.0,49894227022.0,153717.312,,,,Asia,Northern Hemisphere,Very High,35.0,AS,26.03,
Bahrain,BHR,2015,23.744,17.384,148644.031,0.0,0.092,0.0,1369656.0,51134096686.0,148644.031,,5.96,49.0,Asia,Northern Hemisphere,Very High,35.0,AS,21.98,
Bahrain,BHR,2016,22.129,13.926,142093.938,0.0,0.089,0.0,1429609.0,52953446666.0,142093.938,,6.218,42.0,Asia,Northern Hemisphere,Very High,35.0,AS,22.92,
Bahrain,BHR,2017,22.211,14.432,141021.281,0.0,0.091,0.0,1482003.0,55226208950.0,141021.281,,6.087,41.0,Asia,Northern Hemisphere,Very High,35.0,AS,28.98,
Bahrain,BHR,2018,21.833,14.758,140424.391,0.0,0.089,0.0,1497634.0,56391482183.0,140424.391,,6.105,43.0,Asia,Northern Hemisphere,Very High,35.0,AS,24.62,
Bahrain,BHR,2019,25.319,16.058,155660.703,0.0,0.101,0.0,1485675.0,57613480945.0,155660.703,,6.199,37.0,Asia,Northern Hemisphere,Very High,35.0,AS,23.83,
Bahrain,BHR,2020,25.238,16.178,152081.188,0.0,0.106,0.0,1483081.0,54937336615.0,152081.188,,6.227,40.0,Asia,Northern Hemisphere,Very High,35.0,AS,23.83,
Bahrain,BHR,2021,24.148,13.501,156362.641,0.0,0.098,0.0,1501762.0,56404169544.0,156362.641,,6.647,22.0,Asia,Northern Hemisphere,Very High,35.0,AS,23.83,
Bahamas,BHS,2013,5.26,,33224.723,0.0,0.006,0.007,378957.0,,33224.723,,,,America,Northern Hemisphere,Very High,55.0,LAC,42.29,
Bahamas,BHS,2014,5.396,,32329.908,0.0,0.006,-0.043,382312.0,,32329.908,,,,America,Northern Hemisphere,Very High,55.0,LAC,48.66,
Bahamas,BHS,2015,5.79,,30661.689,0.0,0.006,-0.057,385355.0,,30661.689,,,,America,Northern Hemisphere,Very High,55.0,LAC,49.49,
Bahamas,BHS,2016,5.788,,31876.514,0.0,0.006,-0.062,388060.0,,31876.514,,,,America,Northern Hemisphere,Very High,55.0,LAC,50.82,
Bahamas,BHS,2017,6.455,,37776.191,0.0,0.007,-0.048,390496.0,,37776.191,,,,America,Northern Hemisphere,Very High,55.0,LAC,50.72,
Bahamas,BHS,2018,6.251,,30950.479,0.0,0.007,-0.064,392718.0,,30950.479,,,,America,Northern Hemisphere,Very High,55.0,LAC,38.91,
Bahamas,BHS,2019,6.387,,31914.691,0.0,0.007,-0.067,394684.0,,31914.691,,,,America,Northern Hemisphere,Very High,55.0,LAC,37.8,
Bahamas,BHS,2020,5.183,,26472.564,0.0,0.006,-0.065,395874.0,,26472.564,,,,America,Northern Hemisphere,Very High,55.0,LAC,37.8,
Bahamas,BHS,2021,6.877,,33613.324,0.0,0.007,-0.062,396381.0,,33613.324,,,,America,Northern Hemisphere,Very High,55.0,LAC,37.8,
Bosnia and Herzegovina,BIH,2013,6.038,,16714.635,0.001,0.062,-0.954,3610857.0,36202157063.0,16714.635,,4.813,107.0,Europe,Northern Hemisphere,High,74.0,ECA,11.98,
Bosnia and Herzegovina,BIH,2014,5.417,,16940.182,0.001,0.054,-0.543,3564831.0,36619951250.0,16940.182,,,,Europe,Northern Hemisphere,High,74.0,ECA,12.99,
Bosnia and Herzegovina,BIH,2015,5.247,,17474.537,0.001,0.052,-0.153,3518541.0,38199900995.0,17474.537,,4.949,96.0,Europe,Northern Hemisphere,High,74.0,ECA,14.1,32.9
Bosnia and Herzegovina,BIH,2016,6.258,,18144.992,0.001,0.061,-0.057,3472997.0,39438504839.0,18144.992,,5.163,87.0,Europe,Northern Hemisphere,High,74.0,ECA,14.86,
Bosnia and Herzegovina,BIH,2017,6.461,,19206.406,0.001,0.062,-0.603,3428684.0,40717914490.0,19206.406,,5.182,90.0,Europe,Northern Hemisphere,High,74.0,ECA,14.66,
Bosnia and Herzegovina,BIH,2018,6.519,,18484.439,0.001,0.06,-0.434,3386999.0,42277004927.0,18484.439,,5.129,93.0,Europe,Northern Hemisphere,High,74.0,ECA,14.43,
Bosnia and Herzegovina,BIH,2019,6.22,,17670.797,0.001,0.056,0.057,3345532.0,43497123759.0,17670.797,,5.386,78.0,Europe,Northern Hemisphere,High,74.0,ECA,14.44,
Bosnia and Herzegovina,BIH,2020,6.314,,17237.43,0.001,0.059,-0.029,3299352.0,42185625323.0,17237.43,,5.674,69.0,Europe,Northern Hemisphere,High,74.0,ECA,14.44,
Bosnia and Herzegovina,BIH,2021,6.554,,20087.381,0.001,0.058,-0.402,3244912.0,45303796505.0,20087.381,,5.813,64.0,Europe,Northern Hemisphere,High,74.0,ECA,14.44,30.3
Belarus,BLR,2013,6.778,7.341,31085.303,0.004,0.182,0.388,9464454.0,177632980571.0,31085.303,0.898,5.504,66.0,Europe,Northern Hemisphere,Very High,60.0,ECA,7.55,26.6
Belarus,BLR,2014,6.725,7.052,31127.623,0.004,0.18,0.271,9472704.0,180627882895.0,31127.623,0.871,,,Europe,Northern Hemisphere,Very High,60.0,ECA,7.98,27.2
Belarus,BLR,2015,6.201,6.662,28138.871,0.004,0.166,0.344,9487289.0,173709821418.0,28138.871,0.922,5.813,59.0,Europe,Northern Hemisphere,Very High,60.0,ECA,6.53,25.6
Belarus,BLR,2016,6.126,6.981,28718.361,0.004,0.164,0.404,9499066.0,169304543676.0,28718.361,1.105,5.802,61.0,Europe,Northern Hemisphere,Very High,60.0,ECA,5.63,25.3
Belarus,BLR,2017,6.26,7.246,29259.266,0.004,0.165,0.346,9495793.0,173606575679.0,29259.266,2.017,5.569,67.0,Europe,Northern Hemisphere,Very High,60.0,ECA,6.18,25.4
Belarus,BLR,2018,6.558,7.732,32402.701,0.004,0.169,0.216,9480031.0,179054352755.0,32402.701,1.83,5.483,73.0,Europe,Northern Hemisphere,Very High,60.0,ECA,6.75,25.2
Belarus,BLR,2019,6.589,7.654,32726.744,0.004,0.168,0.021,9435415.0,181643469714.0,32726.744,2.231,5.323,81.0,Europe,Northern Hemisphere,Very High,60.0,ECA,5.59,25.3
Belarus,BLR,2020,6.323,7.107,30643.369,0.004,0.168,-0.108,9350943.0,180420997693.0,30643.369,2.702,5.54,75.0,Europe,Northern Hemisphere,Very High,60.0,ECA,5.59,24.4
Belarus,BLR,2021,6.579,7.599,33803.074,0.004,0.165,-0.184,9251368.0,184521985376.0,33803.074,3.455,5.534,75.0,Europe,Northern Hemisphere,Very High,60.0,ECA,5.59,
Belize,BLZ,2013,1.384,,8494.182,0.0,0.001,12.382,341635.0,,8494.182,,,,America,Northern Hemisphere,Medium,123.0,LAC,16.27,
Belize,BLZ,2014,1.439,,7952.339,0.0,0.001,19.623,348934.0,,7952.339,,,,America,Northern Hemisphere,Medium,123.0,LAC,17.23,
Belize,BLZ,2015,1.923,,8944.144,0.0,0.002,26.172,356341.0,,8944.144,,,,America,Northern Hemisphere,Medium,123.0,LAC,18.19,
Belize,BLZ,2016,1.848,,8750.693,0.0,0.002,16.953,364717.0,,8750.693,,5.956,52.0,America,Northern Hemisphere,Medium,123.0,LAC,18.54,
Belize,BLZ,2017,1.787,,9631.997,0.0,0.002,15.214,373215.0,,9631.997,,5.956,50.0,America,Northern Hemisphere,Medium,123.0,LAC,18.49,
Belize,BLZ,2018,1.735,,9116.708,0.0,0.002,12.694,380232.0,,9116.708,,5.956,49.0,America,Northern Hemisphere,Medium,123.0,LAC,12.0,39.9
Belize,BLZ,2019,1.994,,11277.264,0.0,0.002,21.01,385833.0,,11277.264,,,,America,Northern Hemisphere,Medium,123.0,LAC,12.21,
Belize,BLZ,2020,1.672,,8852.267,0.0,0.002,18.618,390819.0,,8852.267,,,,America,Northern Hemisphere,Medium,123.0,LAC,12.21,
Belize,BLZ,2021,1.754,,9089.78,0.0,0.002,15.323,395355.0,,9089.78,,,,America,Northern Hemisphere,Medium,123.0,LAC,12.21,
Bermuda,BMU,2013,8.412,,36220.793,0.0,0.002,,63593.0,,36220.793,,,,,,,,,,
Bermuda,BMU,2014,10.493,,46861.48,0.0,0.002,,63551.0,,46861.48,,,,,,,,,,
Bermuda,BMU,2015,8.542,,39486.441,0.0,0.002,,63482.0,,39486.441,,,,,,,,,,
Bermuda,BMU,2016,9.699,,50197.062,0.0,0.002,,63466.0,,50197.062,,,,,,,,,,
Bermuda,BMU,2017,10.081,,49432.203,0.0,0.002,,63603.0,,49432.203,,,,,,,,,,
Bermuda,BMU,2018,10.903,,48272.238,0.0,0.002,,63852.0,,48272.238,,,,,,,,,,
Bermuda,BMU,2019,9.256,,41815.137,0.0,0.002,,64130.0,,41815.137,,,,,,,,,,
Bermuda,BMU,2020,6.77,,30691.555,0.0,0.001,,64404.0,,30691.555,,,,,,,,,,
Bermuda,BMU,2021,7.988,,35751.664,0.0,0.001,,64672.0,,35751.664,,,,,,,,,,
Bolivia,BOL,2013,1.664,1.725,7439.076,0.003,0.05,9.076,10682612.0,61114326124.0,7439.076,,5.857,50.0,America,Southern Hemisphere,Medium,118.0,LAC,10.26,47.6
Bolivia,BOL,2014,1.834,1.971,7439.606,0.003,0.056,6.372,10848889.0,64451770571.0,7439.606,,,,America,Southern Hemisphere,Medium,118.0,LAC,10.68,47.8
Bolivia,BOL,2015,1.807,1.952,7687.697,0.003,0.056,5.006,11014707.0,67582198248.0,7687.697,,5.89,51.0,America,Southern Hemisphere,Medium,118.0,LAC,11.12,46.7
Bolivia,BOL,2016,1.901,1.985,7971.473,0.003,0.06,3.671,11180020.0,70463901130.0,7971.473,,5.822,59.0,America,Southern Hemisphere,Medium,118.0,LAC,11.33,45.2
Bolivia,BOL,2017,1.955,2.046,8260.953,0.003,0.062,8.084,11344591.0,73419862854.0,8260.953,,5.823,58.0,America,Southern Hemisphere,Medium,118.0,LAC,11.15,44.6
Bolivia,BOL,2018,1.956,2.021,8327.178,0.003,0.061,9.327,11508370.0,76521114837.0,8327.178,,5.752,62.0,America,Southern Hemisphere,Medium,118.0,LAC,11.17,42.6
Bolivia,BOL,2019,1.937,2.012,8193.27,0.003,0.061,6.24,11671386.0,78217588630.0,8193.27,,5.779,61.0,America,Southern Hemisphere,Medium,118.0,LAC,11.32,41.6
Bolivia,BOL,2020,1.55,1.688,6695.948,0.003,0.052,6.559,11816301.0,71382934039.0,6695.948,,5.747,65.0,America,Southern Hemisphere,Medium,118.0,LAC,11.32,43.6
Bolivia,BOL,2021,1.823,1.923,7936.341,0.003,0.059,7.491,11937369.0,75741579784.0,7936.341,,5.716,69.0,America,Southern Hemisphere,Medium,118.0,LAC,11.32,40.9
Brazil,BRA,2013,2.678,3.002,17638.982,0.052,1.507,6.43,198478290.0,3116394665745.0,17638.982,1317.562,6.849,24.0,America,Southern Hemisphere,High,87.0,LAC,20.78,52.7
Brazil,BRA,2014,2.781,3.065,17870.57,0.053,1.569,6.587,200085126.0,3132099937531.0,17870.57,1317.889,,,America,Southern Hemisphere,High,87.0,LAC,19.96,52.1
Brazil,BRA,2015,2.619,2.758,17530.328,0.054,1.492,6.665,201675534.0,3021043246476.0,17530.328,1343.086,6.983,16.0,America,Southern Hemisphere,High,87.0,LAC,19.04,51.9
Brazil,BRA,2016,2.42,2.416,16983.99,0.054,1.389,6.202,203218108.0,2922076150345.0,16983.99,1403.47,6.952,17.0,America,Southern Hemisphere,High,87.0,LAC,18.57,53.4
Brazil,BRA,2017,2.429,2.475,16988.619,0.055,1.382,5.482,204703440.0,2960731613785.0,16988.619,1406.64,6.635,22.0,America,Southern Hemisphere,High,87.0,LAC,18.89,53.3
Brazil,BRA,2018,2.312,2.35,16915.357,0.056,1.297,5.638,206107265.0,3013541086239.0,16915.357,1505.676,6.419,28.0,America,Southern Hemisphere,High,87.0,LAC,18.28,53.9
Brazil,BRA,2019,2.298,2.343,17194.145,0.057,1.285,5.966,207455459.0,3050327159562.0,17194.145,1576.005,6.3,32.0,America,Southern Hemisphere,High,87.0,LAC,18.87,53.5
Brazil,BRA,2020,2.147,2.095,16401.875,0.058,1.274,6.562,208660845.0,2950377451264.0,16401.875,1575.936,6.376,32.0,America,Southern Hemisphere,High,87.0,LAC,18.87,48.8
Brazil,BRA,2021,2.37,2.259,17089.926,0.059,1.347,7.404,209550291.0,3097565215045.0,17089.926,1531.76,6.33,35.0,America,Southern Hemisphere,High,87.0,LAC,18.87,52.9
Barbados,BRB,2013,5.546,,26601.328,0.0,0.004,-0.392,277669.0,3412801000.0,26601.328,,,,America,Northern Hemisphere,High,70.0,LAC,,
Barbados,BRB,2014,4.913,,23038.891,0.0,0.004,-0.477,278355.0,3416200000.0,23038.891,,,,America,Northern Hemisphere,High,70.0,LAC,,
Barbados,BRB,2015,4.784,,24428.852,0.0,0.004,-0.553,278999.0,3448059000.0,24428.852,,,,America,Northern Hemisphere,High,70.0,LAC,,
Barbados,BRB,2016,4.905,,24818.07,0.0,0.004,-0.471,279604.0,3528285767.0,24818.07,,,,America,Northern Hemisphere,High,70.0,LAC,,34.1
Barbados,BRB,2017,4.994,,23423.18,0.0,0.004,-0.416,280177.0,3554020089.0,23423.18,,,,America,Northern Hemisphere,High,70.0,LAC,,
Barbados,BRB,2018,5.154,,26300.879,0.0,0.004,-0.372,280719.0,3526291932.0,26300.879,,,,America,Northern Hemisphere,High,70.0,LAC,,
Barbados,BRB,2019,4.95,,25585.25,0.0,0.004,-0.422,281216.0,3535586950.0,25585.25,,,,America,Northern Hemisphere,High,70.0,LAC,,
Barbados,BRB,2020,4.457,,20003.318,0.0,0.004,-0.338,281706.0,3085224475.0,20003.318,,,,America,Northern Hemisphere,High,70.0,LAC,,
Barbados,BRB,2021,4.218,,19102.555,0.0,0.003,-0.293,282157.0,3061072053.0,19102.555,,,,America,Northern Hemisphere,High,70.0,LAC,,
Brunei,BRN,2013,18.546,20.225,95801.016,0.0,0.022,3.877,411205.0,,95801.016,,,,Asia,Northern Hemisphere,Very High,51.0,EAP,82.97,
Brunei,BRN,2014,21.19,19.701,106308.477,0.0,0.025,4.109,416757.0,,106308.477,,,,Asia,Northern Hemisphere,Very High,51.0,EAP,81.1,
Brunei,BRN,2015,16.421,17.357,115953.25,0.0,0.02,3.505,422223.0,,115953.25,,,,Asia,Northern Hemisphere,Very High,51.0,EAP,86.78,
Brunei,BRN,2016,17.852,14.394,119606.797,0.0,0.022,3.092,427571.0,,119606.797,,,,Asia,Northern Hemisphere,Very High,51.0,EAP,83.24,
Brunei,BRN,2017,21.51,17.007,118640.672,0.0,0.026,2.894,432787.0,,118640.672,,,,Asia,Northern Hemisphere,Very High,51.0,EAP,84.31,
Brunei,BRN,2018,21.336,19.537,121695.086,0.0,0.025,2.027,437811.0,,121695.086,,,,Asia,Northern Hemisphere,Very High,51.0,EAP,71.16,
Brunei,BRN,2019,21.605,18.507,121644.695,0.0,0.026,1.985,442690.0,,121644.695,,,,Asia,Northern Hemisphere,Very High,51.0,EAP,85.7,
Brunei,BRN,2020,24.937,20.462,130865.547,0.0,0.032,1.755,447411.0,,130865.547,,,,Asia,Northern Hemisphere,Very High,51.0,EAP,85.7,
Brunei,BRN,2021,25.92,17.532,123024.211,0.0,0.032,1.544,451722.0,,123024.211,,,,Asia,Northern Hemisphere,Very High,51.0,EAP,85.7,
Bhutan,BTN,2013,1.75,,6086.961,0.0,0.004,13.935,725282.0,,6086.961,,,,Asia,Northern Hemisphere,Medium,127.0,SA,25.83,
Bhutan,BTN,2014,1.817,,6002.027,0.0,0.004,11.072,733151.0,,6002.027,,,,Asia,Northern Hemisphere,Medium,127.0,SA,29.41,
Bhutan,BTN,2015,1.936,,6218.035,0.0,0.004,12.081,740623.0,,6218.035,,5.253,79.0,Asia,Northern Hemisphere,Medium,127.0,SA,32.34,
Bhutan,BTN,2016,2.086,,6783.458,0.0,0.004,10.88,747878.0,,6783.458,,5.196,84.0,Asia,Northern Hemisphere,Medium,127.0,SA,34.4,
Bhutan,BTN,2017,2.186,,7141.906,0.0,0.005,10.879,754343.0,,7141.906,,5.011,97.0,Asia,Northern Hemisphere,Medium,127.0,SA,34.89,37.4
Bhutan,BTN,2018,2.214,,8095.734,0.0,0.005,11.104,759766.0,,8095.734,,5.082,97.0,Asia,Northern Hemisphere,Medium,127.0,SA,31.29,
Bhutan,BTN,2019,2.046,,8204.153,0.0,0.004,9.661,764830.0,,8204.153,,5.082,95.0,Asia,Northern Hemisphere,Medium,127.0,SA,32.43,
Bhutan,BTN,2020,1.576,,11798.361,0.0,0.003,8.572,770013.0,,11798.361,,,,Asia,Northern Hemisphere,Medium,127.0,SA,32.43,
Bhutan,BTN,2021,1.876,,18890.199,0.0,0.004,16.709,775450.0,,18890.199,,,,Asia,Northern Hemisphere,Medium,127.0,SA,32.43,
Botswana,BWA,2013,2.645,5.764,8948.596,0.0,0.016,3.921,2140687.0,30014304729.0,8948.596,,3.97,145.0,Africa,Southern Hemisphere,Medium,117.0,SSA,13.27,
Botswana,BWA,2014,3.154,6.534,8857.137,0.0,0.019,0.587,2172053.0,31724220202.0,8857.137,,,,Africa,Southern Hemisphere,Medium,117.0,SSA,13.43,
Botswana,BWA,2015,2.459,5.693,10640.027,0.0,0.015,-0.032,2203276.0,30185273524.0,10640.027,,4.332,128.0,Africa,Southern Hemisphere,Medium,117.0,SSA,15.29,54.9
Botswana,BWA,2016,2.837,6.093,11547.974,0.0,0.018,-0.064,2234784.0,32359220755.0,11547.974,,3.974,137.0,Africa,Southern Hemisphere,Medium,117.0,SSA,16.77,
Botswana,BWA,2017,3.117,5.607,10434.404,0.0,0.02,-0.156,2266749.0,33690154993.0,10434.404,,3.766,142.0,Africa,Southern Hemisphere,Medium,117.0,SSA,16.89,
Botswana,BWA,2018,3.324,5.767,10197.871,0.0,0.021,-0.263,2299149.0,35101769105.0,10197.871,,3.59,146.0,Africa,Southern Hemisphere,Medium,117.0,SSA,14.64,
Botswana,BWA,2019,3.21,5.881,9783.121,0.0,0.02,-0.252,2332082.0,36166405883.0,9783.121,,3.488,148.0,Africa,Southern Hemisphere,Medium,117.0,SSA,14.19,
Botswana,BWA,2020,2.617,5.346,9292.531,0.0,0.018,-0.234,2365895.0,33010529929.0,9292.531,,3.479,147.0,Africa,Southern Hemisphere,Medium,117.0,SSA,14.19,
Botswana,BWA,2021,2.783,5.606,9660.034,0.0,0.018,-0.196,2401448.0,36918974292.0,9660.034,,3.467,146.0,Africa,Southern Hemisphere,Medium,117.0,SSA,14.19,
Central African Republic,CAF,2013,0.022,,160.76,0.0,0.0,1.455,4642423.0,2929689000.0,160.76,,3.623,154.0,Africa,Northern Hemisphere,Low,188.0,SSA,2.08,
Central African Republic,CAF,2014,0.029,,182.189,0.0,0.0,0.967,4623187.0,2960958000.0,182.189,,,,Africa,Northern Hemisphere,Low,188.0,SSA,2.11,
Central African Republic,CAF,2015,0.042,,246.222,0.0,0.001,0.926,4629322.0,3105792000.0,246.222,,3.678,148.0,Africa,Northern Hemisphere,Low,188.0,SSA,2.07,
Central African Republic,CAF,2016,0.051,,258.429,0.0,0.001,0.988,4713663.0,3265229504.0,258.429,,,,Africa,Northern Hemisphere,Low,188.0,SSA,2.12,
Central African Republic,CAF,2017,0.06,,261.116,0.0,0.001,7.015,4793512.0,3421678627.0,261.116,,2.693,155.0,Africa,Northern Hemisphere,Low,188.0,SSA,2.22,
Central African Republic,CAF,2018,0.056,,263.475,0.0,0.001,11.532,4878663.0,3557270233.0,263.475,,3.083,155.0,Africa,Northern Hemisphere,Low,188.0,SSA,1.49,
Central African Republic,CAF,2019,0.063,,270.234,0.0,0.001,8.606,4944708.0,3662931320.0,270.234,,3.083,155.0,Africa,Northern Hemisphere,Low,188.0,SSA,1.57,
Central African Republic,CAF,2020,0.066,,278.651,0.0,0.001,5.883,5026629.0,3698072848.0,278.651,,3.476,149.0,Africa,Northern Hemisphere,Low,188.0,SSA,1.57,
Central African Republic,CAF,2021,0.072,,278.974,0.0,0.001,4.561,5112103.0,3734422040.0,278.974,,,,Africa,Northern Hemisphere,Low,188.0,SSA,1.57,43.0
Canada,CAN,2013,16.11,17.468,113458.836,0.028,1.612,3.915,35293421.0,1514296485427.0,113458.836,1090.315,7.477,6.0,America,Northern Hemisphere,Very High,15.0,,35.0,33.8
Canada,CAN,2014,15.854,16.812,112508.438,0.028,1.593,4.357,35634265.0,1557757464897.0,112508.438,1064.06,,,America,Northern Hemisphere,Very High,15.0,,33.82,33.2
Canada,CAN,2015,15.655,15.939,111824.336,0.028,1.59,4.532,35962236.0,1568025782105.0,111824.336,1095.191,7.427,5.0,America,Northern Hemisphere,Very High,15.0,,34.42,33.7
Canada,CAN,2016,15.231,15.04,109289.445,0.029,1.564,3.842,36353345.0,1583727974022.0,109289.445,1109.252,7.404,6.0,America,Northern Hemisphere,Very High,15.0,,35.46,32.7
Canada,CAN,2017,15.395,15.067,109394.164,0.029,1.575,4.434,36808498.0,1631871440185.0,109394.164,1132.01,7.316,7.0,America,Northern Hemisphere,Very High,15.0,,36.48,33.3
Canada,CAN,2018,15.42,14.925,109464.797,0.029,1.566,3.786,37294996.0,1677189073139.0,109464.797,1109.259,7.328,7.0,America,Northern Hemisphere,Very High,15.0,,35.84,32.5
Canada,CAN,2019,15.325,14.534,107455.625,0.029,1.561,3.175,37782934.0,1708858221312.0,107455.625,1092.604,7.278,9.0,America,Northern Hemisphere,Very High,15.0,,35.05,31.8
Canada,CAN,2020,13.733,13.175,100465.109,0.03,1.491,3.199,38171903.0,1622144486274.0,100465.109,1108.259,7.232,11.0,America,Northern Hemisphere,Very High,15.0,,35.05,29.9
Canada,CAN,2021,13.977,13.625,100431.008,0.03,1.458,3.517,38454058.0,1703443269914.0,100431.008,1103.852,7.103,14.0,America,Northern Hemisphere,Very High,15.0,,35.05,31.1
Switzerland,CHE,2013,5.337,18.925,44387.238,0.001,0.122,0.007,8091199.0,481081829913.0,44387.238,105.032,7.65,3.0,Europe,Northern Hemisphere,Very High,1.0,,38.28,32.5
Switzerland,CHE,2014,4.792,19.537,42054.887,0.001,0.111,-0.014,8190238.0,492386642888.0,42054.887,104.666,,,Europe,Northern Hemisphere,Very High,1.0,,36.18,32.5
Switzerland,CHE,2015,4.678,19.273,40599.23,0.001,0.109,-0.012,8283940.0,500484653705.0,40599.23,105.561,7.587,1.0,Europe,Northern Hemisphere,Very High,1.0,,33.83,32.3
Switzerland,CHE,2016,4.684,20.395,37761.055,0.001,0.111,-0.025,8374903.0,510838097521.0,37761.055,96.95,7.509,2.0,Europe,Northern Hemisphere,Very High,1.0,,35.31,33.0
Switzerland,CHE,2017,4.523,16.002,37498.082,0.001,0.106,0.007,8453630.0,517799793781.0,37498.082,97.0,7.494,4.0,Europe,Northern Hemisphere,Very High,1.0,,32.82,32.7
Switzerland,CHE,2018,4.338,14.932,37746.012,0.001,0.101,-0.004,8516341.0,532611137213.0,37746.012,98.792,7.487,5.0,Europe,Northern Hemisphere,Very High,1.0,,30.44,33.1
Switzerland,CHE,2019,4.293,14.457,39166.934,0.001,0.099,-0.025,8577525.0,538693495449.0,39166.934,106.805,7.48,6.0,Europe,Northern Hemisphere,Very High,1.0,,31.14,34.0
Switzerland,CHE,2020,3.975,12.708,35831.172,0.001,0.098,-0.035,8640582.0,525896489462.0,35831.172,107.5,7.56,3.0,Europe,Northern Hemisphere,Very High,1.0,,31.14,33.7
Switzerland,CHE,2021,4.123,13.873,33316.562,0.001,0.097,-0.017,8707019.0,548098275898.0,33316.562,105.486,7.571,3.0,Europe,Northern Hemisphere,Very High,1.0,,31.14,33.8
Chile,CHL,2013,4.621,5.239,23393.406,0.003,0.232,2.053,17687006.0,371454072393.0,23393.406,73.875,6.587,28.0,America,Southern Hemisphere,Very High,42.0,LAC,11.66,46.8
Chile,CHL,2014,4.343,4.786,22924.852,0.003,0.219,2.103,17864192.0,378114271615.0,22924.852,79.071,,,America,Southern Hemisphere,Very High,42.0,LAC,10.68,
Chile,CHL,2015,4.531,4.885,22952.033,0.003,0.231,1.953,18047630.0,386251266445.0,22952.033,85.992,6.67,27.0,America,Southern Hemisphere,Very High,42.0,LAC,11.41,45.3
Chile,CHL,2016,4.612,4.863,23753.109,0.003,0.238,1.977,18267225.0,393022253885.0,23753.109,83.049,6.705,24.0,America,Southern Hemisphere,Very High,42.0,LAC,12.57,
Chile,CHL,2017,4.533,4.785,24265.859,0.003,0.234,1.757,18558868.0,398359518680.0,24265.859,95.397,6.652,20.0,America,Southern Hemisphere,Very High,42.0,LAC,12.65,45.3
Chile,CHL,2018,4.469,4.91,24785.533,0.003,0.23,1.562,18893185.0,414254051745.0,24785.533,108.401,6.476,25.0,America,Southern Hemisphere,Very High,42.0,LAC,13.32,
Chile,CHL,2019,4.791,5.103,24689.287,0.003,0.248,1.415,19197748.0,417331966568.0,24689.287,105.567,6.444,26.0,America,Southern Hemisphere,Very High,42.0,LAC,13.5,
Chile,CHL,2020,4.139,4.291,22842.719,0.003,0.228,1.76,19370621.0,391686945225.0,22842.719,108.616,6.228,39.0,America,Southern Hemisphere,Very High,42.0,LAC,13.5,47.0
Chile,CHL,2021,4.298,4.682,24509.102,0.003,0.227,1.169,19456323.0,437659188270.0,24509.102,110.322,6.172,43.0,America,Southern Hemisphere,Very High,42.0,LAC,13.5,
China,CHN,2013,7.21,6.256,24548.49,0.102,28.185,0.017,1379008040.0,15925464549520.0,24548.49,2852.832,4.978,93.0,Asia,Northern Hemisphere,High,79.0,EAP,21.37,39.7
China,CHN,2014,7.188,6.283,25021.807,0.107,28.129,-0.096,1387951970.0,17103948867278.0,25021.807,3344.307,,,Asia,Northern Hemisphere,High,79.0,EAP,21.77,39.2
China,CHN,2015,7.061,6.296,25166.627,0.111,27.845,-0.02,1396134171.0,18301224436466.0,25166.627,3587.629,5.14,84.0,Asia,Northern Hemisphere,High,79.0,EAP,21.29,38.6
China,CHN,2016,6.943,6.176,25125.633,0.116,27.543,-0.103,1404052628.0,19545709173693.0,25125.633,3891.976,5.245,83.0,Asia,Northern Hemisphere,High,79.0,EAP,21.73,38.5
China,CHN,2017,7.08,6.342,25949.135,0.12,27.797,-0.131,1412354730.0,20894362082435.0,25949.135,4243.345,5.273,79.0,Asia,Northern Hemisphere,High,79.0,EAP,21.51,39.1
China,CHN,2018,7.292,6.655,27068.061,0.125,28.167,-0.125,1419008954.0,22294284747546.0,27068.061,4659.087,5.246,86.0,Asia,Northern Hemisphere,High,79.0,EAP,21.34,38.5
China,CHN,2019,7.526,6.861,28231.928,0.129,28.888,-0.163,1423520357.0,23631941251482.0,28231.928,5096.059,5.191,93.0,Asia,Northern Hemisphere,High,79.0,EAP,21.96,38.2
China,CHN,2020,7.641,6.871,29095.936,0.134,30.993,-0.185,1426106093.0,24151843898871.0,29095.936,5511.566,5.124,94.0,Asia,Northern Hemisphere,High,79.0,EAP,21.96,37.1
China,CHN,2021,7.911,7.072,30738.947,0.139,30.609,-0.202,1426437269.0,26180600167672.0,30738.947,6170.007,5.339,84.0,Asia,Northern Hemisphere,High,79.0,EAP,21.96,35.7
Cote d'Ivoire,CIV,2013,0.404,0.49,1887.155,0.003,0.027,8.645,23939775.0,69113673482.0,1887.155,,,,Africa,Northern Hemisphere,Medium,159.0,SSA,3.27,
Cote d'Ivoire,CIV,2014,0.404,0.494,1930.718,0.003,0.028,17.824,24527393.0,75191536255.0,1930.718,,,,Africa,Northern Hemisphere,Medium,159.0,SSA,3.21,
Cote d'Ivoire,CIV,2015,0.378,0.501,1909.726,0.003,0.027,6.692,25246347.0,81840720288.0,1909.726,,3.655,151.0,Africa,Northern Hemisphere,Medium,159.0,SSA,3.57,41.5
Cote d'Ivoire,CIV,2016,0.461,0.567,2114.603,0.003,0.034,11.003,25989404.0,87711151924.0,2114.603,,3.916,139.0,Africa,Northern Hemisphere,Medium,159.0,SSA,4.04,
Cote d'Ivoire,CIV,2017,0.449,0.552,2008.135,0.004,0.033,17.027,26733376.0,93099253173.0,2008.135,,4.18,128.0,Africa,Northern Hemisphere,Medium,159.0,SSA,3.8,
Cote d'Ivoire,CIV,2018,0.379,0.525,1962.942,0.004,0.028,8.718,27464175.0,96591406762.0,1962.942,,4.671,107.0,Africa,Northern Hemisphere,Medium,159.0,SSA,3.34,37.2
Cote d'Ivoire,CIV,2019,0.374,0.511,2037.24,0.004,0.028,8.668,28193014.0,104618149506.0,2037.24,,4.944,99.0,Africa,Northern Hemisphere,Medium,159.0,SSA,3.26,
Cote d'Ivoire,CIV,2020,0.381,0.497,1926.697,0.004,0.031,10.263,28915452.0,106396657387.0,1926.697,,5.233,85.0,Africa,Northern Hemisphere,Medium,159.0,SSA,3.26,
Cote d'Ivoire,CIV,2021,0.461,0.582,2234.778,0.004,0.037,5.158,29639737.0,113844428305.0,2234.778,,5.306,85.0,Africa,Northern Hemisphere,Medium,159.0,SSA,3.26,35.3
Cameroon,CMR,2013,0.367,0.454,1261.96,0.002,0.022,1.687,21402379.0,59069016946.0,1261.96,,4.42,122.0,Africa,Northern Hemisphere,Medium,151.0,SSA,1.73,
Cameroon,CMR,2014,0.398,0.469,1619.597,0.002,0.025,1.205,22059894.0,62482615428.0,1619.597,,,,Africa,Northern Hemisphere,Medium,151.0,SSA,1.82,46.6
Cameroon,CMR,2015,0.433,0.486,1584.326,0.002,0.028,1.434,22763418.0,65981645134.0,1584.326,,4.252,133.0,Africa,Northern Hemisphere,Medium,151.0,SSA,1.91,
Cameroon,CMR,2016,0.425,0.468,1495.517,0.002,0.028,1.312,23454165.0,68936963106.0,1495.517,,4.513,114.0,Africa,Northern Hemisphere,Medium,151.0,SSA,1.79,
Cameroon,CMR,2017,0.397,0.431,1432.621,0.002,0.027,1.57,24128609.0,71378025048.0,1432.621,,4.695,107.0,Africa,Northern Hemisphere,Medium,151.0,SSA,1.73,
Cameroon,CMR,2018,0.397,0.39,1512.495,0.002,0.027,1.148,24806377.0,74248839020.0,1512.495,,4.975,99.0,Africa,Northern Hemisphere,Medium,151.0,SSA,2.06,
Cameroon,CMR,2019,0.377,0.365,1426.042,0.002,0.026,1.007,25506095.0,76789634582.0,1426.042,,5.044,96.0,Africa,Northern Hemisphere,Medium,151.0,SSA,2.13,
Cameroon,CMR,2020,0.371,0.379,1442.474,0.002,0.028,1.055,26210566.0,77203536828.0,1442.474,,5.085,98.0,Africa,Northern Hemisphere,Medium,151.0,SSA,2.13,
Cameroon,CMR,2021,0.362,0.379,1339.79,0.002,0.026,0.915,26915765.0,80020685294.0,1339.79,,5.142,91.0,Africa,Northern Hemisphere,Medium,151.0,SSA,2.13,42.2
Democratic Republic of Congo,COD,2013,0.052,,334.18,0.008,0.011,13.432,75789397.0,60956372609.0,334.18,,4.578,117.0,Africa,Northern Hemisphere,Low,179.0,SSA,2.63,
Democratic Republic of Congo,COD,2014,0.065,,410.672,0.008,0.014,10.78,78403248.0,65407411596.0,410.672,,,,Africa,Northern Hemisphere,Low,179.0,SSA,2.66,
Democratic Republic of Congo,COD,2015,0.04,,285.715,0.009,0.009,8.205,81035532.0,69567321729.0,285.715,,4.517,120.0,Africa,Northern Hemisphere,Low,179.0,SSA,2.82,
Democratic Republic of Congo,COD,2016,0.032,,236.785,0.009,0.008,8.456,83956416.0,69841412960.0,236.785,,4.272,125.0,Africa,Northern Hemisphere,Low,179.0,SSA,2.77,
Democratic Republic of Congo,COD,2017,0.034,,243.267,0.009,0.008,8.324,87083400.0,72396212035.0,243.267,,4.28,126.0,Africa,Northern Hemisphere,Low,179.0,SSA,2.4,
Democratic Republic of Congo,COD,2018,0.042,,289.71,0.009,0.01,6.525,90047647.0,75889338637.0,289.71,,4.245,132.0,Africa,Northern Hemisphere,Low,179.0,SSA,2.68,
Democratic Republic of Congo,COD,2019,0.044,,307.072,0.01,0.011,5.449,92947450.0,79292965259.0,307.072,,4.418,127.0,Africa,Northern Hemisphere,Low,179.0,SSA,2.75,
Democratic Republic of Congo,COD,2020,0.045,,303.349,0.01,0.012,5.686,95990000.0,80617953765.0,303.349,,4.311,131.0,Africa,Northern Hemisphere,Low,179.0,SSA,2.75,44.7
Democratic Republic of Congo,COD,2021,0.043,,311.07,0.01,0.012,7.425,99148930.0,85639643645.0,311.07,,,,Africa,Northern Hemisphere,Low,179.0,SSA,2.75,
Congo,COG,2013,1.213,,5992.234,0.001,0.017,5.271,4857104.0,28654592534.0,5992.234,,,,Africa,Southern Hemisphere,Medium,153.0,SSA,3.7,
Congo,COG,2013,1.213,,5992.234,0.001,0.017,5.271,4857104.0,28654592534.0,5992.234,,4.297,129.0,Africa,Southern Hemisphere,Medium,153.0,SSA,3.7,
Congo,COG,2014,1.1,,5556.356,0.001,0.015,3.103,4975887.0,30579326354.0,5556.356,,,,Africa,Southern Hemisphere,Medium,153.0,SSA,3.45,
Congo,COG,2015,1.106,,5433.539,0.001,0.016,4.612,5097583.0,29493455123.0,5433.539,,,,Africa,Southern Hemisphere,Medium,153.0,SSA,3.61,
Congo,COG,2015,1.106,,5433.539,0.001,0.016,4.612,5097583.0,29493455123.0,5433.539,,3.989,139.0,Africa,Southern Hemisphere,Medium,153.0,SSA,3.61,
Congo,COG,2016,1.097,,5047.901,0.001,0.016,3.584,5222545.0,26313174327.0,5047.901,,,,Africa,Southern Hemisphere,Medium,153.0,SSA,3.36,
Congo,COG,2016,1.097,,5047.901,0.001,0.016,3.584,5222545.0,26313174327.0,5047.901,,4.236,127.0,Africa,Southern Hemisphere,Medium,153.0,SSA,3.36,
Congo,COG,2017,1.056,,3577.699,0.001,0.016,4.108,5351013.0,25159867387.0,3577.699,,,,Africa,Southern Hemisphere,Medium,153.0,SSA,3.16,
Congo,COG,2017,1.056,,3577.699,0.001,0.016,4.108,5351013.0,25159867387.0,3577.699,,4.291,124.0,Africa,Southern Hemisphere,Medium,153.0,SSA,3.16,
Congo,COG,2018,1.194,,3243.997,0.001,0.018,2.798,5483128.0,23950933949.0,3243.997,,,,Africa,Southern Hemisphere,Medium,153.0,SSA,2.21,
Congo,COG,2018,1.194,,3243.997,0.001,0.018,2.798,5483128.0,23950933949.0,3243.997,,4.559,114.0,Africa,Southern Hemisphere,Medium,153.0,SSA,2.21,
Congo,COG,2019,1.299,,2574.936,0.001,0.02,2.242,5616656.0,24196673159.0,2574.936,,,,Africa,Southern Hemisphere,Medium,153.0,SSA,1.88,
Congo,COG,2019,1.299,,2574.936,0.001,0.02,2.242,5616656.0,24196673159.0,2574.936,,4.812,103.0,Africa,Southern Hemisphere,Medium,153.0,SSA,1.88,
Congo,COG,2020,1.335,,2075.075,0.001,0.022,3.505,5752792.0,22696964187.0,2075.075,,,,Africa,Southern Hemisphere,Medium,153.0,SSA,1.88,
Congo,COG,2020,1.335,,2075.075,0.001,0.022,3.505,5752792.0,22696964187.0,2075.075,,5.194,88.0,Africa,Southern Hemisphere,Medium,153.0,SSA,1.88,
Congo,COG,2021,1.255,,2078.873,0.001,0.02,3.018,5892187.0,23037421913.0,2078.873,,,,Africa,Southern Hemisphere,Medium,153.0,SSA,1.88,
Congo,COG,2021,1.255,,2078.873,0.001,0.02,3.018,5892187.0,23037421913.0,2078.873,,5.342,83.0,Africa,Southern Hemisphere,Medium,153.0,SSA,1.88,
Cook Islands,COK,2013,4.572,,24076.594,0.0,0.0,0.0,17629.0,,24076.594,,,,,,,,,,
Cook Islands,COK,2014,4.591,,25530.701,0.0,0.0,0.0,17556.0,,25530.701,,,,,,,,,,
Cook Islands,COK,2015,4.404,,23831.498,0.0,0.0,0.0,17471.0,,23831.498,,,,,,,,,,
Cook Islands,COK,2016,4.432,,24900.26,0.0,0.0,0.0,17360.0,,24900.26,,,,,,,,,,
Cook Islands,COK,2017,4.509,,27071.768,0.0,0.0,0.0,17066.0,,27071.768,,,,,,,,,,
Cook Islands,COK,2018,4.629,,28354.258,0.0,0.0,0.0,16623.0,,28354.258,,,,,,,,,,
Cook Islands,COK,2019,4.991,,29256.52,0.0,0.0,0.0,16151.0,,29256.52,,,,,,,,,,
Cook Islands,COK,2020,4.21,,21013.738,0.0,0.0,0.0,15664.0,,21013.738,,,,,,,,,,
Cook Islands,COK,2021,4.819,,22827.029,0.0,0.0,0.0,15205.0,,22827.029,,,,,,,,,,
Colombia,COL,2013,1.873,2.262,10509.707,0.01,0.245,2.9,46151583.0,569534665242.0,10509.707,125.422,6.416,35.0,America,Northern Hemisphere,High,88.0,LAC,9.84,53.5
Colombia,COL,2014,1.977,2.43,10964.914,0.01,0.26,2.028,46565426.0,595158021031.0,10964.914,127.322,,,America,Northern Hemisphere,High,88.0,LAC,10.2,53.6
Colombia,COL,2015,1.938,2.303,10738.822,0.01,0.257,1.713,46969938.0,612750891790.0,10738.822,126.972,6.477,33.0,America,Northern Hemisphere,High,88.0,LAC,9.69,52.0
Colombia,COL,2016,1.931,2.271,11569.512,0.01,0.259,0.971,47437513.0,625545111723.0,11569.512,131.799,6.481,31.0,America,Northern Hemisphere,High,88.0,LAC,9.37,51.7
Colombia,COL,2017,1.734,2.06,11535.692,0.01,0.232,3.038,48131076.0,634046295892.0,11535.692,157.133,6.357,36.0,America,Northern Hemisphere,High,88.0,LAC,9.0,50.9
Colombia,COL,2018,1.852,2.169,11652.967,0.01,0.247,2.331,49024463.0,650303209362.0,11652.967,156.891,6.26,37.0,America,Northern Hemisphere,High,88.0,LAC,8.81,51.6
Colombia,COL,2019,1.983,2.253,11495.876,0.011,0.267,1.308,49907987.0,671028388046.0,11495.876,151.111,6.125,43.0,America,Northern Hemisphere,High,88.0,LAC,9.09,52.5
Colombia,COL,2020,1.823,2.084,10227.39,0.011,0.263,0.632,50629997.0,622365414246.0,10227.39,138.213,6.163,44.0,America,Northern Hemisphere,High,88.0,LAC,9.09,54.4
Colombia,COL,2021,2.027,2.285,11053.629,0.011,0.281,0.228,51188174.0,690925195330.0,11053.629,165.042,6.012,52.0,America,Northern Hemisphere,High,88.0,LAC,9.09,55.1
Comoros,COM,2013,0.263,,1122.823,0.0,0.001,0.059,696203.0,1217488000.0,1122.823,,3.851,149.0,Africa,Southern Hemisphere,Medium,156.0,SSA,,
Comoros,COM,2014,0.232,,980.851,0.0,0.0,0.04,711512.0,1263249000.0,980.851,,,,Africa,Southern Hemisphere,Medium,156.0,SSA,,45.3
Comoros,COM,2015,0.247,,1036.657,0.0,0.001,0.023,726685.0,1324576000.0,1036.657,,3.956,140.0,Africa,Southern Hemisphere,Medium,156.0,SSA,,
Comoros,COM,2016,0.277,,1191.659,0.0,0.001,0.015,741745.0,1356063486.0,1191.659,,3.956,138.0,Africa,Southern Hemisphere,Medium,156.0,SSA,,
Comoros,COM,2017,0.349,,1501.447,0.0,0.001,0.053,756672.0,1426021134.0,1501.447,,,,Africa,Southern Hemisphere,Medium,156.0,SSA,,
Comoros,COM,2018,0.37,,1068.264,0.0,0.001,0.053,771597.0,1479483924.0,1068.264,,,,Africa,Southern Hemisphere,Medium,156.0,SSA,,
Comoros,COM,2019,0.396,,1154.261,0.0,0.001,0.036,786582.0,1533170985.0,1154.261,,3.973,142.0,Africa,Southern Hemisphere,Medium,156.0,SSA,,
Comoros,COM,2020,0.461,,1334.557,0.0,0.001,0.024,802172.0,1594579416.0,1334.557,,4.289,134.0,Africa,Southern Hemisphere,Medium,156.0,SSA,,34.2
Comoros,COM,2021,0.609,,1966.552,0.0,0.001,0.017,818178.0,1639163875.0,1966.552,,4.289,131.0,Africa,Southern Hemisphere,Medium,156.0,SSA,,
Cape Verde,CPV,2013,0.966,,6704.588,0.0,0.001,0.099,512231.0,3310254000.0,6704.588,,,,Africa,Northern Hemisphere,Medium,128.0,SSA,,
Cape Verde,CPV,2014,0.958,,7229.522,0.0,0.001,0.068,512334.0,3375218000.0,7229.522,,,,Africa,Northern Hemisphere,Medium,128.0,SSA,,
Cape Verde,CPV,2015,0.965,,7164.889,0.0,0.001,0.034,512405.0,3421236000.0,7164.889,,,,Africa,Northern Hemisphere,Medium,128.0,SSA,,42.4
Cape Verde,CPV,2016,1.037,,7504.737,0.0,0.002,0.086,512556.0,3573126874.0,7504.737,,,,Africa,Northern Hemisphere,Medium,128.0,SSA,,
Cape Verde,CPV,2017,1.114,,8000.856,0.0,0.002,0.065,512899.0,3751791578.0,8000.856,,,,Africa,Northern Hemisphere,Medium,128.0,SSA,,
Cape Verde,CPV,2018,1.113,,6599.902,0.0,0.002,0.024,513418.0,3892648372.0,6599.902,,,,Africa,Northern Hemisphere,Medium,128.0,SSA,,
Cape Verde,CPV,2019,1.226,,7017.119,0.0,0.002,0.007,514116.0,4189894317.0,7017.119,,,,Africa,Northern Hemisphere,Medium,128.0,SSA,,
Cape Verde,CPV,2020,1.011,,5224.511,0.0,0.001,0.001,514683.0,3381126423.0,5224.511,,,,Africa,Northern Hemisphere,Medium,128.0,SSA,,
Cape Verde,CPV,2021,1.142,,5425.338,0.0,0.002,-0.003,516655.0,3611420923.0,5425.338,,,,Africa,Northern Hemisphere,Medium,128.0,SSA,,
Costa Rica,CRI,2013,1.608,2.812,8453.235,0.001,0.021,0.781,4716153.0,60973369897.0,8453.235,,7.257,12.0,America,Northern Hemisphere,Very High,58.0,LAC,17.04,49.2
Costa Rica,CRI,2014,1.616,2.783,8564.41,0.001,0.022,0.445,4767126.0,63133053443.0,8564.41,,,,America,Northern Hemisphere,Very High,58.0,LAC,16.48,48.6
Costa Rica,CRI,2015,1.526,2.736,8542.498,0.001,0.021,0.991,4818045.0,65438671759.0,8542.498,,7.226,12.0,America,Northern Hemisphere,Very High,58.0,LAC,15.66,48.4
Costa Rica,CRI,2016,1.609,2.863,8940.282,0.001,0.022,0.524,4867003.0,68189707920.0,8940.282,,7.087,14.0,America,Northern Hemisphere,Very High,58.0,LAC,16.95,48.7
Costa Rica,CRI,2017,1.626,2.917,9141.534,0.001,0.022,0.553,4913177.0,71025038908.0,9141.534,,7.079,12.0,America,Northern Hemisphere,Very High,58.0,LAC,16.98,48.3
Costa Rica,CRI,2018,1.607,2.969,9304.228,0.001,0.022,0.192,4957813.0,72883048113.0,9304.228,,7.072,13.0,America,Northern Hemisphere,Very High,58.0,LAC,14.02,48.0
Costa Rica,CRI,2019,1.532,2.871,9256.251,0.001,0.021,0.192,4999549.0,74645366733.0,9256.251,,7.167,12.0,America,Northern Hemisphere,Very High,58.0,LAC,14.43,48.2
Costa Rica,CRI,2020,1.342,2.445,8050.522,0.001,0.019,0.146,5034323.0,71455765338.0,8050.522,,7.121,15.0,America,Northern Hemisphere,Very High,58.0,LAC,14.43,49.2
Costa Rica,CRI,2021,1.515,2.769,8936.604,0.001,0.021,-0.197,5059991.0,77015741091.0,8936.604,,7.069,16.0,America,Northern Hemisphere,Very High,58.0,LAC,14.43,48.7
Cuba,CUB,2013,2.469,,11051.086,0.002,0.079,-0.964,11298163.0,83013750000.0,11051.086,,,,America,Northern Hemisphere,High,83.0,LAC,7.87,
Cuba,CUB,2014,2.425,,11269.271,0.002,0.077,-0.857,11285780.0,85723464000.0,11269.271,,,,America,Northern Hemisphere,High,83.0,LAC,7.79,
Cuba,CUB,2015,2.58,,11314.926,0.002,0.082,-1.006,11275069.0,88467246000.0,11314.926,,,,America,Northern Hemisphere,High,83.0,LAC,8.93,
Cuba,CUB,2016,2.465,,8825.617,0.002,0.078,0.571,11265615.0,88635596816.0,8825.617,,,,America,Northern Hemisphere,High,83.0,LAC,8.75,
Cuba,CUB,2017,2.183,,9404.827,0.002,0.068,-0.136,11247824.0,90020495157.0,9404.827,,,,America,Northern Hemisphere,High,83.0,LAC,8.68,
Cuba,CUB,2018,2.05,,9396.204,0.002,0.063,0.719,11227116.0,91854653880.0,9396.204,,,,America,Northern Hemisphere,High,83.0,LAC,8.8,
Cuba,CUB,2019,2.007,,8404.184,0.002,0.061,-0.044,11202847.0,91703236400.0,8404.184,,,,America,Northern Hemisphere,High,83.0,LAC,9.19,
Cuba,CUB,2020,1.904,,7528.675,0.002,0.061,-0.283,11176349.0,81663255167.0,7528.675,,,,America,Northern Hemisphere,High,83.0,LAC,9.19,
Cuba,CUB,2021,2.027,,6848.439,0.002,0.061,-0.383,11122169.0,82687389665.0,6848.439,,,,America,Northern Hemisphere,High,83.0,LAC,9.19,
Curacao,CUW,2013,36.366,,,0.0,0.017,,163122.0,,,,,,,,,,,,
Curacao,CUW,2014,41.182,,,0.0,0.019,,165041.0,,,,,,,,,,,,
Curacao,CUW,2015,44.002,,,0.0,0.021,,166621.0,,,,,,,,,,,,
Curacao,CUW,2016,36.97,,,0.0,0.018,,167787.0,,,,,,,,,,,,
Curacao,CUW,2017,29.482,,,0.0,0.014,,168525.0,,,,,,,,,,,,
Curacao,CUW,2018,23.809,,,0.0,0.012,,181590.0,,,,,,,,,,,,
Curacao,CUW,2019,12.641,,,0.0,0.006,,189555.0,,,,,,,,,,,,
Curacao,CUW,2020,10.852,,,0.0,0.006,,185029.0,,,,,,,,,,,,
Curacao,CUW,2021,11.546,,,0.0,0.006,,185324.0,,,,,,,,,,,,
Christmas Island,CXR,2013,,,,0.0,0.0,,,,,,,,,,,,,,
Christmas Island,CXR,2014,,,,0.0,0.0,,,,,,,,,,,,,,
Christmas Island,CXR,2015,,,,0.0,0.0,,,,,,,,,,,,,,
Christmas Island,CXR,2016,,,,0.0,0.0,,,,,,,,,,,,,,
Christmas Island,CXR,2017,,,,0.0,0.0,,,,,,,,,,,,,,
Christmas Island,CXR,2018,,,,0.0,0.0,,,,,,,,,,,,,,
Christmas Island,CXR,2019,,,,0.0,0.0,,,,,,,,,,,,,,
Christmas Island,CXR,2020,,,,0.0,0.0,,,,,,,,,,,,,,
Christmas Island,CXR,2021,,,,0.0,0.0,,,,,,,,,,,,,,
Cyprus,CYP,2013,5.556,6.44,23885.867,0.0,0.019,-1.604,1183899.0,24918237857.0,23885.867,1.039,6.466,34.0,Asia,Northern Hemisphere,Very High,29.0,,31.5,37.0
Cyprus,CYP,2014,5.766,7.003,23543.232,0.0,0.02,0.53,1201806.0,24475580582.0,23543.232,0.952,,,Asia,Northern Hemisphere,Very High,29.0,,32.15,35.6
Cyprus,CYP,2015,5.701,6.655,23931.43,0.0,0.02,-1.09,1219504.0,25312505108.0,23931.43,1.155,5.689,67.0,Asia,Northern Hemisphere,Very High,29.0,,32.32,34.0
Cyprus,CYP,2016,5.941,7.166,25654.014,0.0,0.021,0.085,1237114.0,26976335005.0,25654.014,1.202,5.546,69.0,Asia,Northern Hemisphere,Very High,29.0,,37.77,32.9
Cyprus,CYP,2017,5.955,7.667,25987.689,0.0,0.021,0.493,1254274.0,28523085691.0,25987.689,1.22,5.621,65.0,Asia,Northern Hemisphere,Very High,29.0,,39.0,31.4
Cyprus,CYP,2018,5.764,7.428,25545.797,0.0,0.02,-0.621,1270743.0,30134014224.0,25545.797,1.29,5.762,61.0,Asia,Northern Hemisphere,Very High,29.0,,33.71,32.7
Cyprus,CYP,2019,5.693,7.193,25253.969,0.0,0.02,-0.624,1286669.0,31800247242.0,25253.969,1.437,6.046,49.0,Asia,Northern Hemisphere,Very High,29.0,,36.58,31.2
Cyprus,CYP,2020,5.301,6.301,21717.27,0.0,0.02,-0.419,1302250.0,30409793367.0,21717.27,1.801,6.159,45.0,Asia,Northern Hemisphere,Very High,29.0,,36.58,31.7
Cyprus,CYP,2021,5.276,6.534,22653.711,0.0,0.019,-0.619,1317311.0,32428676744.0,22653.711,2.196,6.223,39.0,Asia,Northern Hemisphere,Very High,29.0,,36.58,31.3
Czechia,CZE,2013,10.152,10.478,46638.129,0.005,0.303,-0.718,10511164.0,276764861619.0,46638.129,29.329,6.29,39.0,Europe,Northern Hemisphere,Very High,32.0,,20.51,26.5
Czechia,CZE,2014,9.911,10.008,45633.422,0.005,0.294,-0.582,10517223.0,283025537919.0,45633.422,29.737,,,Europe,Northern Hemisphere,Very High,32.0,,21.13,25.9
Czechia,CZE,2015,9.976,10.216,44726.094,0.005,0.297,-0.445,10524418.0,298276052489.0,44726.094,30.153,6.505,31.0,Europe,Northern Hemisphere,Very High,32.0,,21.43,25.9
Czechia,CZE,2016,10.125,10.247,44091.977,0.005,0.301,-0.328,10531946.0,305844147713.0,44091.977,30.033,6.596,27.0,Europe,Northern Hemisphere,Very High,32.0,,21.4,25.4
Czechia,CZE,2017,10.22,10.572,46538.844,0.005,0.299,-0.485,10541343.0,321652381589.0,46538.844,30.803,6.609,23.0,Europe,Northern Hemisphere,Very High,32.0,,22.09,24.9
Czechia,CZE,2018,10.079,10.931,46357.695,0.005,0.289,-0.537,10548934.0,332009886797.0,46357.695,30.056,6.711,21.0,Europe,Northern Hemisphere,Very High,32.0,,21.41,25.0
Czechia,CZE,2019,9.569,10.508,45278.137,0.005,0.272,-0.539,10554872.0,342069373423.0,45278.137,32.041,6.852,20.0,Europe,Northern Hemisphere,Very High,32.0,,21.3,25.3
Czechia,CZE,2020,8.688,9.648,41949.023,0.005,0.261,-0.533,10550129.0,323245433506.0,41949.023,33.161,6.911,19.0,Europe,Northern Hemisphere,Very High,32.0,,21.3,26.2
Czechia,CZE,2021,9.176,10.519,44290.191,0.005,0.262,-0.54,10530683.0,334729441747.0,44290.191,33.74,6.965,18.0,Europe,Northern Hemisphere,Very High,32.0,,21.3,26.2
Germany,DEU,2013,10.263,11.47,47734.965,0.04,2.358,-0.049,81041581.0,3497463140441.0,47734.965,445.798,6.672,26.0,Europe,Northern Hemisphere,Very High,9.0,,20.36,31.4
Germany,DEU,2014,9.74,11.155,45596.504,0.04,2.235,-0.02,81376078.0,3574741315261.0,45596.504,472.924,,,Europe,Northern Hemisphere,Very High,9.0,,20.7,30.8
Germany,DEU,2015,9.757,10.959,46064.484,0.04,2.262,-0.036,82077546.0,3628073946157.0,46064.484,537.013,6.75,26.0,Europe,Northern Hemisphere,Very High,9.0,,20.06,31.4
Germany,DEU,2016,9.642,10.998,46416.703,0.041,2.255,-0.005,82760102.0,3708979940863.0,46416.703,537.348,6.994,16.0,Europe,Northern Hemisphere,Very High,9.0,,20.5,31.3
Germany,DEU,2017,9.441,10.851,47525.457,0.041,2.181,-0.019,83104010.0,3808389445530.0,47525.457,602.521,6.951,16.0,Europe,Northern Hemisphere,Very High,9.0,,21.29,31.3
Germany,DEU,2018,9.101,10.701,46125.492,0.041,2.066,-0.065,83368507.0,3845758522294.0,46125.492,619.775,6.965,15.0,Europe,Northern Hemisphere,Very High,9.0,,20.23,31.9
Germany,DEU,2019,8.481,10.129,44922.695,0.042,1.911,-0.072,83559184.0,3886392581475.0,44922.695,661.812,6.985,17.0,Europe,Northern Hemisphere,Very High,9.0,,19.4,32.2
Germany,DEU,2020,7.739,9.299,41838.684,0.042,1.841,-0.058,83628711.0,3742721113842.0,41838.684,692.78,7.076,17.0,Europe,Northern Hemisphere,Very High,9.0,,19.4,32.5
Germany,DEU,2021,8.101,9.965,42994.242,0.042,1.839,-0.044,83697080.0,3841041747482.0,42994.242,644.416,7.155,13.0,Europe,Northern Hemisphere,Very High,9.0,,19.4,33.6
Djibouti,DJI,2013,0.387,,3784.87,0.0,0.001,0.096,984833.0,2157408000.0,3784.87,,4.69,114.0,Africa,Northern Hemisphere,Low,171.0,AS,20.19,44.1
Djibouti,DJI,2014,0.416,,4126.212,0.0,0.001,0.092,1002720.0,2286630000.0,4126.212,,,,Africa,Northern Hemisphere,Low,171.0,AS,20.05,
Djibouti,DJI,2015,0.495,,3576.172,0.0,0.001,0.09,1020316.0,2435148000.0,3576.172,,4.369,126.0,Africa,Northern Hemisphere,Low,171.0,AS,19.81,
Djibouti,DJI,2016,0.412,,3361.599,0.0,0.001,0.087,1037660.0,2612607480.0,3361.599,,,,Africa,Northern Hemisphere,Low,171.0,AS,13.53,
Djibouti,DJI,2017,0.392,,2993.303,0.0,0.001,0.084,1054844.0,2767106002.0,2993.303,,,,Africa,Northern Hemisphere,Low,171.0,AS,14.28,41.6
Djibouti,DJI,2018,0.44,,2898.561,0.0,0.001,0.084,1071886.0,2924431711.0,2898.561,,,,Africa,Northern Hemisphere,Low,171.0,AS,15.26,
Djibouti,DJI,2019,0.496,,3235.807,0.0,0.001,0.101,1088710.0,3086593147.0,3235.807,,,,Africa,Northern Hemisphere,Low,171.0,AS,15.86,
Djibouti,DJI,2020,0.419,,2837.718,0.0,0.001,0.09,1105193.0,3123694253.0,2837.718,,,,Africa,Northern Hemisphere,Low,171.0,AS,15.86,
Djibouti,DJI,2021,0.497,,2955.828,0.0,0.002,0.085,1121251.0,3274020536.0,2955.828,,,,Africa,Northern Hemisphere,Low,171.0,AS,15.86,
Dominica,DMA,2013,2.259,,9915.615,0.0,0.0,-2.125,69733.0,667585000.0,9915.615,,,,America,Northern Hemisphere,High,102.0,LAC,,
Dominica,DMA,2014,2.395,,10325.731,0.0,0.0,-2.071,70387.0,694011000.0,10325.731,,,,America,Northern Hemisphere,High,102.0,LAC,,
Dominica,DMA,2015,2.497,,10921.842,0.0,0.0,-2.003,70429.0,689606000.0,10921.842,,,,America,Northern Hemisphere,High,102.0,LAC,,
Dominica,DMA,2016,2.473,,11295.757,0.0,0.0,-1.93,69627.0,707976572.0,11295.757,,,,America,Northern Hemisphere,High,102.0,LAC,,
Dominica,DMA,2017,2.246,,10885.662,0.0,0.0,-1.819,68514.0,656048862.0,10885.662,,,,America,Northern Hemisphere,High,102.0,LAC,,
Dominica,DMA,2018,2.418,,10637.567,0.0,0.0,-1.793,68195.0,677586340.0,10637.567,,,,America,Northern Hemisphere,High,102.0,LAC,,
Dominica,DMA,2019,2.536,,11136.957,0.0,0.0,-1.717,67901.0,714870398.0,11136.957,,,,America,Northern Hemisphere,High,102.0,LAC,,
Dominica,DMA,2020,2.331,,10187.698,0.0,0.0,-1.611,67588.0,600082697.0,10187.698,,,,America,Northern Hemisphere,High,102.0,LAC,,
Dominica,DMA,2021,2.398,,10379.506,0.0,0.0,-1.522,67222.0,637252112.0,10379.506,,,,America,Northern Hemisphere,High,102.0,LAC,,
Denmark,DNK,2013,7.437,10.098,37700.766,0.002,0.118,0.869,5615333.0,245578374484.0,37700.766,45.78,7.693,1.0,Europe,Northern Hemisphere,Very High,6.0,,26.63,28.5
Denmark,DNK,2014,6.657,9.826,36068.551,0.002,0.106,0.3,5643795.0,249555233739.0,36068.551,50.869,,,Europe,Northern Hemisphere,Very High,6.0,,25.85,28.4
Denmark,DNK,2015,6.177,9.355,35007.945,0.002,0.099,0.356,5683698.0,255401297489.0,35007.945,53.053,7.527,3.0,Europe,Northern Hemisphere,Very High,6.0,,24.7,28.2
Denmark,DNK,2016,6.445,9.589,35194.582,0.002,0.104,0.41,5728196.0,263691544304.0,35194.582,51.763,7.526,1.0,Europe,Northern Hemisphere,Very High,6.0,,24.35,28.2
Denmark,DNK,2017,6.013,9.542,35208.766,0.002,0.096,0.544,5765164.0,271132202845.0,35208.766,61.02,7.522,2.0,Europe,Northern Hemisphere,Very High,6.0,,24.86,28.7
Denmark,DNK,2018,5.973,9.817,34539.766,0.002,0.094,0.374,5793824.0,276526484620.0,34539.766,57.987,7.555,3.0,Europe,Northern Hemisphere,Very High,6.0,,25.98,28.2
Denmark,DNK,2019,5.323,9.119,37285.684,0.002,0.083,0.286,5814618.0,280656364923.0,37285.684,64.486,7.6,2.0,Europe,Northern Hemisphere,Very High,6.0,,25.86,27.7
Denmark,DNK,2020,4.853,8.292,32952.969,0.002,0.08,0.264,5831529.0,275058379473.0,32952.969,65.536,7.646,2.0,Europe,Northern Hemisphere,Very High,6.0,,25.86,27.5
Denmark,DNK,2021,5.055,9.154,32756.869,0.002,0.08,0.402,5856774.0,288414406840.0,32756.869,73.192,7.62,2.0,Europe,Northern Hemisphere,Very High,6.0,,25.86,28.3
Dominican Republic,DOM,2013,2.045,4.543,8620.207,0.001,0.059,-0.038,10193838.0,121118130894.0,8620.207,,4.963,95.0,America,Northern Hemisphere,High,80.0,LAC,8.69,47.7
Dominican Republic,DOM,2014,2.061,3.34,8261.616,0.001,0.06,1.867,10315523.0,129656952614.0,8261.616,,,,America,Northern Hemisphere,High,80.0,LAC,8.92,44.3
Dominican Republic,DOM,2015,2.203,3.713,9146.428,0.001,0.065,0.663,10434826.0,138638287562.0,9146.428,,4.885,98.0,America,Northern Hemisphere,High,80.0,LAC,9.13,45.2
Dominican Republic,DOM,2016,2.288,3.169,9531.96,0.001,0.068,0.334,10551430.0,147870212847.0,9531.96,,5.155,89.0,America,Northern Hemisphere,High,80.0,LAC,9.74,45.7
Dominican Republic,DOM,2017,2.199,3.152,9189.017,0.001,0.065,0.228,10666846.0,154771313809.0,9189.017,,5.23,86.0,America,Northern Hemisphere,High,80.0,LAC,8.78,42.2
Dominican Republic,DOM,2018,2.338,3.255,10097.055,0.001,0.069,0.092,10782048.0,165578989651.0,10097.055,,5.302,83.0,America,Northern Hemisphere,High,80.0,LAC,9.45,43.7
Dominican Republic,DOM,2019,2.613,3.43,11349.343,0.001,0.077,0.057,10894043.0,173944046167.0,11349.343,,5.425,77.0,America,Northern Hemisphere,High,80.0,LAC,9.54,41.9
Dominican Republic,DOM,2020,2.383,3.098,9261.561,0.001,0.075,0.031,11008298.0,162255006875.0,9261.561,,5.689,68.0,America,Northern Hemisphere,High,80.0,LAC,9.54,39.6
Dominican Republic,DOM,2021,2.64,3.429,10724.289,0.001,0.08,0.014,11123480.0,182166940060.0,10724.289,,5.545,73.0,America,Northern Hemisphere,High,80.0,LAC,9.54,38.5
Algeria,DZA,2013,3.684,,13978.61,0.002,0.401,0.092,38414176.0,512373332647.0,13978.61,0.326,5.422,73.0,Africa,Northern Hemisphere,High,91.0,AS,9.38,
Algeria,DZA,2014,3.888,,14937.195,0.002,0.43,0.071,39205035.0,531843509827.0,14937.195,0.646,,,Africa,Northern Hemisphere,High,91.0,AS,9.52,
Algeria,DZA,2015,4.006,,15430.422,0.002,0.453,0.061,40019528.0,551521739825.0,15430.422,0.562,5.605,68.0,Africa,Northern Hemisphere,High,91.0,AS,9.57,
Algeria,DZA,2016,3.875,,15103.672,0.002,0.447,0.068,40850719.0,569170418715.0,15103.672,0.844,6.355,38.0,Africa,Northern Hemisphere,High,91.0,AS,9.35,
Algeria,DZA,2017,3.964,,14962.943,0.002,0.459,0.068,41689302.0,577138830559.0,14962.943,1.447,5.872,53.0,Africa,Northern Hemisphere,High,91.0,AS,9.13,
Algeria,DZA,2018,4.104,,15753.894,0.002,0.475,0.115,42505033.0,584064441740.0,15753.894,1.816,5.295,84.0,Africa,Northern Hemisphere,High,91.0,AS,11.5,
Algeria,DZA,2019,4.214,,16037.789,0.002,0.492,0.057,43294551.0,589905104177.0,16037.789,1.923,5.211,88.0,Africa,Northern Hemisphere,High,91.0,AS,11.21,
Algeria,DZA,2020,3.886,,14733.604,0.002,0.487,0.036,44042094.0,559819958223.0,14733.604,1.833,5.005,100.0,Africa,Northern Hemisphere,High,91.0,AS,11.21,
Algeria,DZA,2021,4.067,,15808.98,0.002,0.494,0.077,44761099.0,578853830170.0,15808.98,1.684,4.887,109.0,Africa,Northern Hemisphere,High,91.0,AS,11.21,
Ecuador,ECU,2013,2.511,2.793,11356.213,0.003,0.112,0.689,15807132.0,166075183974.0,11356.213,29.342,5.865,49.0,America,Southern Hemisphere,High,95.0,LAC,10.1,46.9
Ecuador,ECU,2014,2.729,2.961,11759.381,0.003,0.123,4.348,16035127.0,172367775440.0,11759.381,30.702,,,America,Southern Hemisphere,High,95.0,LAC,10.32,45.0
Ecuador,ECU,2015,2.539,2.836,11560.524,0.003,0.117,1.1,16266229.0,172538423301.0,11560.524,34.864,5.975,48.0,America,Southern Hemisphere,High,95.0,LAC,9.0,46.0
Ecuador,ECU,2016,2.386,2.48,11354.271,0.003,0.111,1.056,16505142.0,170423090933.0,11354.271,41.754,5.976,51.0,America,Southern Hemisphere,High,95.0,LAC,7.65,45.0
Ecuador,ECU,2017,2.339,2.612,11641.728,0.003,0.109,0.616,16759515.0,174458721084.0,11641.728,52.167,6.008,44.0,America,Southern Hemisphere,High,95.0,LAC,8.06,44.7
Ecuador,ECU,2018,2.255,2.627,12104.737,0.003,0.105,1.852,17049542.0,176707497535.0,12104.737,53.275,5.973,48.0,America,Southern Hemisphere,High,95.0,LAC,7.86,45.4
Ecuador,ECU,2019,2.312,2.681,12187.595,0.003,0.108,1.511,17340017.0,176728682555.0,12187.595,62.988,6.028,50.0,America,Southern Hemisphere,High,95.0,LAC,7.74,45.7
Ecuador,ECU,2020,1.851,2.143,10421.851,0.003,0.092,0.717,17546058.0,162965075602.0,10421.851,61.972,5.925,58.0,America,Southern Hemisphere,High,95.0,LAC,7.74,47.3
Ecuador,ECU,2021,2.159,2.479,12023.042,0.003,0.104,0.507,17682454.0,169866634253.0,12023.042,64.753,5.764,66.0,America,Southern Hemisphere,High,95.0,LAC,7.74,45.8
Egypt,EGY,2013,2.298,2.354,10209.089,0.002,0.621,0.012,95333551.0,984556585202.0,10209.089,37.95,4.273,130.0,Africa,Northern Hemisphere,High,97.0,AS,6.47,
Egypt,EGY,2014,2.33,2.523,9863.477,0.002,0.641,0.022,97528655.0,1035721838706.0,9863.477,37.544,,,Africa,Northern Hemisphere,High,97.0,AS,6.67,
Egypt,EGY,2015,2.276,2.6,9800.544,0.002,0.64,0.007,99597334.0,1079611566322.0,9800.544,39.544,4.194,135.0,Africa,Northern Hemisphere,High,97.0,AS,6.84,31.8
Egypt,EGY,2016,2.412,2.67,10135.914,0.003,0.693,0.022,101644583.0,1121578599865.0,10135.914,39.768,4.362,120.0,Africa,Northern Hemisphere,High,97.0,AS,7.16,
Egypt,EGY,2017,2.443,2.511,10325.806,0.003,0.704,0.017,103696055.0,1158060486104.0,10325.806,38.75,4.735,104.0,Africa,Northern Hemisphere,High,97.0,AS,7.14,31.5
Egypt,EGY,2018,2.289,2.387,10137.438,0.003,0.659,0.023,105682092.0,1220661740193.0,10137.438,40.955,4.419,122.0,Africa,Northern Hemisphere,High,97.0,AS,7.94,
Egypt,EGY,2019,2.176,2.291,9749.406,0.003,0.631,0.025,107553159.0,1289253465646.0,9749.406,48.489,4.166,137.0,Africa,Northern Hemisphere,High,97.0,AS,8.22,31.9
Egypt,EGY,2020,2.253,2.378,9028.072,0.003,0.701,0.028,109315118.0,1307778142529.0,9028.072,58.677,4.151,138.0,Africa,Northern Hemisphere,High,97.0,AS,8.22,
Egypt,EGY,2021,2.405,2.626,9564.884,0.003,0.724,0.024,110957005.0,1400985648780.0,9564.884,62.466,4.283,132.0,Africa,Northern Hemisphere,High,97.0,AS,8.22,28.5
Eritrea,ERI,2013,0.185,,738.286,0.0,0.002,1.029,3074367.0,,738.286,,,,Africa,Northern Hemisphere,Low,176.0,SSA,4.5,
Eritrea,ERI,2014,0.184,,765.92,0.0,0.002,1.456,3095168.0,,765.92,,,,Africa,Northern Hemisphere,Low,176.0,SSA,4.1,
Eritrea,ERI,2015,0.18,,757.379,0.0,0.002,1.853,3105554.0,,757.379,,,,Africa,Northern Hemisphere,Low,176.0,SSA,4.01,
Eritrea,ERI,2016,0.177,,766.268,0.0,0.002,2.179,3124700.0,,766.268,,,,Africa,Northern Hemisphere,Low,176.0,SSA,4.3,
Eritrea,ERI,2017,0.176,,834.887,0.0,0.002,2.489,3150350.0,,834.887,,,,Africa,Northern Hemisphere,Low,176.0,SSA,4.12,
Eritrea,ERI,2018,0.193,,819.977,0.0,0.002,2.518,3192763.0,,819.977,,,,Africa,Northern Hemisphere,Low,176.0,SSA,3.28,
Eritrea,ERI,2019,0.199,,798.517,0.0,0.002,2.658,3240194.0,,798.517,,,,Africa,Northern Hemisphere,Low,176.0,SSA,3.47,
Eritrea,ERI,2020,0.195,,770.878,0.0,0.002,2.701,3291277.0,,770.878,,,,Africa,Northern Hemisphere,Low,176.0,SSA,3.47,
Eritrea,ERI,2021,0.203,,801.942,0.0,0.002,1.83,3350185.0,,801.942,,,,Africa,Northern Hemisphere,Low,176.0,SSA,3.47,
Spain,ESP,2013,5.38,6.64,33685.816,0.006,0.715,-0.315,46860394.0,1413362053623.0,33685.816,300.382,6.322,38.0,Europe,Northern Hemisphere,Very High,27.0,,15.85,36.2
Spain,ESP,2014,5.429,5.963,33266.539,0.007,0.715,-0.336,46720187.0,1433089409797.0,33266.539,298.185,,,Europe,Northern Hemisphere,Very High,27.0,,15.96,36.1
Spain,ESP,2015,5.789,6.027,33697.949,0.007,0.763,-0.462,46683683.0,1488098863146.0,33697.949,264.0,6.329,36.0,Europe,Northern Hemisphere,Very High,27.0,,15.75,36.2
Spain,ESP,2016,5.554,5.899,33871.598,0.007,0.733,-0.423,46732768.0,1533303930046.0,33871.598,283.168,6.361,37.0,Europe,Northern Hemisphere,Very High,27.0,,15.42,35.8
Spain,ESP,2017,5.835,6.279,34181.582,0.007,0.76,-0.525,46868594.0,1578931492849.0,34181.582,242.857,6.403,34.0,Europe,Northern Hemisphere,Very High,27.0,,14.11,34.7
Spain,ESP,2018,5.702,6.352,34584.289,0.007,0.731,-0.439,47092817.0,1615001473949.0,34584.289,288.54,6.31,36.0,Europe,Northern Hemisphere,Very High,27.0,,13.99,34.7
Spain,ESP,2019,5.285,5.989,33390.262,0.007,0.676,-0.484,47435121.0,1647042667976.0,33390.262,267.171,6.354,30.0,Europe,Northern Hemisphere,Very High,27.0,,13.48,34.3
Spain,ESP,2020,4.441,5.282,29844.283,0.007,0.602,-0.441,47679482.0,1460507935923.0,29844.283,307.592,6.401,28.0,Europe,Northern Hemisphere,Very High,27.0,,13.48,34.9
Spain,ESP,2021,4.793,5.766,32091.293,0.007,0.621,-0.006,47735670.0,1541121952313.0,32091.293,336.409,6.491,27.0,Europe,Northern Hemisphere,Very High,27.0,,13.48,33.9
Estonia,EST,2013,14.898,13.404,58776.996,0.001,0.056,-1.324,1317920.0,30600421813.0,58776.996,3.637,5.426,72.0,Europe,Northern Hemisphere,Very High,31.0,,36.93,35.1
Estonia,EST,2014,14.29,13.585,56419.855,0.001,0.053,-0.454,1314457.0,31521829560.0,56419.855,4.161,,,Europe,Northern Hemisphere,Very High,31.0,,37.56,34.6
Estonia,EST,2015,12.004,13.033,52204.055,0.001,0.045,-0.298,1314580.0,32106015454.0,52204.055,4.558,5.429,73.0,Europe,Northern Hemisphere,Very High,31.0,,39.23,32.7
Estonia,EST,2016,13.248,13.002,53777.426,0.001,0.049,-1.24,1315850.0,33119083785.0,53777.426,4.594,5.517,72.0,Europe,Northern Hemisphere,Very High,31.0,,44.31,31.2
Estonia,EST,2017,14.131,13.014,59573.93,0.001,0.052,-1.045,1317430.0,35037377711.0,59573.93,5.402,5.611,66.0,Europe,Northern Hemisphere,Very High,31.0,,44.54,30.4
Estonia,EST,2018,13.465,14.016,58911.23,0.001,0.048,-0.832,1321972.0,36363239216.0,58911.23,6.058,5.739,63.0,Europe,Northern Hemisphere,Very High,31.0,,36.99,30.3
Estonia,EST,2019,9.261,11.497,47301.492,0.001,0.033,-1.021,1326822.0,37723175050.0,47301.492,6.49,5.893,55.0,Europe,Northern Hemisphere,Very High,31.0,,37.53,30.8
Estonia,EST,2020,6.918,9.726,44171.176,0.001,0.026,-0.741,1329675.0,37515273353.0,44171.176,8.971,6.022,51.0,Europe,Northern Hemisphere,Very High,31.0,,37.53,30.7
Estonia,EST,2021,7.802,10.743,46137.703,0.001,0.028,-0.713,1331750.0,40521483538.0,46137.703,8.743,6.189,40.0,Europe,Northern Hemisphere,Very High,31.0,,37.53,31.8
Ethiopia,ETH,2013,0.099,0.083,466.467,0.003,0.028,0.909,98438752.0,128310309167.0,466.467,,4.561,119.0,Africa,Northern Hemisphere,Low,175.0,SSA,0.42,
Ethiopia,ETH,2014,0.114,0.1,521.377,0.003,0.033,1.251,101115615.0,141950543442.0,521.377,,,,Africa,Northern Hemisphere,Low,175.0,SSA,0.45,
Ethiopia,ETH,2015,0.121,0.108,533.245,0.003,0.035,1.694,103867140.0,157107146471.0,533.245,,4.512,122.0,Africa,Northern Hemisphere,Low,175.0,SSA,0.56,35.0
Ethiopia,ETH,2016,0.134,0.121,597.668,0.003,0.04,1.989,106718163.0,173708917362.0,597.668,,4.508,115.0,Africa,Northern Hemisphere,Low,175.0,SSA,0.6,
Ethiopia,ETH,2017,0.133,0.187,581.11,0.003,0.041,2.15,109666482.0,190761659136.0,581.11,,4.46,119.0,Africa,Northern Hemisphere,Low,175.0,SSA,0.61,
Ethiopia,ETH,2018,0.143,0.182,614.368,0.003,0.044,2.112,112664157.0,206205566995.0,614.368,,4.35,127.0,Africa,Northern Hemisphere,Low,175.0,SSA,0.5,
Ethiopia,ETH,2019,0.148,0.186,688.227,0.003,0.046,2.17,115737384.0,221885291686.0,688.227,,4.286,134.0,Africa,Northern Hemisphere,Low,175.0,SSA,0.47,
Ethiopia,ETH,2020,0.141,0.176,576.793,0.003,0.048,2.157,118917670.0,237860193068.0,576.793,,4.186,136.0,Africa,Northern Hemisphere,Low,175.0,SSA,0.47,
Ethiopia,ETH,2021,0.147,0.186,585.118,0.003,0.049,1.702,122138588.0,251849804145.0,585.118,,4.275,133.0,Africa,Northern Hemisphere,Low,175.0,SSA,0.47,31.1
Finland,FIN,2013,9.509,12.403,62841.867,0.003,0.147,3.772,5439057.0,202349011206.0,62841.867,74.721,7.389,7.0,Europe,Northern Hemisphere,Very High,11.0,,38.22,27.2
Finland,FIN,2014,8.719,11.426,60388.477,0.003,0.134,3.944,5461686.0,201610622550.0,60388.477,78.717,,,Europe,Northern Hemisphere,Very High,11.0,,39.24,26.8
Finland,FIN,2015,8.065,10.303,60020.109,0.003,0.125,4.176,5479719.0,202706706722.0,60020.109,89.101,7.406,6.0,Europe,Northern Hemisphere,Very High,11.0,,36.9,27.1
Finland,FIN,2016,8.598,10.775,60792.52,0.003,0.134,4.319,5495468.0,208405735062.0,60792.52,85.3,7.413,5.0,Europe,Northern Hemisphere,Very High,11.0,,38.35,27.1
Finland,FIN,2017,8.107,10.769,59403.098,0.003,0.124,4.79,5508398.0,215058877437.0,59403.098,90.141,7.469,5.0,Europe,Northern Hemisphere,Very High,11.0,,37.39,27.4
Finland,FIN,2018,8.292,11.144,60525.258,0.003,0.125,5.076,5515730.0,217509947213.0,60525.258,92.022,7.632,1.0,Europe,Northern Hemisphere,Very High,11.0,,37.83,27.3
Finland,FIN,2019,7.687,10.248,59218.777,0.003,0.114,5.115,5521754.0,220173891564.0,59218.777,92.01,7.769,1.0,Europe,Northern Hemisphere,Very High,11.0,,36.73,27.7
Finland,FIN,2020,6.821,9.247,56776.078,0.003,0.107,5.12,5529616.0,214988893865.0,56776.078,100.422,7.809,1.0,Europe,Northern Hemisphere,Very High,11.0,,36.73,27.1
Finland,FIN,2021,6.825,9.889,57854.73,0.003,0.103,5.503,5541069.0,221538476826.0,57854.73,110.278,7.842,1.0,Europe,Northern Hemisphere,Very High,11.0,,36.73,27.7
Fiji,FJI,2013,1.132,,6376.978,0.0,0.003,-0.208,916359.0,,6376.978,,,,Oceania,Southern Hemisphere,High,99.0,EAP,,36.7
Fiji,FJI,2014,1.286,,6948.417,0.0,0.003,-0.598,917589.0,,6948.417,,,,Oceania,Southern Hemisphere,High,99.0,EAP,,
Fiji,FJI,2015,1.592,,7342.964,0.0,0.004,-0.092,918585.0,,7342.964,,,,Oceania,Southern Hemisphere,High,99.0,EAP,,
Fiji,FJI,2016,1.463,,7074.659,0.0,0.004,-0.097,919167.0,,7074.659,,,,Oceania,Southern Hemisphere,High,99.0,EAP,,
Fiji,FJI,2017,1.583,,7706.579,0.0,0.004,-0.526,918762.0,,7706.579,,,,Oceania,Southern Hemisphere,High,99.0,EAP,,
Fiji,FJI,2018,1.614,,7881.906,0.0,0.004,0.027,917185.0,,7881.906,,,,Oceania,Southern Hemisphere,High,99.0,EAP,,
Fiji,FJI,2019,1.65,,7821.997,0.0,0.004,-0.391,914906.0,,7821.997,,,,Oceania,Southern Hemisphere,High,99.0,EAP,,30.7
Fiji,FJI,2020,1.498,,5580.694,0.0,0.004,-0.178,914971.0,,5580.694,,,,Oceania,Southern Hemisphere,High,99.0,EAP,,
Fiji,FJI,2021,1.187,,6232.943,0.0,0.003,0.116,916718.0,,6232.943,,,,Oceania,Southern Hemisphere,High,99.0,EAP,,
France,FRA,2013,5.591,7.507,45428.73,0.016,1.021,-0.216,64387736.0,2414733629218.0,45428.73,284.361,6.764,25.0,Europe,Northern Hemisphere,Very High,28.0,,20.95,32.5
France,FRA,2014,5.067,6.936,43247.398,0.016,0.924,-0.208,64692495.0,2437822780219.0,43247.398,272.726,,,Europe,Northern Hemisphere,Very High,28.0,,20.75,32.3
France,FRA,2015,5.116,6.696,43493.316,0.016,0.938,-0.096,64916337.0,2464953810985.0,43493.316,266.623,6.575,29.0,Europe,Northern Hemisphere,Very High,28.0,,20.15,32.7
France,FRA,2016,5.155,6.99,42506.238,0.016,0.948,-0.171,65086853.0,2491956183265.0,42506.238,282.738,6.478,32.0,Europe,Northern Hemisphere,Very High,28.0,,19.79,31.9
France,FRA,2017,5.183,6.939,42218.559,0.016,0.941,0.287,65284775.0,2549057506683.0,42218.559,266.731,6.442,31.0,Europe,Northern Hemisphere,Very High,28.0,,19.7,31.6
France,FRA,2018,4.931,6.961,42589.262,0.016,0.88,-0.207,65519537.0,2596599107835.0,42589.262,316.88,6.489,23.0,Europe,Northern Hemisphere,Very High,28.0,,17.61,32.4
France,FRA,2019,4.812,6.734,41554.387,0.016,0.853,0.172,65729460.0,2644453795826.0,41554.387,316.482,6.592,24.0,Europe,Northern Hemisphere,Very High,28.0,,17.1,31.2
France,FRA,2020,4.272,6.054,37087.555,0.017,0.801,-0.031,65905273.0,2438594133224.0,37087.555,336.373,6.664,23.0,Europe,Northern Hemisphere,Very High,28.0,,17.1,30.7
France,FRA,2021,4.65,6.661,39307.219,0.017,0.833,-0.129,66083547.0,2604822841790.0,39307.219,330.825,6.69,21.0,Europe,Northern Hemisphere,Very High,28.0,,17.1,31.5
Faroe Islands,FRO,2013,13.428,,66176.43,0.0,0.002,,48297.0,,66176.43,,,,,,,,,,
Faroe Islands,FRO,2014,12.31,,59955.434,0.0,0.002,,48515.0,,59955.434,,,,,,,,,,
Faroe Islands,FRO,2015,12.434,,63065.277,0.0,0.002,,48916.0,,63065.277,,,,,,,,,,
Faroe Islands,FRO,2016,12.644,,63143.918,0.0,0.002,,49554.0,,63143.918,,,,,,,,,,
Faroe Islands,FRO,2017,13.995,,70292.406,0.0,0.002,,50268.0,,70292.406,,,,,,,,,,
Faroe Islands,FRO,2018,14.208,,71303.797,0.0,0.002,,51062.0,,71303.797,,,,,,,,,,
Faroe Islands,FRO,2019,14.269,,61618.391,0.0,0.002,,51868.0,,61618.391,,,,,,,,,,
Faroe Islands,FRO,2020,14.415,,62371.746,0.0,0.002,,52615.0,,62371.746,,,,,,,,,,
Faroe Islands,FRO,2021,14.704,,64000.141,0.0,0.002,,53324.0,,64000.141,,,,,,,,,,
Micronesia (country),FSM,2013,1.254,,5951.227,0.0,0.0,0.0,108133.0,,5951.227,,,,Oceania,Northern Hemisphere,Medium,134.0,EAP,,40.1
Micronesia (country),FSM,2014,1.284,,6217.404,0.0,0.0,0.0,108407.0,,6217.404,,,,Oceania,Northern Hemisphere,Medium,134.0,EAP,,
Micronesia (country),FSM,2015,1.314,,6516.499,0.0,0.0,0.0,108727.0,,6516.499,,,,Oceania,Northern Hemisphere,Medium,134.0,EAP,,
Micronesia (country),FSM,2016,1.31,,6870.513,0.0,0.0,0.0,109088.0,,6870.513,,,,Oceania,Northern Hemisphere,Medium,134.0,EAP,,
Micronesia (country),FSM,2017,1.305,,6916.526,0.0,0.0,0.0,109495.0,,6916.526,,,,Oceania,Northern Hemisphere,Medium,134.0,EAP,,
Micronesia (country),FSM,2018,1.3,,4330.093,0.0,0.0,0.0,109925.0,,4330.093,,,,Oceania,Northern Hemisphere,Medium,134.0,EAP,,
Micronesia (country),FSM,2019,1.296,,4349.02,0.0,0.0,0.0,110293.0,,4349.02,,,,Oceania,Northern Hemisphere,Medium,134.0,EAP,,
Micronesia (country),FSM,2020,1.288,,4218.897,0.0,0.0,0.0,110930.0,,4218.897,,,,Oceania,Northern Hemisphere,Medium,134.0,EAP,,
Micronesia (country),FSM,2021,1.28,,4140.93,0.0,0.0,0.0,111635.0,,4140.93,,,,Oceania,Northern Hemisphere,Medium,134.0,EAP,,
Gabon,GAB,2013,2.713,,9807.213,0.0,0.015,5.517,1913061.0,30169739768.0,9807.213,,4.114,138.0,Africa,Southern Hemisphere,High,112.0,SSA,15.41,
Gabon,GAB,2014,2.863,,10070.404,0.001,0.016,3.287,1978400.0,31507773384.0,10070.404,,,,Africa,Southern Hemisphere,High,112.0,SSA,15.05,
Gabon,GAB,2015,2.828,,9274.061,0.001,0.016,5.496,2040990.0,32729961516.0,9274.061,,3.896,143.0,Africa,Southern Hemisphere,High,112.0,SSA,14.44,
Gabon,GAB,2016,2.672,,8849.8,0.001,0.016,3.926,2100310.0,33414337569.0,8849.8,,4.121,134.0,Africa,Southern Hemisphere,High,112.0,SSA,13.99,
Gabon,GAB,2017,2.55,,9252.113,0.001,0.015,6.196,2156902.0,33572391290.0,9252.113,,4.465,118.0,Africa,Southern Hemisphere,High,112.0,SSA,13.28,38.0
Gabon,GAB,2018,2.515,,7434.919,0.001,0.015,3.245,2212320.0,33855404131.0,7434.919,,4.758,103.0,Africa,Southern Hemisphere,High,112.0,SSA,9.67,
Gabon,GAB,2019,2.473,,6705.384,0.001,0.015,2.657,2267711.0,35180839675.0,6705.384,,4.799,104.0,Africa,Southern Hemisphere,High,112.0,SSA,9.15,
Gabon,GAB,2020,2.427,,6889.859,0.001,0.016,3.106,2322538.0,34525072669.0,6889.859,,4.829,108.0,Africa,Southern Hemisphere,High,112.0,SSA,9.15,
Gabon,GAB,2021,2.333,,6809.154,0.001,0.015,2.74,2376729.0,35037430976.0,6809.154,,4.852,112.0,Africa,Southern Hemisphere,High,112.0,SSA,9.15,
United Kingdom,GBR,2013,7.418,9.704,37094.207,0.034,1.354,0.275,64389386.0,2296252599482.0,37094.207,158.219,6.883,22.0,Europe,Northern Hemisphere,Very High,18.0,,17.86,32.7
United Kingdom,GBR,2014,6.765,9.325,34774.93,0.034,1.237,0.207,64865914.0,2369725553442.0,34774.93,190.845,,,Europe,Northern Hemisphere,Very High,18.0,,19.09,33.1
United Kingdom,GBR,2015,6.461,9.131,34863.777,0.034,1.193,0.343,65382107.0,2426435869267.0,34863.777,239.227,6.867,21.0,Europe,Northern Hemisphere,Very High,18.0,,18.97,33.3
United Kingdom,GBR,2016,6.062,8.844,34099.367,0.034,1.129,0.324,65893359.0,2478973016876.0,34099.367,237.927,6.725,23.0,Europe,Northern Hemisphere,Very High,18.0,,18.27,33.1
United Kingdom,GBR,2017,5.838,8.414,33924.512,0.035,1.077,0.187,66354473.0,2539548543933.0,33924.512,277.959,6.714,19.0,Europe,Northern Hemisphere,Very High,18.0,,18.2,32.6
United Kingdom,GBR,2018,5.689,8.168,33653.051,0.035,1.034,0.35,66752473.0,2582848171416.0,33653.051,311.597,6.814,19.0,Europe,Northern Hemisphere,Very High,18.0,,18.01,33.7
United Kingdom,GBR,2019,5.435,7.819,32676.998,0.035,0.984,0.158,67110958.0,2624285076706.0,32676.998,341.011,7.054,15.0,Europe,Northern Hemisphere,Very High,18.0,,17.85,32.8
United Kingdom,GBR,2020,4.844,6.977,29440.059,0.035,0.928,0.136,67351860.0,2334804059780.0,29440.059,374.262,7.165,13.0,Europe,Northern Hemisphere,Very High,18.0,,17.85,32.7
United Kingdom,GBR,2021,5.059,7.649,29422.24,0.035,0.929,0.03,67668788.0,2512190098029.0,29422.24,344.991,7.064,17.0,Europe,Northern Hemisphere,Very High,18.0,,17.85,32.4
Georgia,GEO,2013,2.108,2.837,12308.174,0.0,0.023,-2.534,3809128.0,48668828674.0,12308.174,,4.187,134.0,Asia,Northern Hemisphere,Very High,63.0,ECA,11.27,38.6
Georgia,GEO,2014,2.388,3.104,13072.275,0.0,0.026,-2.493,3792921.0,50830708616.0,13072.275,,,,Asia,Northern Hemisphere,Very High,63.0,ECA,11.59,37.6
Georgia,GEO,2015,2.582,3.31,14169.743,0.0,0.028,-2.678,3791570.0,52369351007.0,14169.743,,4.297,130.0,Asia,Northern Hemisphere,Very High,63.0,ECA,11.64,36.5
Georgia,GEO,2016,2.648,3.477,14855.349,0.0,0.028,-2.642,3792061.0,53891203471.0,14855.349,,4.252,126.0,Asia,Northern Hemisphere,Very High,63.0,ECA,12.28,36.6
Georgia,GEO,2017,2.652,3.405,14774.392,0.0,0.028,-2.673,3792860.0,56501161966.0,14774.392,,4.286,125.0,Asia,Northern Hemisphere,Very High,63.0,ECA,11.99,37.9
Georgia,GEO,2018,2.606,3.758,14901.221,0.0,0.027,-2.687,3794881.0,59237502380.0,14901.221,,4.34,128.0,Asia,Northern Hemisphere,Very High,63.0,ECA,12.19,36.4
Georgia,GEO,2019,2.77,3.685,15727.646,0.0,0.028,-2.463,3796722.0,62188716739.0,15727.646,,4.519,119.0,Asia,Northern Hemisphere,Very High,63.0,ECA,10.35,35.9
Georgia,GEO,2020,2.734,3.746,14982.388,0.0,0.03,-2.025,3795680.0,57984758412.0,14982.388,,4.673,117.0,Asia,Northern Hemisphere,Very High,63.0,ECA,10.35,34.5
Georgia,GEO,2021,2.838,4.075,16113.435,0.0,0.029,-2.083,3788450.0,64053441556.0,16113.435,,4.891,108.0,Asia,Northern Hemisphere,Very High,63.0,ECA,10.35,34.2
Ghana,GHA,2013,0.46,0.792,2177.473,0.001,0.036,0.755,27386193.0,100187456075.0,2177.473,,5.091,86.0,Africa,Northern Hemisphere,Medium,133.0,SSA,3.75,
Ghana,GHA,2014,0.473,0.78,2158.472,0.001,0.037,0.748,28041592.0,103048820009.0,2158.472,,,,Africa,Northern Hemisphere,Medium,133.0,SSA,3.21,
Ghana,GHA,2015,0.508,0.794,2515.082,0.001,0.041,0.661,28696071.0,105234477793.0,2515.082,,4.633,114.0,Africa,Northern Hemisphere,Medium,133.0,SSA,3.33,
Ghana,GHA,2016,0.474,0.745,2512.531,0.001,0.039,0.651,29356736.0,108784039058.0,2512.531,,4.276,124.0,Africa,Northern Hemisphere,Medium,133.0,SSA,3.23,43.5
Ghana,GHA,2017,0.414,0.674,2457.866,0.001,0.035,0.641,30008364.0,117627099029.0,2457.866,,4.12,131.0,Africa,Northern Hemisphere,Medium,133.0,SSA,3.35,
Ghana,GHA,2018,0.496,0.705,2403.126,0.001,0.041,0.553,30637592.0,124919973796.0,2403.126,,4.657,108.0,Africa,Northern Hemisphere,Medium,133.0,SSA,3.84,
Ghana,GHA,2019,0.525,0.699,2559.024,0.001,0.044,0.635,31258943.0,133049773378.0,2559.024,,4.996,98.0,Africa,Northern Hemisphere,Medium,133.0,SSA,3.92,
Ghana,GHA,2020,0.601,0.752,2952.874,0.001,0.055,0.505,31887802.0,133733644694.0,2952.874,,5.148,91.0,Africa,Northern Hemisphere,Medium,133.0,SSA,3.92,
Ghana,GHA,2021,0.632,0.821,3169.96,0.001,0.056,0.367,32518662.0,140896419821.0,3169.96,,5.088,95.0,Africa,Northern Hemisphere,Medium,133.0,SSA,3.92,
Guinea,GIN,2013,0.186,0.155,892.738,0.002,0.006,7.885,11191874.0,14709018009.0,892.738,,3.847,150.0,Africa,Northern Hemisphere,Low,182.0,SSA,4.22,
Guinea,GIN,2014,0.207,0.166,911.535,0.002,0.007,7.402,11472921.0,14874105154.0,911.535,,,,Africa,Northern Hemisphere,Low,182.0,SSA,4.15,
Guinea,GIN,2015,0.209,0.178,1024.492,0.002,0.007,5.29,11767077.0,14900874140.0,1024.492,,3.656,150.0,Africa,Northern Hemisphere,Low,182.0,SSA,4.3,
Guinea,GIN,2016,0.224,0.449,1114.532,0.002,0.008,5.978,12073031.0,16533568057.0,1114.532,,3.607,151.0,Africa,Northern Hemisphere,Low,182.0,SSA,5.35,
Guinea,GIN,2017,0.391,0.51,1077.21,0.002,0.013,5.475,12385668.0,18265129177.0,1077.21,,3.507,149.0,Africa,Northern Hemisphere,Low,182.0,SSA,4.64,
Guinea,GIN,2018,0.297,0.454,1126.458,0.002,0.01,3.654,12704776.0,19467826772.0,1126.458,,3.964,140.0,Africa,Northern Hemisphere,Low,182.0,SSA,4.37,29.6
Guinea,GIN,2019,0.315,0.47,1440.278,0.002,0.011,5.401,13034349.0,20561330331.0,1440.278,,4.534,118.0,Africa,Northern Hemisphere,Low,182.0,SSA,4.77,
Guinea,GIN,2020,0.331,0.445,1580.168,0.002,0.013,4.614,13371185.0,21528646361.0,1580.168,,4.949,102.0,Africa,Northern Hemisphere,Low,182.0,SSA,4.77,
Guinea,GIN,2021,0.297,0.426,1526.843,0.002,0.011,3.697,13710515.0,22615336825.0,1526.843,,4.984,102.0,Africa,Northern Hemisphere,Low,182.0,SSA,4.77,
Gambia,GMB,2013,0.204,,971.193,0.0,0.001,0.415,2103825.0,3327261000.0,971.193,,,,Africa,Northern Hemisphere,Low,174.0,SSA,4.21,
Gambia,GMB,2014,0.234,,1043.89,0.0,0.001,0.581,2164535.0,3357018000.0,1043.89,,,,Africa,Northern Hemisphere,Low,174.0,SSA,4.35,
Gambia,GMB,2015,0.262,,1039.677,0.0,0.002,0.366,2224530.0,3514848000.0,1039.677,,,,Africa,Northern Hemisphere,Low,174.0,SSA,4.36,35.9
Gambia,GMB,2016,0.258,,1020.919,0.0,0.002,0.169,2283775.0,3558432648.0,1020.919,,,,Africa,Northern Hemisphere,Low,174.0,SSA,4.7,
Gambia,GMB,2017,0.255,,1012.601,0.0,0.002,0.162,2342191.0,3704517995.0,1012.601,,,,Africa,Northern Hemisphere,Low,174.0,SSA,4.85,
Gambia,GMB,2018,0.27,,805.15,0.0,0.002,0.161,2399633.0,3947001965.0,805.15,,,,Africa,Northern Hemisphere,Low,174.0,SSA,3.59,
Gambia,GMB,2019,0.289,,804.548,0.0,0.002,0.149,2456847.0,4192588256.0,804.548,,4.516,120.0,Africa,Northern Hemisphere,Low,174.0,SSA,3.77,
Gambia,GMB,2020,0.278,,707.116,0.0,0.002,0.173,2515744.0,4217390293.0,707.116,,4.751,113.0,Africa,Northern Hemisphere,Low,174.0,SSA,3.77,38.8
Gambia,GMB,2021,0.282,,792.09,0.0,0.002,0.124,2576015.0,4439051582.0,792.09,,5.051,98.0,Africa,Northern Hemisphere,Low,174.0,SSA,3.77,
Guinea-Bissau,GNB,2013,0.084,,887.902,0.0,0.0,0.632,1695980.0,2238347369.0,887.902,,,,Africa,Northern Hemisphere,Low,177.0,SSA,,
Guinea-Bissau,GNB,2014,0.082,,908.412,0.0,0.0,0.767,1741126.0,2253617077.0,908.412,,,,Africa,Northern Hemisphere,Low,177.0,SSA,,
Guinea-Bissau,GNB,2015,0.086,,915.173,0.0,0.0,1.268,1786461.0,2372699688.0,915.173,,,,Africa,Northern Hemisphere,Low,177.0,SSA,,
Guinea-Bissau,GNB,2016,0.092,,929.211,0.0,0.0,0.778,1831898.0,2519068025.0,929.211,,,,Africa,Northern Hemisphere,Low,177.0,SSA,,
Guinea-Bissau,GNB,2017,0.098,,733.805,0.0,0.001,1.358,1877074.0,2668676184.0,733.805,,,,Africa,Northern Hemisphere,Low,177.0,SSA,,
Guinea-Bissau,GNB,2018,0.103,,765.152,0.0,0.001,2.508,1922167.0,2771625236.0,765.152,,,,Africa,Northern Hemisphere,Low,177.0,SSA,,34.8
Guinea-Bissau,GNB,2019,0.13,,765.522,0.0,0.001,1.877,1967704.0,2896348420.0,765.522,,,,Africa,Northern Hemisphere,Low,177.0,SSA,,
Guinea-Bissau,GNB,2020,0.155,,700.355,0.0,0.001,2.217,2013259.0,2939793794.0,700.355,,,,Africa,Northern Hemisphere,Low,177.0,SSA,,
Guinea-Bissau,GNB,2021,0.166,,689.97,0.0,0.001,1.657,2058841.0,3127940606.0,689.97,,,,Africa,Northern Hemisphere,Low,177.0,SSA,,33.4
Equatorial Guinea,GNQ,2013,6.068,,24355.91,0.0,0.023,0.737,1346220.0,30419136000.0,24355.91,,,,Africa,Northern Hemisphere,Medium,145.0,SSA,29.81,
Equatorial Guinea,GNQ,2014,5.459,,21868.369,0.0,0.022,-0.069,1399829.0,30256854000.0,21868.369,,,,Africa,Northern Hemisphere,Medium,145.0,SSA,28.68,
Equatorial Guinea,GNQ,2015,4.821,,18663.375,0.0,0.02,0.802,1453925.0,28026102000.0,18663.375,,,,Africa,Northern Hemisphere,Medium,145.0,SSA,26.03,
Equatorial Guinea,GNQ,2016,4.998,,17766.676,0.0,0.021,0.466,1508192.0,25203837269.0,17766.676,,,,Africa,Northern Hemisphere,Medium,145.0,SSA,23.22,
Equatorial Guinea,GNQ,2017,4.362,,19361.629,0.0,0.019,1.224,1562401.0,23511758900.0,19361.629,,,,Africa,Northern Hemisphere,Medium,145.0,SSA,21.03,
Equatorial Guinea,GNQ,2018,4.352,,12356.137,0.0,0.019,0.666,1616425.0,21813514918.0,12356.137,,,,Africa,Northern Hemisphere,Medium,145.0,SSA,13.85,
Equatorial Guinea,GNQ,2019,3.301,,11941.993,0.0,0.015,0.83,1670184.0,20617750095.0,11941.993,,,,Africa,Northern Hemisphere,Medium,145.0,SSA,15.89,
Equatorial Guinea,GNQ,2020,3.722,,13696.714,0.0,0.018,1.287,1716479.0,19743252847.0,13696.714,,,,Africa,Northern Hemisphere,Medium,145.0,SSA,15.89,
Equatorial Guinea,GNQ,2021,4.03,,15327.771,0.0,0.019,1.01,1758796.0,19556604569.0,15327.771,,,,Africa,Northern Hemisphere,Medium,145.0,SSA,15.89,
Greece,GRC,2013,7.45,7.657,29934.105,0.002,0.232,-1.868,10967534.0,241650188710.0,29934.105,38.441,5.435,70.0,Europe,Northern Hemisphere,Very High,33.0,,19.36,36.1
Greece,GRC,2014,7.219,7.368,28266.357,0.002,0.222,-1.711,10893169.0,242799798246.0,28266.357,32.873,,,Europe,Northern Hemisphere,Very High,33.0,,18.79,35.8
Greece,GRC,2015,6.924,7.005,28807.496,0.002,0.212,-1.947,10820902.0,242323725826.0,28807.496,39.583,4.857,102.0,Europe,Northern Hemisphere,Very High,33.0,,17.81,36.0
Greece,GRC,2016,6.622,7.041,28489.859,0.002,0.202,-2.179,10775506.0,241143085639.0,28489.859,39.518,5.033,99.0,Europe,Northern Hemisphere,Very High,33.0,,16.77,35.0
Greece,GRC,2017,6.96,7.327,29962.0,0.002,0.208,-2.328,10753532.0,243776808141.0,29962.0,36.637,5.227,87.0,Europe,Northern Hemisphere,Very High,33.0,,15.94,34.4
Greece,GRC,2018,6.689,7.587,30199.467,0.002,0.195,-0.135,10730846.0,247844015413.0,30199.467,42.326,5.358,79.0,Europe,Northern Hemisphere,Very High,33.0,,14.94,32.9
Greece,GRC,2019,6.133,7.026,29564.295,0.002,0.177,-2.258,10718581.0,252514250712.0,29564.295,42.361,5.287,82.0,Europe,Northern Hemisphere,Very High,33.0,,15.17,33.1
Greece,GRC,2020,5.194,6.41,25885.273,0.002,0.158,-1.752,10699370.0,229777821500.0,25885.273,46.031,5.515,77.0,Europe,Northern Hemisphere,Very High,33.0,,15.17,33.6
Greece,GRC,2021,5.438,6.765,28596.289,0.002,0.156,-1.811,10579561.0,249158215293.0,28596.289,57.441,5.723,68.0,Europe,Northern Hemisphere,Very High,33.0,,15.17,32.9
Grenada,GRD,2013,2.647,,11826.311,0.0,0.001,-1.316,113499.0,,11826.311,,,,America,Northern Hemisphere,High,68.0,LAC,,
Grenada,GRD,2014,2.119,,9935.014,0.0,0.001,-1.256,114148.0,,9935.014,,,,America,Northern Hemisphere,High,68.0,LAC,,
Grenada,GRD,2015,2.268,,10308.972,0.0,0.001,-1.198,114691.0,,10308.972,,,,America,Northern Hemisphere,High,68.0,LAC,,
Grenada,GRD,2016,2.387,,10564.159,0.0,0.001,-1.142,115147.0,,10564.159,,,,America,Northern Hemisphere,High,68.0,LAC,,
Grenada,GRD,2017,2.539,,11447.519,0.0,0.001,-1.089,115448.0,,11447.519,,,,America,Northern Hemisphere,High,68.0,LAC,,
Grenada,GRD,2018,2.66,,12157.783,0.0,0.001,-1.04,115703.0,,12157.783,,,,America,Northern Hemisphere,High,68.0,LAC,,43.8
Grenada,GRD,2019,2.874,,13225.631,0.0,0.001,-0.87,115995.0,,13225.631,,,,America,Northern Hemisphere,High,68.0,LAC,,
Grenada,GRD,2020,2.488,,11376.105,0.0,0.001,-0.889,116353.0,,11376.105,,,,America,Northern Hemisphere,High,68.0,LAC,,
Grenada,GRD,2021,2.669,,12173.642,0.0,0.001,-0.86,116696.0,,12173.642,,,,America,Northern Hemisphere,High,68.0,LAC,,
Greenland,GRL,2013,9.945,,52265.43,0.0,0.002,,56532.0,,52265.43,,,,,,,,,,
Greenland,GRL,2014,8.942,,47838.488,0.0,0.001,,56195.0,,47838.488,,,,,,,,,,
Greenland,GRL,2015,9.77,,51530.762,0.0,0.002,,56048.0,,51530.762,,,,,,,,,,
Greenland,GRL,2016,9.08,,51527.219,0.0,0.001,,56082.0,,51527.219,,,,,,,,,,
Greenland,GRL,2017,9.554,,51618.422,0.0,0.001,,56094.0,,51618.422,,,,,,,,,,
Greenland,GRL,2018,9.336,,46662.223,0.0,0.001,,56100.0,,46662.223,,,,,,,,,,
Greenland,GRL,2019,9.377,,48099.559,0.0,0.001,,56109.0,,48099.559,,,,,,,,,,
Greenland,GRL,2020,9.794,,46130.312,0.0,0.002,,56105.0,,46130.312,,,,,,,,,,
Greenland,GRL,2021,9.745,,45366.465,0.0,0.001,,56065.0,,45366.465,,,,,,,,,,
Guatemala,GTM,2013,0.812,0.676,3848.17,0.002,0.035,1.731,15387339.0,107099471666.0,3848.17,,5.965,47.0,America,Northern Hemisphere,Medium,135.0,LAC,5.4,
Guatemala,GTM,2014,0.856,0.701,3989.314,0.002,0.038,2.915,15681725.0,111858970345.0,3989.314,,,,America,Northern Hemisphere,Medium,135.0,LAC,5.78,48.3
Guatemala,GTM,2015,0.967,0.812,4535.166,0.002,0.044,2.259,15971745.0,116436247567.0,4535.166,,6.123,43.0,America,Northern Hemisphere,Medium,135.0,LAC,5.06,
Guatemala,GTM,2016,1.016,0.831,4867.983,0.002,0.047,1.984,16268761.0,119554400888.0,4867.983,,6.324,39.0,America,Northern Hemisphere,Medium,135.0,LAC,5.1,
Guatemala,GTM,2017,1.026,0.913,4950.349,0.002,0.047,1.905,16567363.0,123236680953.0,4950.349,,6.454,29.0,America,Northern Hemisphere,Medium,135.0,LAC,4.91,
Guatemala,GTM,2018,1.089,1.425,4969.137,0.002,0.05,1.892,16845688.0,127435350812.0,4969.137,,6.382,30.0,America,Northern Hemisphere,Medium,135.0,LAC,7.07,
Guatemala,GTM,2019,1.126,1.439,5303.489,0.002,0.052,1.921,17103803.0,132535316516.0,5303.489,,6.436,27.0,America,Northern Hemisphere,Medium,135.0,LAC,7.24,
Guatemala,GTM,2020,0.988,1.264,5189.629,0.002,0.049,1.674,17357331.0,130197392340.0,5189.629,,6.399,29.0,America,Northern Hemisphere,Medium,135.0,LAC,7.24,
Guatemala,GTM,2021,1.136,1.431,5868.567,0.002,0.054,1.548,17598652.0,140588440273.0,5868.567,,6.435,30.0,America,Northern Hemisphere,Medium,135.0,LAC,7.24,
Guyana,GUY,2013,2.535,,10951.685,0.0,0.005,4.052,750020.0,,10951.685,,,,America,Northern Hemisphere,High,108.0,LAC,,
Guyana,GUY,2014,2.618,,10880.4,0.0,0.006,6.577,754231.0,,10880.4,,,,America,Northern Hemisphere,High,108.0,LAC,,
Guyana,GUY,2015,2.588,,11060.057,0.0,0.006,8.023,758783.0,,11060.057,,,,America,Northern Hemisphere,High,108.0,LAC,,
Guyana,GUY,2016,2.893,,12331.076,0.0,0.006,1.24,763553.0,,12331.076,,,,America,Northern Hemisphere,High,108.0,LAC,,
Guyana,GUY,2017,2.808,,12124.825,0.0,0.006,3.06,768483.0,,12124.825,,,,America,Northern Hemisphere,High,108.0,LAC,,
Guyana,GUY,2018,2.93,,11348.99,0.0,0.006,1.312,791563.0,,11348.99,,,,America,Northern Hemisphere,High,108.0,LAC,,
Guyana,GUY,2019,3.275,,12655.309,0.0,0.007,4.25,807668.0,,12655.309,,,,America,Northern Hemisphere,High,108.0,LAC,,
Guyana,GUY,2020,3.839,,12077.642,0.0,0.009,5.822,807486.0,,12077.642,,,,America,Northern Hemisphere,High,108.0,LAC,,
Guyana,GUY,2021,3.596,,12204.829,0.0,0.008,4.003,815484.0,,12204.829,,,,America,Northern Hemisphere,High,108.0,LAC,,
Hong Kong,HKG,2013,6.1,20.952,44742.965,0.001,0.126,,7264330.0,329290162080.0,44742.965,0.521,5.523,64.0,Asia,Northern Hemisphere,Very High,4.0,,,
Hong Kong,HKG,2014,6.215,19.922,43337.344,0.001,0.128,,7319502.0,338386398632.0,43337.344,0.478,,,Asia,Northern Hemisphere,Very High,4.0,,,
Hong Kong,HKG,2015,5.756,15.082,44316.176,0.001,0.12,,7366411.0,346466191769.0,44316.176,0.668,5.474,72.0,Asia,Northern Hemisphere,Very High,4.0,,,
Hong Kong,HKG,2016,5.854,16.565,45228.492,0.001,0.123,,7408006.0,354003396927.0,45228.492,0.689,5.458,75.0,Asia,Northern Hemisphere,Very High,4.0,,,
Hong Kong,HKG,2017,5.699,16.901,48266.77,0.001,0.118,,7444889.0,367441685993.0,48266.77,0.751,5.472,71.0,Asia,Northern Hemisphere,Very High,4.0,,,
Hong Kong,HKG,2018,5.702,16.633,48663.375,0.001,0.116,,7471190.0,377902310676.0,48663.375,0.873,5.43,76.0,Asia,Northern Hemisphere,Very High,4.0,,,
Hong Kong,HKG,2019,5.597,16.525,46026.332,0.001,0.113,,7485817.0,371582312306.0,46026.332,0.871,5.43,76.0,Asia,Northern Hemisphere,Very High,4.0,,,
Hong Kong,HKG,2020,4.474,16.003,34437.715,0.001,0.095,,7490240.0,347263059452.0,34437.715,1.192,5.51,78.0,Asia,Northern Hemisphere,Very High,4.0,,,
Hong Kong,HKG,2021,4.494,17.739,32558.352,0.001,0.091,,7484604.0,369654417943.0,32558.352,1.594,5.477,77.0,Asia,Northern Hemisphere,Very High,4.0,,,
Honduras,HND,2013,1.049,2.005,4132.692,0.002,0.026,1.408,8889276.0,38446700070.0,4132.692,,5.142,84.0,America,Northern Hemisphere,Medium,137.0,LAC,4.1,50.0
Honduras,HND,2014,1.049,0.791,4291.642,0.002,0.027,0.983,9063127.0,39484545761.0,4291.642,,,,America,Northern Hemisphere,Medium,137.0,LAC,4.17,49.9
Honduras,HND,2015,1.18,0.907,4790.027,0.002,0.031,1.723,9237306.0,40757802007.0,4790.027,,4.788,105.0,America,Northern Hemisphere,Medium,137.0,LAC,4.13,49.2
Honduras,HND,2016,1.056,0.847,4460.172,0.002,0.028,2.282,9412380.0,42125312119.0,4460.172,,4.871,104.0,America,Northern Hemisphere,Medium,137.0,LAC,4.02,49.8
Honduras,HND,2017,1.064,0.86,4558.129,0.002,0.028,1.867,9588144.0,43936103834.0,4558.129,,5.181,91.0,America,Northern Hemisphere,Medium,137.0,LAC,4.39,49.4
Honduras,HND,2018,1.011,0.834,4530.455,0.002,0.027,1.118,9765209.0,45477892182.0,4530.455,,5.504,72.0,America,Northern Hemisphere,Medium,137.0,LAC,6.18,48.9
Honduras,HND,2019,1.102,0.912,4894.96,0.002,0.03,1.306,9943637.0,46684518271.0,4894.96,,5.86,59.0,America,Northern Hemisphere,Medium,137.0,LAC,6.06,48.2
Honduras,HND,2020,0.986,0.826,4385.561,0.002,0.028,1.594,10119638.0,42499283305.0,4385.561,,5.953,56.0,America,Northern Hemisphere,Medium,137.0,LAC,6.06,
Honduras,HND,2021,1.075,0.896,4925.441,0.002,0.03,1.048,10289881.0,47826185166.0,4925.441,,5.919,59.0,America,Northern Hemisphere,Medium,137.0,LAC,6.06,
Croatia,HRV,2013,4.337,5.675,22645.891,0.001,0.052,-0.323,4242403.0,80064089923.0,22645.891,24.161,5.661,58.0,Europe,Northern Hemisphere,Very High,40.0,,16.33,32.0
Croatia,HRV,2014,4.183,4.778,22753.666,0.001,0.05,-0.097,4219485.0,79720242860.0,22753.666,25.72,,,Europe,Northern Hemisphere,Very High,40.0,,15.32,32.1
Croatia,HRV,2015,4.253,5.364,21755.668,0.001,0.05,-0.201,4183732.0,81731110395.0,21755.668,19.449,5.759,62.0,Europe,Northern Hemisphere,Very High,40.0,,15.74,31.1
Croatia,HRV,2016,4.371,5.587,22901.484,0.001,0.051,-0.799,4136438.0,84640158587.0,22901.484,21.289,5.488,74.0,Europe,Northern Hemisphere,Very High,40.0,,16.97,30.9
Croatia,HRV,2017,4.587,5.713,23235.795,0.001,0.052,-0.911,4079198.0,87528490789.0,23235.795,18.124,5.293,77.0,Europe,Northern Hemisphere,Very High,40.0,,16.48,30.4
Croatia,HRV,2018,4.396,6.142,24388.486,0.001,0.048,-0.619,4024868.0,89979865983.0,24388.486,25.074,5.321,82.0,Europe,Northern Hemisphere,Very High,40.0,,16.81,29.7
Croatia,HRV,2019,4.47,6.038,24035.391,0.001,0.048,-0.186,3986338.0,93057982684.0,24035.391,22.018,5.432,75.0,Europe,Northern Hemisphere,Very High,40.0,,17.06,28.9
Croatia,HRV,2020,4.267,5.817,23110.643,0.001,0.048,-0.589,3953956.0,85073361985.0,23110.643,22.578,5.505,79.0,Europe,Northern Hemisphere,Very High,40.0,,17.06,29.5
Croatia,HRV,2021,4.434,6.046,25050.172,0.001,0.047,-0.884,3924607.0,96194363488.0,25050.172,27.782,5.882,60.0,Europe,Northern Hemisphere,Very High,40.0,,17.06,28.9
Haiti,HTI,2013,0.264,,1055.107,0.0,0.008,0.849,10222365.0,17085684000.0,1055.107,,4.341,126.0,America,Northern Hemisphere,Low,163.0,LAC,2.45,
Haiti,HTI,2014,0.26,,1131.308,0.0,0.008,0.645,10373241.0,17572203000.0,1131.308,,,,America,Northern Hemisphere,Low,163.0,LAC,2.69,
Haiti,HTI,2015,0.252,,1275.714,0.0,0.007,0.503,10523249.0,17862468000.0,1275.714,,4.518,119.0,America,Northern Hemisphere,Low,163.0,LAC,2.51,
Haiti,HTI,2016,0.279,,1308.607,0.0,0.008,0.184,10671462.0,18337150574.0,1308.607,,4.028,136.0,America,Northern Hemisphere,Low,163.0,LAC,2.49,
Haiti,HTI,2017,0.29,,1271.855,0.0,0.009,0.12,10817759.0,18822570039.0,1271.855,,3.603,145.0,America,Northern Hemisphere,Low,163.0,LAC,2.59,
Haiti,HTI,2018,0.31,,1051.65,0.0,0.009,-0.414,10962373.0,19129086184.0,1051.65,,3.582,148.0,America,Northern Hemisphere,Low,163.0,LAC,2.45,
Haiti,HTI,2019,0.281,,1067.026,0.0,0.008,-0.338,11105165.0,18799472313.0,1067.026,,3.597,147.0,America,Northern Hemisphere,Low,163.0,LAC,2.4,
Haiti,HTI,2020,0.29,,1040.939,0.0,0.009,-0.188,11243846.0,18185520397.0,1040.939,,3.721,142.0,America,Northern Hemisphere,Low,163.0,LAC,2.4,
Haiti,HTI,2021,0.308,,991.191,0.0,0.01,-0.153,11374592.0,17851170361.0,991.191,,3.615,143.0,America,Northern Hemisphere,Low,163.0,LAC,2.4,
Hungary,HUN,2013,4.397,6.013,24070.496,0.002,0.123,-0.986,9889344.0,209511661762.0,24070.496,9.747,4.775,110.0,Europe,Northern Hemisphere,Very High,46.0,,13.24,31.5
Hungary,HUN,2014,4.425,5.953,24158.225,0.002,0.123,-0.941,9862843.0,218378634753.0,24158.225,11.428,,,Europe,Northern Hemisphere,Very High,46.0,,14.93,30.9
Hungary,HUN,2015,4.733,6.031,25514.207,0.002,0.132,-0.828,9839211.0,226474616785.0,25514.207,11.477,4.8,104.0,Europe,Northern Hemisphere,Very High,46.0,,13.55,30.4
Hungary,HUN,2016,4.795,6.182,26042.918,0.002,0.133,-0.743,9810529.0,231459349147.0,26042.918,11.612,5.145,91.0,Europe,Northern Hemisphere,Very High,46.0,,13.92,30.3
Hungary,HUN,2017,5.051,6.737,27519.338,0.002,0.137,-0.764,9785608.0,241347220007.0,27519.338,11.941,5.324,75.0,Europe,Northern Hemisphere,Very High,46.0,,13.85,30.6
Hungary,HUN,2018,5.051,6.822,27746.227,0.002,0.134,-0.73,9774395.0,254289117363.0,27746.227,13.069,5.62,69.0,Europe,Northern Hemisphere,Very High,46.0,,14.75,
Hungary,HUN,2019,5.031,6.661,28135.389,0.002,0.133,-1.452,9770346.0,266658311342.0,28135.389,15.402,5.758,62.0,Europe,Northern Hemisphere,Very High,46.0,,15.27,
Hungary,HUN,2020,4.832,6.203,27727.416,0.002,0.134,-0.513,9749459.0,254563881936.0,27727.416,18.299,6.0,53.0,Europe,Northern Hemisphere,Very High,46.0,,15.27,
Hungary,HUN,2021,4.978,6.737,29250.391,0.003,0.131,-0.728,9707848.0,272892486007.0,29250.391,21.808,5.992,53.0,Europe,Northern Hemisphere,Very High,46.0,,15.27,
Indonesia,IDN,2013,1.929,1.991,7131.105,0.034,1.399,4.843,255852464.0,2437876929100.0,7131.105,82.807,5.348,76.0,Asia,Southern Hemisphere,High,114.0,EAP,6.5,38.9
Indonesia,IDN,2014,1.924,1.97,7171.866,0.035,1.404,5.172,258877395.0,2559933272409.0,7171.866,87.533,,,Asia,Southern Hemisphere,High,114.0,EAP,6.53,38.8
Indonesia,IDN,2015,2.105,2.083,7243.952,0.036,1.557,6.847,261799249.0,2684763880628.0,7243.952,76.045,5.399,74.0,Asia,Southern Hemisphere,High,114.0,EAP,6.65,38.2
Indonesia,IDN,2016,2.071,2.073,7120.307,0.036,1.548,3.304,264627429.0,2819889903036.0,7120.307,109.633,5.314,79.0,Asia,Southern Hemisphere,High,114.0,EAP,6.34,36.9
Indonesia,IDN,2017,2.136,2.123,7569.616,0.037,1.587,2.923,267346654.0,2962852274581.0,7569.616,111.897,5.262,81.0,Asia,Southern Hemisphere,High,114.0,EAP,6.48,36.4
Indonesia,IDN,2018,2.25,2.248,7896.082,0.038,1.653,2.919,269951847.0,3116158974437.0,7896.082,171.458,5.093,96.0,Asia,Southern Hemisphere,High,114.0,EAP,6.66,36.3
Indonesia,IDN,2019,2.441,2.438,8271.658,0.038,1.793,3.739,272489381.0,3272568062078.0,8271.658,194.482,5.192,92.0,Asia,Southern Hemisphere,High,114.0,EAP,6.77,35.4
Indonesia,IDN,2020,2.268,2.292,7700.858,0.039,1.773,2.438,274814861.0,3204972631957.0,7700.858,225.746,5.286,84.0,Asia,Southern Hemisphere,High,114.0,EAP,6.77,35.3
Indonesia,IDN,2021,2.287,2.267,7937.188,0.04,1.717,2.503,276758056.0,3323654666991.0,7937.188,243.844,5.345,82.0,Asia,Southern Hemisphere,High,114.0,EAP,6.77,35.5
India,IND,2013,1.54,1.264,5527.781,0.029,5.656,0.202,1295829507.0,6424470752490.0,5527.781,481.422,4.772,111.0,Asia,Northern Hemisphere,Medium,132.0,SA,4.7,
India,IND,2014,1.637,1.38,5831.643,0.03,6.057,0.098,1312277184.0,6875186158349.0,5831.643,520.369,,,Asia,Northern Hemisphere,Medium,132.0,SA,4.6,
India,IND,2015,1.681,1.477,5943.03,0.031,6.304,0.133,1328024494.0,7391521519812.0,5943.03,499.727,4.565,117.0,Asia,Northern Hemisphere,Medium,132.0,SA,4.76,
India,IND,2016,1.75,1.49,6148.213,0.032,6.647,0.126,1343944296.0,8057465593010.0,6148.213,524.185,4.404,118.0,Asia,Northern Hemisphere,Medium,132.0,SA,4.78,
India,IND,2017,1.784,1.553,6304.287,0.033,6.743,0.082,1359657398.0,8550029645172.0,6304.287,579.737,4.315,122.0,Asia,Northern Hemisphere,Medium,132.0,SA,4.84,
India,IND,2018,1.888,1.629,6593.169,0.034,7.065,0.109,1374659067.0,9173201683791.0,6593.169,659.31,4.19,133.0,Asia,Northern Hemisphere,Medium,132.0,SA,5.11,
India,IND,2019,1.88,1.632,6682.068,0.035,7.041,0.069,1389030307.0,9595463242427.0,6682.068,748.695,4.015,140.0,Asia,Northern Hemisphere,Medium,132.0,SA,5.23,
India,IND,2020,1.727,1.487,6268.437,0.036,6.891,0.057,1402617694.0,8945313249462.0,6268.437,777.565,3.573,144.0,Asia,Northern Hemisphere,Medium,132.0,SA,5.23,
India,IND,2021,1.892,1.592,6749.358,0.037,7.258,0.044,1414203896.0,9801621018003.0,6749.358,822.007,3.819,139.0,Asia,Northern Hemisphere,Medium,132.0,SA,5.23,
Ireland,IRL,2013,8.061,9.516,35677.523,0.001,0.106,1.074,4624686.0,222738952818.0,35677.523,15.832,7.076,18.0,Europe,Northern Hemisphere,Very High,8.0,,25.38,33.5
Ireland,IRL,2014,7.911,9.6,35325.18,0.001,0.104,0.709,4658236.0,236178350686.0,35325.18,17.889,,,Europe,Northern Hemisphere,Very High,8.0,,26.37,31.9
Ireland,IRL,2015,8.233,9.314,36983.117,0.001,0.109,1.214,4702497.0,249955928768.0,36983.117,21.597,6.94,18.0,Europe,Northern Hemisphere,Very High,8.0,,27.92,31.8
Ireland,IRL,2016,8.492,9.442,38268.473,0.001,0.114,1.34,4753506.0,255118282428.0,38268.473,20.85,6.907,19.0,Europe,Northern Hemisphere,Very High,8.0,,32.19,32.8
Ireland,IRL,2017,8.116,9.492,37987.566,0.001,0.109,1.324,4810258.0,266528546717.0,37987.566,24.831,6.977,15.0,Europe,Northern Hemisphere,Very High,8.0,,31.29,31.4
Ireland,IRL,2018,7.988,9.507,38347.988,0.001,0.106,1.118,4872559.0,282500483309.0,38347.988,28.057,6.977,14.0,Europe,Northern Hemisphere,Very High,8.0,,37.25,30.6
Ireland,IRL,2019,7.54,9.37,38065.551,0.001,0.1,0.858,4933493.0,294503693886.0,38065.551,32.338,7.021,16.0,Europe,Northern Hemisphere,Very High,8.0,,49.25,30.3
Ireland,IRL,2020,7.035,7.986,35439.918,0.001,0.1,0.174,4982602.0,274762344680.0,35439.918,36.334,7.094,16.0,Europe,Northern Hemisphere,Very High,8.0,,49.25,29.2
Ireland,IRL,2021,7.452,8.353,35772.973,0.001,0.102,0.36,5028428.0,287639621097.0,35772.973,31.71,7.085,15.0,Europe,Northern Hemisphere,Very High,8.0,,49.25,29.4
Iran,IRN,2013,7.586,6.043,33255.664,0.007,1.729,-0.293,80414689.0,1287095594893.0,33255.664,38.024,4.643,115.0,Asia,Northern Hemisphere,High,76.0,SA,12.06,34.0
Iran,IRN,2014,7.904,6.462,34196.25,0.007,1.816,-0.316,81502045.0,1352737013920.0,34196.25,37.562,,,Asia,Northern Hemisphere,High,76.0,SA,11.88,34.8
Iran,IRN,2015,7.77,7.109,33441.344,0.008,1.813,-0.283,82619365.0,1331012211481.0,33441.344,33.961,4.686,110.0,Asia,Northern Hemisphere,High,76.0,SA,11.06,35.3
Iran,IRN,2016,7.692,6.342,34845.238,0.008,1.822,-0.285,83812230.0,1413723685657.0,34845.238,39.221,4.813,105.0,Asia,Northern Hemisphere,High,76.0,SA,10.9,35.9
Iran,IRN,2017,8.19,6.678,35561.832,0.008,1.936,-0.284,85026761.0,1486668357750.0,35561.832,44.166,4.692,108.0,Asia,Northern Hemisphere,High,76.0,SA,10.96,36.7
Iran,IRN,2018,7.716,6.11,36251.887,0.008,1.809,0.624,86117999.0,1483607175221.0,36251.887,26.966,4.707,106.0,Asia,Northern Hemisphere,High,76.0,SA,12.53,37.4
Iran,IRN,2019,8.354,7.061,37875.234,0.009,1.961,0.236,87051649.0,1438754460224.0,37875.234,86.908,4.548,117.0,Asia,Northern Hemisphere,High,76.0,SA,13.16,36.5
Iran,IRN,2020,8.499,7.432,39001.836,0.009,2.121,0.108,87723448.0,1446203709942.0,39001.836,61.588,4.672,118.0,Asia,Northern Hemisphere,High,76.0,SA,13.16,35.8
Iran,IRN,2021,8.813,7.491,38159.27,0.009,2.114,0.024,88455490.0,1525523070071.0,38159.27,38.438,4.721,118.0,Asia,Northern Hemisphere,High,76.0,SA,13.16,35.5
Iraq,IRQ,2013,4.016,,13759.076,0.002,0.402,0.707,35281987.0,422107689937.0,13759.076,11.905,4.817,105.0,Asia,Northern Hemisphere,Medium,121.0,AS,7.1,
Iraq,IRQ,2014,3.762,,13055.939,0.002,0.388,0.322,36550058.0,425222855485.0,13055.939,7.36,,,Asia,Northern Hemisphere,Medium,121.0,AS,6.31,
Iraq,IRQ,2015,3.795,,12548.263,0.002,0.403,0.176,37560535.0,436010743372.0,12548.263,6.591,4.677,112.0,Asia,Northern Hemisphere,Medium,121.0,AS,5.67,
Iraq,IRQ,2016,3.981,,13119.015,0.002,0.433,0.133,38469628.0,502280002568.0,13119.015,8.614,4.575,112.0,Asia,Northern Hemisphere,Medium,121.0,AS,7.18,
Iraq,IRQ,2017,4.257,,15213.562,0.002,0.466,0.082,39337358.0,485207548291.0,15213.562,5.583,4.497,117.0,Asia,Northern Hemisphere,Medium,121.0,AS,7.11,
Iraq,IRQ,2018,4.623,,15464.542,0.002,0.507,0.06,40265629.0,508026800522.0,15464.542,5.458,4.456,117.0,Asia,Northern Hemisphere,Medium,121.0,AS,10.54,
Iraq,IRQ,2019,4.656,,16212.383,0.002,0.517,0.045,41192172.0,537548265143.0,16212.383,13.217,4.437,126.0,Asia,Northern Hemisphere,Medium,121.0,AS,11.87,
Iraq,IRQ,2020,4.086,,14121.946,0.002,0.489,0.041,42116602.0,453147782672.0,14121.946,11.208,4.785,110.0,Asia,Northern Hemisphere,Medium,121.0,AS,11.87,
Iraq,IRQ,2021,4.484,,14358.384,0.002,0.524,0.04,43071208.0,487935979007.0,14358.384,9.168,4.854,111.0,Asia,Northern Hemisphere,Medium,121.0,AS,11.87,
Iceland,ISL,2013,10.772,,181285.359,0.0,0.01,0.966,323891.0,12380449213.0,181285.359,49.327,7.355,9.0,Europe,Northern Hemisphere,Very High,3.0,,72.88,25.4
Iceland,ISL,2014,10.519,,179012.797,0.0,0.01,0.91,327517.0,12589333385.0,179012.797,49.194,,,Europe,Northern Hemisphere,Very High,3.0,,73.13,27.8
Iceland,ISL,2015,10.699,,184937.594,0.0,0.01,0.906,330962.0,13147880818.0,184937.594,50.688,7.561,2.0,Europe,Northern Hemisphere,Very High,3.0,,74.87,26.8
Iceland,ISL,2016,10.411,,183095.906,0.0,0.01,0.905,335571.0,13976682094.0,183095.906,49.856,7.501,3.0,Europe,Northern Hemisphere,Very High,3.0,,83.51,27.2
Iceland,ISL,2017,10.511,,187012.172,0.0,0.01,1.041,343537.0,14562998209.0,187012.172,51.491,7.504,3.0,Europe,Northern Hemisphere,Very High,3.0,,88.7,26.1
Iceland,ISL,2018,10.388,,188342.578,0.0,0.01,0.997,352860.0,15275006901.0,188342.578,53.355,7.494,4.0,Europe,Northern Hemisphere,Very High,3.0,,67.8,26.6
Iceland,ISL,2019,9.849,,175565.688,0.0,0.01,0.906,360709.0,15550746271.0,175565.688,52.344,7.554,4.0,Europe,Northern Hemisphere,Very High,3.0,,59.61,26.8
Iceland,ISL,2020,9.107,,158421.688,0.0,0.009,0.858,366626.0,14424580947.0,158421.688,51.347,7.504,4.0,Europe,Northern Hemisphere,Very High,3.0,,59.61,
Iceland,ISL,2021,9.367,,162740.016,0.0,0.009,0.862,372647.0,15049658393.0,162740.016,52.459,7.554,4.0,Europe,Northern Hemisphere,Very High,3.0,,59.61,
Israel,ISR,2013,8.142,10.911,34478.062,0.001,0.179,0.091,7749369.0,235885601546.0,34478.062,1.558,7.301,11.0,Asia,Northern Hemisphere,Very High,22.0,,25.55,39.9
Israel,ISR,2014,7.633,10.947,33001.949,0.001,0.17,0.011,7897173.0,245129958334.0,33001.949,2.572,,,Asia,Northern Hemisphere,Very High,22.0,,26.0,39.8
Israel,ISR,2015,7.815,10.559,34152.684,0.001,0.178,-0.012,8052916.0,251223879854.0,34152.684,3.489,7.278,11.0,Asia,Northern Hemisphere,Very High,22.0,,28.57,39.7
Israel,ISR,2016,7.45,10.697,34174.199,0.001,0.173,0.486,8210006.0,262584215516.0,34174.199,4.893,7.267,11.0,Asia,Northern Hemisphere,Very High,22.0,,26.49,39.0
Israel,ISR,2017,7.038,10.104,34165.57,0.001,0.164,0.231,8361796.0,273812314306.0,34165.57,4.995,7.213,11.0,Asia,Northern Hemisphere,Very High,22.0,,28.61,38.2
Israel,ISR,2018,7.049,10.644,34337.16,0.001,0.163,0.116,8510067.0,284956472967.0,34337.16,5.518,7.19,11.0,Asia,Northern Hemisphere,Very High,22.0,,29.83,38.6
Israel,ISR,2019,6.809,10.213,34826.125,0.001,0.159,0.088,8657466.0,296799271432.0,34826.125,8.737,7.139,13.0,Asia,Northern Hemisphere,Very High,22.0,,30.76,38.3
Israel,ISR,2020,6.737,9.605,32400.352,0.001,0.169,0.046,8800380.0,291287719910.0,32400.352,11.447,7.129,14.0,Asia,Northern Hemisphere,Very High,22.0,,30.76,37.8
Israel,ISR,2021,6.592,10.113,32656.467,0.001,0.16,0.02,8942925.0,316373426613.0,32656.467,14.236,7.157,12.0,Asia,Northern Hemisphere,Very High,22.0,,30.76,37.9
Italy,ITA,2013,6.091,8.057,30716.307,0.01,1.047,-0.703,60653864.0,2010255414011.0,30716.307,313.725,6.021,45.0,Europe,Northern Hemisphere,Very High,30.0,,13.74,34.9
Italy,ITA,2014,5.759,7.732,29940.508,0.01,0.985,-0.72,60664169.0,2010164047423.0,29940.508,333.739,,,Europe,Northern Hemisphere,Very High,30.0,,13.37,34.7
Italy,ITA,2015,5.964,7.607,30350.078,0.011,1.02,-0.637,60575314.0,2025809415322.0,30350.078,304.388,5.948,50.0,Europe,Northern Hemisphere,Very High,30.0,,13.16,35.4
Italy,ITA,2016,5.922,7.671,30333.92,0.011,1.012,-0.549,60478103.0,2052012434345.0,30333.92,299.222,5.977,50.0,Europe,Northern Hemisphere,Very High,30.0,,13.48,35.2
Italy,ITA,2017,5.84,7.613,30594.736,0.011,0.98,-0.665,60390317.0,2086237040647.0,30594.736,287.981,5.964,48.0,Europe,Northern Hemisphere,Very High,30.0,,13.55,35.9
Italy,ITA,2018,5.791,7.744,30853.664,0.011,0.95,-0.012,60277496.0,2105551772855.0,30853.664,315.249,6.0,47.0,Europe,Northern Hemisphere,Very High,30.0,,12.33,35.2
Italy,ITA,2019,5.648,7.492,30599.51,0.011,0.916,-0.381,60130136.0,2115725732767.0,30599.51,318.252,6.223,36.0,Europe,Northern Hemisphere,Very High,30.0,,11.85,34.6
Italy,ITA,2020,5.051,6.714,27764.078,0.011,0.861,-0.477,59912763.0,1925751927111.0,27764.078,320.361,6.387,30.0,Europe,Northern Hemisphere,Very High,30.0,,11.85,35.2
Italy,ITA,2021,5.624,7.564,29887.174,0.011,0.911,0.04,59729353.0,2060299944789.0,29887.174,319.47,6.483,28.0,Europe,Northern Hemisphere,Very High,30.0,,11.85,34.8
Jamaica,JAM,2013,3.042,2.229,12705.904,0.0,0.024,0.638,2783689.0,19166827044.0,12705.904,,5.374,75.0,America,Northern Hemisphere,High,110.0,LAC,9.73,
Jamaica,JAM,2014,2.747,2.154,12441.397,0.0,0.022,0.263,2793756.0,19277035737.0,12441.397,,,,America,Northern Hemisphere,High,110.0,LAC,9.21,
Jamaica,JAM,2015,2.843,2.226,12817.113,0.0,0.023,0.239,2802536.0,19444553127.0,12817.113,,5.709,65.0,America,Northern Hemisphere,High,110.0,LAC,9.28,
Jamaica,JAM,2016,2.895,2.549,13239.611,0.0,0.023,0.114,2809919.0,19735837824.0,13239.611,,5.51,73.0,America,Northern Hemisphere,High,110.0,LAC,9.3,
Jamaica,JAM,2017,2.759,2.34,11680.155,0.0,0.022,0.193,2815765.0,19869841700.0,11680.155,,5.311,76.0,America,Northern Hemisphere,High,110.0,LAC,9.65,
Jamaica,JAM,2018,2.858,2.939,13204.306,0.0,0.022,-0.037,2820103.0,20232863013.0,13204.306,,5.89,56.0,America,Northern Hemisphere,High,110.0,LAC,9.56,35.3
Jamaica,JAM,2019,3.343,3.228,14605.562,0.0,0.025,-0.121,2823275.0,20429119874.0,14605.562,,5.89,56.0,America,Northern Hemisphere,High,110.0,LAC,9.95,
Jamaica,JAM,2020,2.425,2.792,10243.102,0.0,0.02,-0.163,2830745.0,18402554628.0,10243.102,,5.89,60.0,America,Northern Hemisphere,High,110.0,LAC,9.95,
Jamaica,JAM,2021,2.577,2.894,11227.207,0.0,0.02,-0.192,2837680.0,19249256856.0,11227.207,,6.309,37.0,America,Northern Hemisphere,High,110.0,LAC,9.95,39.9
Jordan,JOR,2013,3.011,4.694,12308.972,0.0,0.068,0.199,7991812.0,83495396478.0,12308.972,,5.414,74.0,Asia,Northern Hemisphere,High,102.0,AS,9.12,
Jordan,JOR,2014,2.976,4.296,11480.571,0.0,0.074,0.13,8791715.0,86320876820.0,11480.571,,,,Asia,Northern Hemisphere,High,102.0,AS,8.17,
Jordan,JOR,2015,2.703,3.922,11395.704,0.0,0.073,0.135,9544730.0,88475445240.0,11395.704,,5.192,82.0,Asia,Northern Hemisphere,High,102.0,AS,8.23,
Jordan,JOR,2016,2.493,3.804,11480.458,0.0,0.07,0.004,10006369.0,90239641982.0,11480.458,,5.303,80.0,Asia,Northern Hemisphere,High,102.0,AS,7.38,
Jordan,JOR,2017,2.548,3.343,11529.927,0.0,0.072,0.074,10234227.0,92472176531.0,11529.927,,5.336,74.0,Asia,Northern Hemisphere,High,102.0,AS,8.49,
Jordan,JOR,2018,2.43,3.241,10799.418,0.0,0.069,0.109,10462310.0,94246709824.0,10799.418,,5.161,90.0,Asia,Northern Hemisphere,High,102.0,AS,7.56,
Jordan,JOR,2019,2.302,3.061,10373.842,0.0,0.066,0.056,10671893.0,96062846478.0,10373.842,,4.906,101.0,Asia,Northern Hemisphere,High,102.0,AS,7.03,
Jordan,JOR,2020,1.898,2.664,9092.539,0.0,0.059,0.03,10865232.0,94554674762.0,9092.539,,4.633,119.0,Asia,Northern Hemisphere,High,102.0,AS,7.03,
Jordan,JOR,2021,1.915,2.769,9195.323,0.0,0.057,0.099,11066356.0,96661338596.0,9195.323,,4.395,127.0,Asia,Northern Hemisphere,High,102.0,AS,7.03,
Japan,JPN,2013,10.271,11.643,43658.484,0.028,3.719,-0.054,127723642.0,4621006950566.0,43658.484,324.029,6.064,43.0,Asia,Northern Hemisphere,Very High,19.0,,22.8,31.5
Japan,JPN,2014,9.886,11.013,42606.789,0.028,3.553,-0.042,127486601.0,4634693421103.0,42606.789,357.539,,,Asia,Northern Hemisphere,Very High,19.0,,22.42,31.3
Japan,JPN,2015,9.585,10.378,42138.867,0.029,3.446,-0.035,127275868.0,4707025000790.0,42138.867,410.581,5.987,46.0,Asia,Northern Hemisphere,Very High,19.0,,20.3,30.7
Japan,JPN,2016,9.436,10.403,41646.914,0.029,3.39,-0.036,127159950.0,4742508721138.0,41646.914,400.425,5.921,53.0,Asia,Northern Hemisphere,Very High,19.0,,19.28,31.8
Japan,JPN,2017,9.321,10.145,42137.562,0.03,3.292,-0.009,127064686.0,4821960242931.0,42137.562,427.926,5.92,51.0,Asia,Northern Hemisphere,Very High,19.0,,19.47,31.8
Japan,JPN,2018,8.971,10.041,41899.98,0.03,3.099,0.008,126913432.0,4852985093686.0,41899.98,457.705,5.915,54.0,Asia,Northern Hemisphere,Very High,19.0,,18.89,32.9
Japan,JPN,2019,8.698,9.832,41086.219,0.031,2.972,-0.02,126699421.0,4833467877373.0,41086.219,459.348,5.886,58.0,Asia,Northern Hemisphere,Very High,19.0,,18.18,33.0
Japan,JPN,2020,8.213,9.372,38203.219,0.031,2.95,0.011,126304533.0,4626661481209.0,38203.219,501.689,5.871,62.0,Asia,Northern Hemisphere,Very High,19.0,,18.18,32.3
Japan,JPN,2021,8.422,9.706,40020.164,0.032,2.871,0.036,125679342.0,4725883595048.0,40020.164,540.688,5.94,56.0,Asia,Northern Hemisphere,Very High,19.0,,18.18,
Kazakhstan,KAZ,2013,14.441,11.432,41671.484,0.009,0.719,-0.934,17556502.0,400574375261.0,41671.484,19.785,5.671,57.0,Asia,Northern Hemisphere,Very High,56.0,ECA,38.56,27.1
Kazakhstan,KAZ,2014,16.79,12.234,43168.984,0.009,0.843,-0.209,17816285.0,417799078586.0,43168.984,21.062,,,Asia,Northern Hemisphere,Very High,56.0,ECA,39.4,27.0
Kazakhstan,KAZ,2015,16.758,13.829,35163.887,0.01,0.856,-0.675,18084175.0,421977118608.0,35163.887,23.918,5.855,54.0,Asia,Northern Hemisphere,Very High,56.0,ECA,44.26,26.8
Kazakhstan,KAZ,2016,16.431,12.428,38735.684,0.01,0.853,-0.697,18363600.0,425774884998.0,38735.684,30.117,5.919,54.0,Asia,Northern Hemisphere,Very High,56.0,ECA,37.86,27.2
Kazakhstan,KAZ,2017,17.034,12.835,41010.547,0.01,0.883,-0.547,18651931.0,442384368842.0,41010.547,29.113,5.819,60.0,Asia,Northern Hemisphere,Very High,56.0,ECA,34.22,27.5
Kazakhstan,KAZ,2018,17.408,12.028,41684.305,0.01,0.897,-0.843,18932725.0,460522121041.0,41684.305,27.129,5.79,60.0,Asia,Northern Hemisphere,Very High,56.0,ECA,32.72,27.8
Kazakhstan,KAZ,2019,15.411,10.997,41578.891,0.01,0.798,-0.432,19209556.0,481245619523.0,41578.891,27.471,5.809,60.0,Asia,Northern Hemisphere,Very High,56.0,ECA,34.41,28.0
Kazakhstan,KAZ,2020,14.464,11.216,37774.996,0.01,0.801,-0.308,19482116.0,468733212615.0,37774.996,29.467,6.058,50.0,Asia,Northern Hemisphere,Very High,56.0,ECA,34.41,28.7
Kazakhstan,KAZ,2021,12.404,9.691,41644.129,0.01,0.664,-0.46,19743607.0,487951301251.0,41644.129,31.004,6.152,45.0,Asia,Northern Hemisphere,Very High,56.0,ECA,34.41,29.2
Kenya,KEN,2013,0.27,0.556,1423.846,0.001,0.034,1.003,44986794.0,127157517259.0,1423.846,,4.403,123.0,Africa,Northern Hemisphere,Medium,152.0,SSA,4.6,
Kenya,KEN,2014,0.287,0.633,1470.02,0.001,0.037,0.835,46051441.0,133540839466.0,1470.02,,,,Africa,Northern Hemisphere,Medium,152.0,SSA,4.72,
Kenya,KEN,2015,0.323,0.601,1671.833,0.001,0.043,0.882,47088528.0,140175144054.0,1671.833,,4.419,125.0,Africa,Northern Hemisphere,Medium,152.0,SSA,5.08,40.8
Kenya,KEN,2016,0.338,0.596,1743.277,0.001,0.046,0.522,48139683.0,146082118752.0,1743.277,,4.356,122.0,Africa,Northern Hemisphere,Medium,152.0,SSA,4.94,
Kenya,KEN,2017,0.329,0.559,1727.493,0.001,0.045,0.936,49197757.0,151656608610.0,1727.493,,4.553,112.0,Africa,Northern Hemisphere,Medium,152.0,SSA,4.95,
Kenya,KEN,2018,0.339,0.582,1644.68,0.001,0.046,0.749,50207109.0,160257055688.0,1644.68,,4.41,124.0,Africa,Northern Hemisphere,Medium,152.0,SSA,4.62,
Kenya,KEN,2019,0.355,0.59,1678.614,0.001,0.049,0.469,51202829.0,168452589868.0,1678.614,,4.509,121.0,Africa,Northern Hemisphere,Medium,152.0,SSA,4.62,
Kenya,KEN,2020,0.383,0.598,1565.243,0.001,0.057,0.426,52217327.0,168031463891.0,1565.243,,4.583,121.0,Africa,Northern Hemisphere,Medium,152.0,SSA,4.62,36.2
Kenya,KEN,2021,0.387,0.63,1634.881,0.001,0.056,0.259,53219167.0,180662393951.0,1634.881,,4.607,121.0,Africa,Northern Hemisphere,Medium,152.0,SSA,4.62,38.7
Kyrgyzstan,KGZ,2013,1.679,2.948,8369.903,0.001,0.028,-0.024,5797294.0,24456653043.0,8369.903,,5.042,89.0,Asia,Northern Hemisphere,Medium,118.0,ECA,8.47,28.8
Kyrgyzstan,KGZ,2014,1.735,3.043,8409.271,0.001,0.029,-0.015,5898322.0,25440781974.0,8409.271,,,,Asia,Northern Hemisphere,Medium,118.0,ECA,9.39,26.8
Kyrgyzstan,KGZ,2015,1.71,2.75,7766.934,0.001,0.029,0.028,6001876.0,26426866370.0,7766.934,,5.286,77.0,Asia,Northern Hemisphere,Medium,118.0,ECA,8.93,29.0
Kyrgyzstan,KGZ,2016,1.575,2.931,7790.065,0.001,0.027,0.003,6108460.0,27572739134.0,7790.065,,5.185,85.0,Asia,Northern Hemisphere,Medium,118.0,ECA,8.62,26.8
Kyrgyzstan,KGZ,2017,1.505,2.786,7503.813,0.001,0.026,-0.016,6220148.0,28879683468.0,7503.813,,5.004,98.0,Asia,Northern Hemisphere,Medium,118.0,ECA,9.19,27.3
Kyrgyzstan,KGZ,2018,1.762,3.154,8019.065,0.001,0.03,-0.026,6341733.0,29878637891.0,8019.065,,5.131,92.0,Asia,Northern Hemisphere,Medium,118.0,ECA,8.98,27.7
Kyrgyzstan,KGZ,2019,1.393,2.695,7083.414,0.001,0.024,-0.033,6494036.0,31253353975.0,7083.414,,5.261,86.0,Asia,Northern Hemisphere,Medium,118.0,ECA,7.82,29.7
Kyrgyzstan,KGZ,2020,1.253,2.437,6303.29,0.001,0.024,-0.031,6664143.0,28560253227.0,6303.29,,5.542,74.0,Asia,Northern Hemisphere,Medium,118.0,ECA,7.82,29.0
Kyrgyzstan,KGZ,2021,1.516,2.787,6373.353,0.001,0.028,-0.039,6820483.0,29628978769.0,6373.353,,5.744,67.0,Asia,Northern Hemisphere,Medium,118.0,ECA,7.82,28.8
Cambodia,KHM,2013,0.371,1.392,1725.298,0.002,0.016,2.386,15170210.0,41183075555.0,1725.298,,4.067,140.0,Asia,Northern Hemisphere,Medium,146.0,EAP,5.01,
Cambodia,KHM,2014,0.435,1.347,1792.547,0.002,0.019,2.934,15396771.0,44124784572.0,1792.547,,,,Asia,Northern Hemisphere,Medium,146.0,EAP,4.73,
Cambodia,KHM,2015,0.524,1.554,2045.979,0.002,0.023,2.694,15623253.0,47229402407.0,2045.979,,3.819,145.0,Asia,Northern Hemisphere,Medium,146.0,EAP,4.92,
Cambodia,KHM,2016,0.671,1.618,2504.222,0.002,0.03,3.05,15852802.0,50470756754.0,2504.222,,3.907,140.0,Asia,Northern Hemisphere,Medium,146.0,EAP,5.37,
Cambodia,KHM,2017,0.752,1.599,2612.837,0.002,0.034,3.018,16073374.0,54002196805.0,2612.837,,4.168,129.0,Asia,Northern Hemisphere,Medium,146.0,EAP,5.42,
Cambodia,KHM,2018,0.856,1.828,3033.558,0.002,0.038,3.317,16274522.0,58035619609.0,3033.558,,4.433,120.0,Asia,Northern Hemisphere,Medium,146.0,EAP,5.23,
Cambodia,KHM,2019,1.13,2.157,3629.568,0.002,0.05,3.466,16481305.0,62129452776.0,3629.568,,4.7,109.0,Asia,Northern Hemisphere,Medium,146.0,EAP,5.7,
Cambodia,KHM,2020,1.255,2.228,3623.188,0.002,0.06,3.044,16725484.0,60205930987.0,3623.188,,4.848,106.0,Asia,Northern Hemisphere,Medium,146.0,EAP,5.7,
Cambodia,KHM,2021,1.224,2.162,3779.001,0.002,0.056,1.918,16974309.0,62027758832.0,3779.001,,4.83,114.0,Asia,Northern Hemisphere,Medium,146.0,EAP,5.7,
Kiribati,KIR,2013,0.483,,2114.567,0.0,0.0,0.0,113847.0,,2114.567,,,,Oceania,Northern Hemisphere,Medium,136.0,EAP,,
Kiribati,KIR,2014,0.477,,2094.633,0.0,0.0,0.0,115339.0,,2094.633,,,,Oceania,Northern Hemisphere,Medium,136.0,EAP,,
Kiribati,KIR,2015,0.502,,2193.604,0.0,0.0,0.0,116826.0,,2193.604,,,,Oceania,Northern Hemisphere,Medium,136.0,EAP,,
Kiribati,KIR,2016,0.464,,2312.025,0.0,0.0,0.0,118488.0,,2312.025,,,,Oceania,Northern Hemisphere,Medium,136.0,EAP,,
Kiribati,KIR,2017,0.579,,2577.624,0.0,0.0,0.0,120288.0,,2577.624,,,,Oceania,Northern Hemisphere,Medium,136.0,EAP,,
Kiribati,KIR,2018,0.57,,2569.699,0.0,0.0,0.0,122097.0,,2569.699,,,,Oceania,Northern Hemisphere,Medium,136.0,EAP,,
Kiribati,KIR,2019,0.562,,2550.497,0.0,0.0,0.0,123928.0,,2550.497,,,,Oceania,Northern Hemisphere,Medium,136.0,EAP,,27.8
Kiribati,KIR,2020,0.552,,2468.371,0.0,0.0,0.0,126110.0,,2468.371,,,,Oceania,Northern Hemisphere,Medium,136.0,EAP,,
Kiribati,KIR,2021,0.542,,2424.593,0.0,0.0,0.0,128387.0,,2424.593,,,,Oceania,Northern Hemisphere,Medium,136.0,EAP,,
Saint Kitts and Nevis,KNA,2013,4.746,,21595.963,0.0,0.001,-1.513,47092.0,,21595.963,,,,America,Northern Hemisphere,High,75.0,LAC,,
Saint Kitts and Nevis,KNA,2014,4.822,,21861.322,0.0,0.001,-1.528,47112.0,,21861.322,,,,America,Northern Hemisphere,High,75.0,LAC,,
Saint Kitts and Nevis,KNA,2015,4.9,,22399.078,0.0,0.001,-1.602,47108.0,,22399.078,,,,America,Northern Hemisphere,High,75.0,LAC,,
Saint Kitts and Nevis,KNA,2016,5.057,,23007.656,0.0,0.001,-1.361,47099.0,,23007.656,,,,America,Northern Hemisphere,High,75.0,LAC,,
Saint Kitts and Nevis,KNA,2017,5.137,,23117.529,0.0,0.001,-1.492,47075.0,,23117.529,,,,America,Northern Hemisphere,High,75.0,LAC,,
Saint Kitts and Nevis,KNA,2018,5.297,,23590.609,0.0,0.001,-1.493,47032.0,,23590.609,,,,America,Northern Hemisphere,High,75.0,LAC,,
Saint Kitts and Nevis,KNA,2019,5.538,,23980.764,0.0,0.001,-1.463,46976.0,,23980.764,,,,America,Northern Hemisphere,High,75.0,LAC,,
Saint Kitts and Nevis,KNA,2020,5.157,,22395.141,0.0,0.001,-1.423,46896.0,,22395.141,,,,America,Northern Hemisphere,High,75.0,LAC,,
Saint Kitts and Nevis,KNA,2021,5.012,,22304.869,0.0,0.001,-1.38,46786.0,,22304.869,,,,America,Northern Hemisphere,High,75.0,LAC,,
South Korea,KOR,2013,12.674,13.376,64755.305,0.006,1.799,-0.101,50071168.0,1700045113031.0,64755.305,32.286,6.267,41.0,Asia,Northern Hemisphere,Very High,19.0,,21.21,
South Korea,KOR,2014,12.453,13.746,64689.973,0.007,1.775,-0.043,50539055.0,1754480590300.0,64689.973,41.046,,,Asia,Northern Hemisphere,Very High,19.0,,21.49,31.2
South Korea,KOR,2015,12.439,13.265,65128.559,0.007,1.791,-0.037,50983909.0,1803763858886.0,65128.559,48.042,5.984,47.0,Asia,Northern Hemisphere,Very High,19.0,,21.49,
South Korea,KOR,2016,12.435,13.05,67038.734,0.007,1.802,-0.084,51297836.0,1856920794289.0,67038.734,56.572,5.835,57.0,Asia,Northern Hemisphere,Very High,19.0,,21.6,35.2
South Korea,KOR,2017,12.713,13.631,67581.461,0.008,1.819,-0.089,51486268.0,1915599559593.0,67581.461,68.386,5.838,55.0,Asia,Northern Hemisphere,Very High,19.0,,22.72,34.9
South Korea,KOR,2018,12.977,14.508,68987.422,0.008,1.824,-0.057,51640894.0,1971285914824.0,68987.422,84.679,5.875,57.0,Asia,Northern Hemisphere,Very High,19.0,,21.65,33.7
South Korea,KOR,2019,12.481,14.209,67917.344,0.008,1.742,-0.093,51767844.0,2015521635585.0,67917.344,98.352,5.895,54.0,Asia,Northern Hemisphere,Very High,19.0,,22.01,33.2
South Korea,KOR,2020,11.524,13.152,65364.605,0.008,1.7,-0.106,51858481.0,2001231642062.0,65364.605,117.038,5.872,61.0,Asia,Northern Hemisphere,Very High,19.0,,22.01,32.7
South Korea,KOR,2021,11.882,13.84,68918.578,0.009,1.671,-0.13,51848401.0,2084182684453.0,68918.578,138.026,5.845,62.0,Asia,Northern Hemisphere,Very High,19.0,,22.01,32.9
Kuwait,KWT,2013,23.675,23.384,127883.844,0.001,0.235,0.005,3507755.0,217029672079.0,127883.844,0.0,6.515,32.0,Asia,Northern Hemisphere,Very High,50.0,AS,52.64,
Kuwait,KWT,2014,20.458,21.912,119275.031,0.001,0.211,0.002,3665769.0,218112639263.0,119275.031,0.008,,,Asia,Northern Hemisphere,Very High,50.0,AS,51.6,
Kuwait,KWT,2015,24.337,28.199,122225.258,0.001,0.264,0.003,3834465.0,219406044434.0,122225.258,0.013,6.295,39.0,Asia,Northern Hemisphere,Very High,50.0,AS,55.47,
Kuwait,KWT,2016,25.979,26.83,116373.016,0.001,0.294,0.004,4003976.0,225825859800.0,116373.016,0.123,6.239,41.0,Asia,Northern Hemisphere,Very High,50.0,AS,56.98,
Kuwait,KWT,2017,24.072,24.222,112401.039,0.001,0.278,0.003,4154686.0,215180426540.0,112401.039,0.133,6.105,39.0,Asia,Northern Hemisphere,Very High,50.0,AS,53.82,
Kuwait,KWT,2018,23.697,24.29,111575.0,0.001,0.279,0.002,4323389.0,220424403170.0,111575.0,0.137,6.083,45.0,Asia,Northern Hemisphere,Very High,50.0,AS,61.33,
Kuwait,KWT,2019,23.559,24.342,99692.883,0.001,0.282,0.002,4442201.0,219207651814.0,99692.883,0.154,6.021,51.0,Asia,Northern Hemisphere,Very High,50.0,AS,65.32,
Kuwait,KWT,2020,20.477,22.203,95378.398,0.002,0.256,0.002,4400146.0,199796812404.0,95378.398,0.157,6.102,48.0,Asia,Northern Hemisphere,Very High,50.0,AS,65.32,
Kuwait,KWT,2021,20.15,22.041,107581.398,0.002,0.238,0.002,4360748.0,202410138854.0,107581.398,0.522,6.106,47.0,Asia,Northern Hemisphere,Very High,50.0,AS,65.32,
Laos,LAO,2013,0.635,0.531,2815.821,0.001,0.012,11.665,6611385.0,33213895000.0,2815.821,,4.787,109.0,Asia,Northern Hemisphere,Medium,140.0,EAP,6.82,
Laos,LAO,2014,0.654,0.552,2958.908,0.001,0.012,11.745,6703170.0,35727804000.0,2958.908,,,,Asia,Northern Hemisphere,Medium,140.0,EAP,7.46,
Laos,LAO,2015,1.35,1.142,5482.171,0.001,0.026,8.698,6801647.0,38423808000.0,5482.171,,4.876,99.0,Asia,Northern Hemisphere,Medium,140.0,EAP,8.52,
Laos,LAO,2016,2.375,1.108,8507.049,0.001,0.046,6.198,6908800.0,41128975200.0,8507.049,,4.876,102.0,Asia,Northern Hemisphere,Medium,140.0,EAP,8.76,
Laos,LAO,2017,2.796,1.993,9871.347,0.001,0.055,5.008,7018150.0,43958737408.0,9871.347,,,,Asia,Northern Hemisphere,Medium,140.0,EAP,8.72,
Laos,LAO,2018,2.873,1.952,10029.2,0.001,0.056,4.503,7128043.0,46694965948.0,10029.2,,4.623,110.0,Asia,Northern Hemisphere,Medium,140.0,EAP,9.61,38.8
Laos,LAO,2019,2.534,1.855,10097.163,0.001,0.049,3.404,7237635.0,49243304815.0,10097.163,,4.796,105.0,Asia,Northern Hemisphere,Medium,140.0,EAP,9.64,
Laos,LAO,2020,2.49,1.919,9094.354,0.001,0.052,3.01,7346534.0,50856670244.0,9094.354,,4.889,104.0,Asia,Northern Hemisphere,Medium,140.0,EAP,9.64,
Laos,LAO,2021,2.93,1.679,9379.786,0.001,0.059,4.211,7453192.0,52626361275.0,9379.786,,5.03,100.0,Asia,Northern Hemisphere,Medium,140.0,EAP,9.64,
Lebanon,LBN,2013,3.859,,15143.684,0.0,0.063,-0.003,5743441.0,71116324024.0,15143.684,,4.931,97.0,Asia,Northern Hemisphere,High,112.0,AS,18.94,
Lebanon,LBN,2014,3.78,,14433.08,0.0,0.068,0.001,6346993.0,72883563855.0,14433.08,,,,Asia,Northern Hemisphere,High,112.0,AS,16.94,
Lebanon,LBN,2015,3.975,,15547.409,0.0,0.073,0.029,6472470.0,73219558993.0,15547.409,,4.839,103.0,Asia,Northern Hemisphere,High,112.0,AS,15.45,
Lebanon,LBN,2016,4.181,,16396.982,0.0,0.075,0.032,6323061.0,74358860056.0,16396.982,,5.129,93.0,Asia,Northern Hemisphere,High,112.0,AS,14.75,
Lebanon,LBN,2017,4.516,,17961.676,0.0,0.077,-0.006,6160129.0,75030320802.0,17961.676,,5.225,88.0,Asia,Northern Hemisphere,High,112.0,AS,14.4,
Lebanon,LBN,2018,4.313,,17397.031,0.0,0.07,-0.018,5984120.0,73615988520.0,17397.031,,5.199,88.0,Asia,Northern Hemisphere,High,112.0,AS,13.1,
Lebanon,LBN,2019,4.339,,18132.562,0.0,0.068,0.029,5794601.0,68525451094.0,18132.562,,5.197,91.0,Asia,Northern Hemisphere,High,112.0,AS,12.4,
Lebanon,LBN,2020,4.155,,17183.104,0.0,0.067,0.016,5702400.0,50772560784.0,17183.104,,4.772,111.0,Asia,Northern Hemisphere,High,112.0,AS,12.4,
Lebanon,LBN,2021,3.406,,14689.979,0.0,0.053,-0.003,5718129.0,50772615264.0,14689.979,,4.584,123.0,Asia,Northern Hemisphere,High,112.0,AS,12.4,
Liberia,LBR,2013,0.196,,822.972,0.001,0.002,7.02,4470246.0,3819600000.0,822.972,,4.196,133.0,Africa,Northern Hemisphere,Low,178.0,SSA,3.23,
Liberia,LBR,2014,0.161,,1061.386,0.001,0.002,6.968,4564299.0,3843632000.0,1061.386,,,,Africa,Northern Hemisphere,Low,178.0,SSA,3.39,33.2
Liberia,LBR,2015,0.15,,1043.527,0.001,0.002,6.043,4659436.0,3857900000.0,1043.527,,4.571,116.0,Africa,Northern Hemisphere,Low,178.0,SSA,3.62,
Liberia,LBR,2016,0.136,,1175.481,0.001,0.002,5.999,4755607.0,3859976097.0,1175.481,,3.622,150.0,Africa,Northern Hemisphere,Low,178.0,SSA,3.64,35.3
Liberia,LBR,2017,0.138,,995.341,0.001,0.002,6.22,4848927.0,3977674130.0,995.341,,3.533,148.0,Africa,Northern Hemisphere,Low,178.0,SSA,3.54,
Liberia,LBR,2018,0.123,,440.826,0.001,0.002,5.398,4944728.0,4051631897.0,440.826,,3.495,149.0,Africa,Northern Hemisphere,Low,178.0,SSA,2.77,
Liberia,LBR,2019,0.185,,718.299,0.001,0.003,4.815,5043719.0,3959325948.0,718.299,,3.975,141.0,Africa,Northern Hemisphere,Low,178.0,SSA,2.71,
Liberia,LBR,2020,0.151,,548.427,0.001,0.002,4.626,5149470.0,3845664451.0,548.427,,4.558,124.0,Africa,Northern Hemisphere,Low,178.0,SSA,2.71,
Liberia,LBR,2021,0.149,,508.531,0.001,0.002,4.229,5259327.0,4037436536.0,508.531,,4.625,120.0,Africa,Northern Hemisphere,Low,178.0,SSA,2.71,
Libya,LBY,2013,8.144,,36775.57,0.001,0.146,-0.082,6304636.0,121351322417.0,36775.57,,5.34,78.0,Africa,Northern Hemisphere,High,104.0,AS,16.25,
Libya,LBY,2014,10.634,,35231.008,0.001,0.193,-0.076,6427260.0,93388346336.0,35231.008,,,,Africa,Northern Hemisphere,High,104.0,AS,14.39,
Libya,LBY,2015,9.318,,27587.34,0.001,0.172,-0.068,6531825.0,92601079752.0,27587.34,,5.754,63.0,Africa,Northern Hemisphere,High,104.0,AS,8.61,
Libya,LBY,2016,8.652,,26594.119,0.001,0.162,-0.06,6632130.0,91220396354.0,26594.119,,5.615,67.0,Africa,Northern Hemisphere,High,104.0,AS,8.6,
Libya,LBY,2017,9.956,,41165.113,0.001,0.186,-0.056,6738771.0,120859728232.0,41165.113,,5.525,68.0,Africa,Northern Hemisphere,High,104.0,AS,11.21,
Libya,LBY,2018,9.146,,38450.117,0.001,0.171,-0.052,6849058.0,130457185445.0,38450.117,,5.566,70.0,Africa,Northern Hemisphere,High,104.0,AS,15.55,
Libya,LBY,2019,10.614,,32330.232,0.001,0.199,-0.048,6951040.0,115851209708.0,32330.232,,5.525,72.0,Africa,Northern Hemisphere,High,104.0,AS,16.08,
Libya,LBY,2020,5.125,,25440.334,0.001,0.103,-0.042,7045403.0,81726075633.0,25440.334,,5.489,80.0,Africa,Northern Hemisphere,High,104.0,AS,16.08,
Libya,LBY,2021,7.892,,28791.734,0.001,0.153,-0.038,7135179.0,104883157614.0,28791.734,,5.41,80.0,Africa,Northern Hemisphere,High,104.0,AS,16.08,
Saint Lucia,LCA,2013,2.811,,10444.183,0.0,0.001,-0.595,173380.0,1636031000.0,10444.183,,,,America,Northern Hemisphere,High,106.0,LAC,,
Saint Lucia,LCA,2014,2.798,,10499.429,0.0,0.001,-0.712,174145.0,1635705000.0,10499.429,,,,America,Northern Hemisphere,High,106.0,LAC,,
Saint Lucia,LCA,2015,2.744,,10514.652,0.0,0.001,-0.449,174919.0,1670340000.0,10514.652,,,,America,Northern Hemisphere,High,106.0,LAC,,43.7
Saint Lucia,LCA,2016,2.691,,10583.137,0.0,0.001,-0.646,175651.0,1719860632.0,10583.137,,,,America,Northern Hemisphere,High,106.0,LAC,,
Saint Lucia,LCA,2017,2.805,,11427.596,0.0,0.001,-0.661,176352.0,1781316024.0,11427.596,,,,America,Northern Hemisphere,High,106.0,LAC,,
Saint Lucia,LCA,2018,2.877,,14370.854,0.0,0.001,-0.667,177032.0,1830625072.0,14370.854,,,,America,Northern Hemisphere,High,106.0,LAC,,
Saint Lucia,LCA,2019,2.825,,14145.36,0.0,0.001,-0.649,177675.0,1824037649.0,14145.36,,,,America,Northern Hemisphere,High,106.0,LAC,,
Saint Lucia,LCA,2020,2.734,,13442.011,0.0,0.001,-0.619,178261.0,1361621707.0,13442.011,,,,America,Northern Hemisphere,High,106.0,LAC,,
Saint Lucia,LCA,2021,2.832,,13946.938,0.0,0.001,-0.591,178540.0,1515672504.0,13946.938,,,,America,Northern Hemisphere,High,106.0,LAC,,
Liechtenstein,LIE,2013,5.212,,,0.0,0.001,-0.471,,,,,,,Europe,Northern Hemisphere,Very High,16.0,,,
Liechtenstein,LIE,2014,4.334,,,0.0,0.0,-0.453,,,,,,,Europe,Northern Hemisphere,Very High,16.0,,,
Liechtenstein,LIE,2015,4.266,,,0.0,0.0,-0.465,,,,,,,Europe,Northern Hemisphere,Very High,16.0,,,
Liechtenstein,LIE,2016,3.976,,,0.0,0.0,-0.471,,,,,,,Europe,Northern Hemisphere,Very High,16.0,,,
Liechtenstein,LIE,2017,4.105,,,0.0,0.0,-0.441,,,,,,,Europe,Northern Hemisphere,Very High,16.0,,,
Liechtenstein,LIE,2018,3.736,,,0.0,0.0,-0.427,,,,,,,Europe,Northern Hemisphere,Very High,16.0,,,
Liechtenstein,LIE,2019,3.865,,,0.0,0.0,-0.433,,,,,,,Europe,Northern Hemisphere,Very High,16.0,,,
Liechtenstein,LIE,2020,3.65,,,0.0,0.0,-0.415,,,,,,,Europe,Northern Hemisphere,Very High,16.0,,,
Liechtenstein,LIE,2021,3.727,,,0.0,0.0,-0.395,,,,,,,Europe,Northern Hemisphere,Very High,16.0,,,
Sri Lanka,LKA,2013,0.662,1.571,3708.73,0.001,0.04,0.706,21358829.0,220937614421.0,3708.73,18.441,4.151,137.0,Asia,Northern Hemisphere,High,73.0,SA,3.52,
Sri Lanka,LKA,2014,0.792,1.721,3986.135,0.001,0.048,0.594,21547454.0,235029015924.0,3986.135,12.504,,,Asia,Northern Hemisphere,High,73.0,SA,5.73,
Sri Lanka,LKA,2015,0.883,1.784,4201.579,0.001,0.054,0.738,21729975.0,244914328998.0,4201.579,16.31,4.271,132.0,Asia,Northern Hemisphere,High,73.0,SA,6.2,
Sri Lanka,LKA,2016,1.02,1.986,4603.753,0.001,0.063,0.663,21910763.0,257292293131.0,4603.753,11.932,4.415,117.0,Asia,Northern Hemisphere,High,73.0,SA,4.55,39.3
Sri Lanka,LKA,2017,1.004,1.953,4832.206,0.001,0.062,0.982,22087525.0,273915973018.0,4832.206,11.766,4.44,120.0,Asia,Northern Hemisphere,High,73.0,SA,7.29,
Sri Lanka,LKA,2018,0.905,1.916,5049.593,0.001,0.055,0.624,22253116.0,280243422762.0,5049.593,17.832,4.471,116.0,Asia,Northern Hemisphere,High,73.0,SA,4.33,
Sri Lanka,LKA,2019,0.942,1.926,5043.847,0.001,0.057,0.487,22410552.0,279626891521.0,5043.847,14.378,4.366,130.0,Asia,Northern Hemisphere,High,73.0,SA,4.36,37.7
Sri Lanka,LKA,2020,0.905,1.855,4653.029,0.001,0.058,0.415,22561808.0,269918239631.0,4653.029,15.486,4.327,130.0,Asia,Northern Hemisphere,High,73.0,SA,4.36,
Sri Lanka,LKA,2021,0.917,2.015,4795.043,0.001,0.056,0.368,22700377.0,278898406287.0,4795.043,22.572,4.325,129.0,Asia,Northern Hemisphere,High,73.0,SA,4.36,
Lesotho,LSO,2013,1.033,,1610.642,0.0,0.006,1.435,2056509.0,4954224000.0,1610.642,,4.898,98.0,Africa,Southern Hemisphere,Low,168.0,SSA,,
Lesotho,LSO,2014,1.078,,1641.573,0.0,0.006,0.126,2080091.0,5134648000.0,1641.573,,,,Africa,Southern Hemisphere,Low,168.0,SSA,,
Lesotho,LSO,2015,0.971,,1577.33,0.0,0.006,3.539,2104614.0,5279080000.0,1577.33,,4.898,97.0,Africa,Southern Hemisphere,Low,168.0,SSA,,
Lesotho,LSO,2016,0.951,,1737.047,0.0,0.006,4.484,2130424.0,5418793037.0,1737.047,,,,Africa,Southern Hemisphere,Low,168.0,SSA,,
Lesotho,LSO,2017,1.06,,1842.364,0.0,0.006,4.377,2157117.0,5197453242.0,1842.364,,3.808,139.0,Africa,Southern Hemisphere,Low,168.0,SSA,,44.9
Lesotho,LSO,2018,0.992,,1771.341,0.0,0.006,2.741,2183611.0,5068079163.0,1771.341,,3.808,141.0,Africa,Southern Hemisphere,Low,168.0,SSA,,
Lesotho,LSO,2019,0.99,,1821.103,0.0,0.006,3.139,2209414.0,4996214053.0,1821.103,,3.802,144.0,Africa,Southern Hemisphere,Low,168.0,SSA,,
Lesotho,LSO,2020,0.888,,1613.199,0.0,0.006,3.229,2235727.0,4623560803.0,1613.199,,3.653,143.0,Africa,Southern Hemisphere,Low,168.0,SSA,,
Lesotho,LSO,2021,1.369,,1755.905,0.0,0.008,3.203,2261549.0,4709220668.0,1755.905,,3.512,145.0,Africa,Southern Hemisphere,Low,168.0,SSA,,
Lithuania,LTU,2013,4.444,6.935,21436.043,0.001,0.037,0.324,2958359.0,63937849304.0,21436.043,4.775,5.426,71.0,Europe,Northern Hemisphere,Very High,35.0,,39.23,35.3
Lithuania,LTU,2014,4.379,7.053,20866.352,0.001,0.036,-0.236,2933171.0,66199372603.0,20866.352,4.81,,,Europe,Northern Hemisphere,Very High,35.0,,41.49,37.7
Lithuania,LTU,2015,4.489,6.951,22063.779,0.001,0.037,-1.137,2905771.0,67539660018.0,22063.779,5.307,5.833,56.0,Europe,Northern Hemisphere,Very High,35.0,,36.91,37.4
Lithuania,LTU,2016,4.566,7.546,22908.295,0.001,0.037,-1.38,2869109.0,69240911932.0,22908.295,6.195,5.813,60.0,Europe,Northern Hemisphere,Very High,35.0,,37.99,38.4
Lithuania,LTU,2017,4.693,7.884,24440.611,0.001,0.037,-0.929,2829317.0,72206131673.0,24440.611,7.492,5.902,52.0,Europe,Northern Hemisphere,Very High,35.0,,39.93,37.3
Lithuania,LTU,2018,4.787,8.521,25323.756,0.001,0.037,-0.031,2802485.0,75089601435.0,25323.756,6.737,5.952,50.0,Europe,Northern Hemisphere,Very High,35.0,,38.38,35.7
Lithuania,LTU,2019,4.883,8.023,25257.848,0.001,0.037,-0.639,2795057.0,78562641002.0,25257.848,7.331,6.149,42.0,Europe,Northern Hemisphere,Very High,35.0,,40.13,35.3
Lithuania,LTU,2020,4.829,7.346,25143.193,0.001,0.038,-0.658,2795766.0,78545278418.0,25143.193,7.943,6.215,41.0,Europe,Northern Hemisphere,Very High,35.0,,40.13,36.0
Lithuania,LTU,2021,4.93,8.076,25102.789,0.001,0.037,-0.81,2794490.0,83242845981.0,25102.789,8.384,6.255,38.0,Europe,Northern Hemisphere,Very High,35.0,,40.13,36.7
Luxembourg,LUX,2013,18.999,18.064,84092.562,0.0,0.029,0.328,543358.0,29514812514.0,84092.562,1.621,7.054,19.0,Europe,Northern Hemisphere,Very High,17.0,,62.16,32.0
Luxembourg,LUX,2014,17.629,17.319,79589.086,0.0,0.028,0.328,556285.0,30289014849.0,79589.086,1.876,,,Europe,Northern Hemisphere,Very High,17.0,,57.31,31.2
Luxembourg,LUX,2015,16.389,16.438,75560.039,0.0,0.026,0.236,569540.0,30976491415.0,75560.039,2.107,6.946,17.0,Europe,Northern Hemisphere,Very High,17.0,,51.55,32.9
Luxembourg,LUX,2016,15.556,15.283,72765.094,0.0,0.026,0.278,583511.0,32518554202.0,72765.094,2.246,6.871,20.0,Europe,Northern Hemisphere,Very High,17.0,,46.52,31.7
Luxembourg,LUX,2017,15.509,14.93,74357.836,0.0,0.026,0.275,596506.0,32946911821.0,74357.836,2.889,6.863,18.0,Europe,Northern Hemisphere,Very High,17.0,,46.69,34.5
Luxembourg,LUX,2018,15.715,14.363,76353.008,0.0,0.026,0.229,608109.0,33348602359.0,76353.008,3.227,6.91,17.0,Europe,Northern Hemisphere,Very High,17.0,,42.21,35.4
Luxembourg,LUX,2019,15.722,13.648,76250.828,0.0,0.026,0.263,620167.0,34122291521.0,76250.828,3.642,7.09,14.0,Europe,Northern Hemisphere,Very High,17.0,,45.47,34.2
Luxembourg,LUX,2020,12.796,11.51,64289.547,0.0,0.023,0.297,630597.0,33850190319.0,64289.547,4.287,7.238,10.0,Europe,Northern Hemisphere,Very High,17.0,,45.47,33.4
Luxembourg,LUX,2021,13.134,12.485,67493.578,0.0,0.023,0.209,640276.0,35577396523.0,67493.578,4.278,7.324,8.0,Europe,Northern Hemisphere,Very High,17.0,,45.47,32.7
Latvia,LVA,2013,3.661,6.327,22147.385,0.001,0.021,-0.067,2013004.0,41350512828.0,22147.385,9.57,5.046,88.0,Europe,Northern Hemisphere,Very High,39.0,,29.67,35.5
Latvia,LVA,2014,3.597,6.088,20567.852,0.001,0.02,0.225,1994153.0,42137028688.0,20567.852,7.702,,,Europe,Northern Hemisphere,Very High,39.0,,33.02,35.1
Latvia,LVA,2015,3.672,6.382,21292.598,0.001,0.021,2.038,1977874.0,43774190659.0,21292.598,7.79,5.098,89.0,Europe,Northern Hemisphere,Very High,39.0,,29.74,34.2
Latvia,LVA,2016,3.679,6.356,22950.191,0.001,0.02,0.652,1959863.0,44810998817.0,22950.191,9.402,5.56,68.0,Europe,Northern Hemisphere,Very High,39.0,,31.17,34.3
Latvia,LVA,2017,3.714,7.18,25378.883,0.001,0.02,0.517,1942599.0,46295495418.0,25378.883,14.362,5.85,54.0,Europe,Northern Hemisphere,Very High,39.0,,31.53,35.6
Latvia,LVA,2018,4.069,8.229,22825.789,0.001,0.021,1.358,1927586.0,48143398790.0,22825.789,9.745,5.933,53.0,Europe,Northern Hemisphere,Very High,39.0,,31.52,35.1
Latvia,LVA,2019,3.988,7.874,23645.102,0.001,0.021,1.006,1914267.0,49380620266.0,23645.102,8.92,5.94,53.0,Europe,Northern Hemisphere,Very High,39.0,,31.04,34.5
Latvia,LVA,2020,3.682,7.061,21682.367,0.001,0.02,0.999,1901119.0,48292861660.0,21682.367,10.138,5.95,57.0,Europe,Northern Hemisphere,Very High,39.0,,31.04,35.7
Latvia,LVA,2021,3.828,7.931,22845.332,0.001,0.02,0.679,1885593.0,50255494980.0,22845.332,10.29,6.032,51.0,Europe,Northern Hemisphere,Very High,39.0,,31.04,34.3
Macao,MAC,2013,1.652,,18736.98,0.0,0.003,,598752.0,,18736.98,,,,,,,,,,
Macao,MAC,2014,2.119,,19851.902,0.0,0.004,,610308.0,,19851.902,,,,,,,,,,
Macao,MAC,2015,2.85,,20828.768,0.0,0.005,,622185.0,,20828.768,,,,,,,,,,
Macao,MAC,2016,2.807,,20759.721,0.0,0.005,,634317.0,,20759.721,,,,,,,,,,
Macao,MAC,2017,2.981,,24844.086,0.0,0.005,,646558.0,,24844.086,,,,,,,,,,
Macao,MAC,2018,1.885,,20720.635,0.0,0.003,,658777.0,,20720.635,,,,,,,,,,
Macao,MAC,2019,1.807,,21234.24,0.0,0.003,,670982.0,,21234.24,,,,,,,,,,
Macao,MAC,2020,1.513,,18908.174,0.0,0.003,,683069.0,,18908.174,,,,,,,,,,
Macao,MAC,2021,1.483,,17740.322,0.0,0.003,,694404.0,,17740.322,,,,,,,,,,
Morocco,MAR,2013,1.675,1.83,6333.073,0.001,0.16,-0.088,33787573.0,256393198875.0,6333.073,10.23,4.885,99.0,Africa,Northern Hemisphere,Medium,123.0,AS,7.93,39.5
Morocco,MAR,2014,1.672,1.791,6344.875,0.001,0.161,-0.14,34204784.0,263251716082.0,6344.875,9.062,,,Africa,Northern Hemisphere,Medium,123.0,AS,7.53,
Morocco,MAR,2015,1.69,1.779,6381.802,0.001,0.165,0.996,34607590.0,274689990243.0,6381.802,11.165,5.013,92.0,Africa,Northern Hemisphere,Medium,123.0,AS,6.86,
Morocco,MAR,2016,1.669,1.887,6376.418,0.001,0.165,0.698,35023459.0,276121131010.0,6376.418,11.702,5.151,90.0,Africa,Northern Hemisphere,Medium,123.0,AS,6.66,
Morocco,MAR,2017,1.724,1.883,6595.896,0.001,0.17,0.088,35446395.0,290087315215.0,6595.896,11.587,5.235,84.0,Africa,Northern Hemisphere,Medium,123.0,AS,6.89,
Morocco,MAR,2018,1.739,1.912,6747.087,0.001,0.17,-0.491,35839760.0,298981397583.0,6747.087,16.13,5.254,85.0,Africa,Northern Hemisphere,Medium,123.0,AS,6.95,
Morocco,MAR,2019,1.898,2.007,7286.229,0.001,0.185,0.423,36210907.0,307624970074.0,7286.229,18.672,5.208,89.0,Africa,Northern Hemisphere,Medium,123.0,AS,6.95,
Morocco,MAR,2020,1.764,1.852,6625.93,0.001,0.184,0.034,36584208.0,285515953096.0,6625.93,17.233,5.095,97.0,Africa,Northern Hemisphere,Medium,123.0,AS,6.95,
Morocco,MAR,2021,1.902,2.013,7275.982,0.001,0.191,-0.086,36954443.0,308157391278.0,7275.982,19.077,4.918,106.0,Africa,Northern Hemisphere,Medium,123.0,AS,6.95,
Monaco,MCO,2013,,,,,,,,,,,,,Europe,Northern Hemisphere,,,,,
Monaco,MCO,2014,,,,,,,,,,,,,Europe,Northern Hemisphere,,,,,
Monaco,MCO,2015,,,,,,,,,,,,,Europe,Northern Hemisphere,,,,,
Monaco,MCO,2016,,,,,,,,,,,,,Europe,Northern Hemisphere,,,,,
Monaco,MCO,2017,,,,,,,,,,,,,Europe,Northern Hemisphere,,,,,
Monaco,MCO,2018,,,,,,,,,,,,,Europe,Northern Hemisphere,,,,,
Monaco,MCO,2019,,,,,,,,,,,,,Europe,Northern Hemisphere,,,,,
Monaco,MCO,2020,,,,,,,,,,,,,Europe,Northern Hemisphere,,,,,
Monaco,MCO,2021,,,,,,,,,,,,,Europe,Northern Hemisphere,,,,,
Moldova,MDA,2013,1.437,,12900.738,0.001,0.014,-1.237,3408741.0,19669685322.0,12900.738,,5.791,53.0,Europe,Northern Hemisphere,High,80.0,ECA,4.27,28.5
Moldova,MDA,2014,1.423,,12572.957,0.001,0.013,-1.197,3342715.0,20653170404.0,12572.957,,,,Europe,Northern Hemisphere,High,80.0,ECA,4.35,26.8
Moldova,MDA,2015,1.456,,11441.152,0.001,0.014,-1.183,3287168.0,20583362405.0,11441.152,,5.889,52.0,Europe,Northern Hemisphere,High,80.0,ECA,3.8,27.0
Moldova,MDA,2016,1.516,,11629.28,0.001,0.014,-1.137,3237798.0,21490882450.0,11629.28,,5.897,55.0,Europe,Northern Hemisphere,High,80.0,ECA,3.8,26.3
Moldova,MDA,2017,1.594,,11959.887,0.001,0.014,-1.469,3193500.0,22393497127.0,11959.887,,5.838,56.0,Europe,Northern Hemisphere,High,80.0,ECA,4.05,25.9
Moldova,MDA,2018,1.697,,12921.51,0.001,0.015,-1.217,3153779.0,23311634910.0,12921.51,,5.64,67.0,Europe,Northern Hemisphere,High,80.0,ECA,3.55,25.7
Moldova,MDA,2019,1.728,,13243.286,0.001,0.015,-1.214,3112561.0,24150849841.0,13243.286,,5.529,71.0,Europe,Northern Hemisphere,High,80.0,ECA,3.41,26.0
Moldova,MDA,2020,1.666,,12957.657,0.001,0.015,-0.97,3069135.0,22146328756.0,12957.657,,5.608,70.0,Europe,Northern Hemisphere,High,80.0,ECA,3.41,25.0
Moldova,MDA,2021,1.905,,14385.653,0.001,0.016,-0.964,3023780.0,25234640526.0,14385.653,,5.766,65.0,Europe,Northern Hemisphere,High,80.0,ECA,3.41,25.7
Madagascar,MDG,2013,0.127,0.202,526.938,0.003,0.009,1.657,24109290.0,30395500923.0,526.938,,3.966,146.0,Africa,Southern Hemisphere,Low,173.0,SSA,2.12,
Madagascar,MDG,2014,0.12,0.195,556.573,0.003,0.008,1.337,24764356.0,31410405446.0,556.573,,,,Africa,Southern Hemisphere,Low,173.0,SSA,2.12,
Madagascar,MDG,2015,0.123,0.183,597.421,0.003,0.009,1.472,25426703.0,32394175176.0,597.421,,3.681,147.0,Africa,Southern Hemisphere,Low,173.0,SSA,2.04,
Madagascar,MDG,2016,0.125,0.194,616.708,0.003,0.009,1.421,26099950.0,33687674194.0,616.708,,3.695,148.0,Africa,Southern Hemisphere,Low,173.0,SSA,1.99,
Madagascar,MDG,2017,0.142,0.214,552.947,0.003,0.011,1.395,26788379.0,35012614968.0,552.947,,3.644,144.0,Africa,Southern Hemisphere,Low,173.0,SSA,1.97,
Madagascar,MDG,2018,0.131,0.192,462.902,0.003,0.01,1.192,27494930.0,36130917975.0,462.902,,3.774,143.0,Africa,Southern Hemisphere,Low,173.0,SSA,1.53,
Madagascar,MDG,2019,0.147,0.204,551.201,0.003,0.011,1.076,28219559.0,37724649896.0,551.201,,3.933,143.0,Africa,Southern Hemisphere,Low,173.0,SSA,1.51,
Madagascar,MDG,2020,0.131,0.193,409.262,0.003,0.011,1.042,28953560.0,35031864099.0,409.262,,4.166,137.0,Africa,Southern Hemisphere,Low,173.0,SSA,1.51,
Madagascar,MDG,2021,0.143,0.209,527.316,0.003,0.012,0.997,29691087.0,37042695870.0,527.316,,4.208,135.0,Africa,Southern Hemisphere,Low,173.0,SSA,1.51,36.8
Maldives,MDV,2013,2.738,,16418.617,0.0,0.003,0.0,400077.0,,16418.617,,,,Asia,Northern Hemisphere,High,90.0,SA,,
Maldives,MDV,2014,3.189,,21282.586,0.0,0.004,0.0,413623.0,,21282.586,,,,Asia,Northern Hemisphere,High,90.0,SA,,
Maldives,MDV,2015,2.995,,15375.396,0.0,0.004,0.0,428165.0,,15375.396,,,,Asia,Northern Hemisphere,High,90.0,SA,,
Maldives,MDV,2016,3.232,,15741.273,0.0,0.004,0.0,443316.0,,15741.273,,,,Asia,Northern Hemisphere,High,90.0,SA,,31.3
Maldives,MDV,2017,3.302,,15783.812,0.0,0.004,0.0,458297.0,,15783.812,,,,Asia,Northern Hemisphere,High,90.0,SA,,
Maldives,MDV,2018,3.671,,12040.488,0.0,0.005,0.0,473106.0,,12040.488,,,,Asia,Northern Hemisphere,High,90.0,SA,,
Maldives,MDV,2019,4.087,,12777.098,0.0,0.005,0.0,487737.0,,12777.098,,,,Asia,Northern Hemisphere,High,90.0,SA,,29.3
Maldives,MDV,2020,3.342,,10117.312,0.0,0.005,0.0,502127.0,,10117.312,,5.198,87.0,Asia,Northern Hemisphere,High,90.0,SA,,
Maldives,MDV,2021,3.869,,12536.174,0.0,0.005,0.0,516163.0,,12536.174,,5.198,89.0,Asia,Northern Hemisphere,High,90.0,SA,,
Mexico,MEX,2013,4.186,4.982,18952.084,0.012,1.404,0.265,118343572.0,1803059285337.0,18952.084,108.269,7.088,16.0,America,Northern Hemisphere,High,86.0,LAC,10.3,
Mexico,MEX,2014,4.041,4.894,18621.592,0.013,1.365,0.312,119784265.0,1854551091374.0,18621.592,143.018,,,America,Northern Hemisphere,High,86.0,LAC,10.12,48.9
Mexico,MEX,2015,3.96,4.727,18215.734,0.013,1.354,0.215,121072310.0,1916008739051.0,18215.734,129.053,7.187,14.0,America,Northern Hemisphere,High,86.0,LAC,9.81,
Mexico,MEX,2016,3.917,4.679,18618.848,0.013,1.353,-0.238,122251344.0,1961906742138.0,18618.848,130.223,6.778,21.0,America,Northern Hemisphere,High,86.0,LAC,9.74,46.9
Mexico,MEX,2017,3.763,4.544,18879.297,0.013,1.291,-0.157,123400052.0,2007719438156.0,18879.297,134.188,6.578,25.0,America,Northern Hemisphere,High,86.0,LAC,10.05,
Mexico,MEX,2018,3.76,4.585,18337.242,0.013,1.275,-0.284,124573713.0,2051539127317.0,18337.242,144.553,6.488,24.0,America,Northern Hemisphere,High,86.0,LAC,10.89,46.0
Mexico,MEX,2019,3.723,4.476,17971.641,0.014,1.263,0.494,125762978.0,2047701179708.0,17971.641,149.725,6.595,23.0,America,Northern Hemisphere,High,86.0,LAC,10.85,
Mexico,MEX,2020,3.383,3.959,16329.474,0.014,1.22,0.13,126799053.0,1880176557054.0,16329.474,178.82,6.465,24.0,America,Northern Hemisphere,High,86.0,LAC,10.85,44.6
Mexico,MEX,2021,3.501,4.223,17223.479,0.014,1.212,-0.183,127648151.0,1973141022977.0,17223.479,208.781,6.317,36.0,America,Northern Hemisphere,High,86.0,LAC,10.85,
Marshall Islands,MHL,2013,2.746,,,0.0,0.0,0.0,,,,,,,Oceania,Northern Hemisphere,Medium,131.0,EAP,,
Marshall Islands,MHL,2014,2.795,,,0.0,0.0,0.0,,,,,,,Oceania,Northern Hemisphere,Medium,131.0,EAP,,
Marshall Islands,MHL,2015,2.927,,,0.0,0.0,0.0,,,,,,,Oceania,Northern Hemisphere,Medium,131.0,EAP,,
Marshall Islands,MHL,2016,2.994,,,0.0,0.0,0.0,,,,,,,Oceania,Northern Hemisphere,Medium,131.0,EAP,,
Marshall Islands,MHL,2017,3.149,,,0.0,0.0,0.0,,,,,,,Oceania,Northern Hemisphere,Medium,131.0,EAP,,
Marshall Islands,MHL,2018,3.235,,,0.0,0.0,0.0,,,,,,,Oceania,Northern Hemisphere,Medium,131.0,EAP,,
Marshall Islands,MHL,2019,3.329,,,0.0,0.0,0.0,,,,,,,Oceania,Northern Hemisphere,Medium,131.0,EAP,,35.5
Marshall Islands,MHL,2020,3.43,,,0.0,0.0,0.0,,,,,,,Oceania,Northern Hemisphere,Medium,131.0,EAP,,
Marshall Islands,MHL,2021,3.541,,,0.0,0.0,0.0,,,,,,,Oceania,Northern Hemisphere,Medium,131.0,EAP,,
North Macedonia,MKD,2013,3.702,,14960.775,0.0,0.021,1.42,2013280.0,23771197646.0,14960.775,4.085,4.574,118.0,Europe,Northern Hemisphere,High,78.0,ECA,15.16,36.2
North Macedonia,MKD,2014,3.587,,13996.478,0.0,0.02,1.183,1997842.0,24633991465.0,13996.478,3.29,,,Europe,Northern Hemisphere,High,78.0,ECA,15.12,35.2
North Macedonia,MKD,2015,3.393,,14884.378,0.0,0.019,1.203,1980366.0,25583815729.0,14884.378,5.152,5.007,93.0,Europe,Northern Hemisphere,High,78.0,ECA,14.68,35.6
North Macedonia,MKD,2016,3.368,,15598.139,0.0,0.019,0.815,1961268.0,26312536822.0,15598.139,5.216,5.121,95.0,Europe,Northern Hemisphere,High,78.0,ECA,16.89,34.5
North Macedonia,MKD,2017,3.653,,15164.854,0.0,0.02,0.623,1940877.0,26597107306.0,15164.854,3.274,5.175,92.0,Europe,Northern Hemisphere,High,78.0,ECA,14.33,34.2
North Macedonia,MKD,2018,3.466,,15849.292,0.0,0.018,0.581,1919730.0,27363281668.0,15849.292,4.925,5.185,89.0,Europe,Northern Hemisphere,High,78.0,ECA,13.0,33.0
North Macedonia,MKD,2019,4.018,,16366.357,0.0,0.021,0.275,1897643.0,28433274864.0,16366.357,3.363,5.274,84.0,Europe,Northern Hemisphere,High,78.0,ECA,12.29,33.5
North Macedonia,MKD,2020,3.729,,14801.113,0.0,0.02,0.176,1872021.0,27100243788.0,14801.113,3.681,5.16,90.0,Europe,Northern Hemisphere,High,78.0,ECA,12.29,
North Macedonia,MKD,2021,3.521,,15665.124,0.0,0.018,0.031,1851109.0,28165634846.0,15665.124,4.125,5.101,94.0,Europe,Northern Hemisphere,High,78.0,ECA,12.29,
Mali,MLI,2013,0.157,,692.098,0.0,0.008,1.916,17459619.0,20814126326.0,692.098,,4.247,132.0,Africa,Northern Hemisphere,Low,186.0,SSA,2.95,
Mali,MLI,2014,0.174,,720.216,0.0,0.009,1.823,18020267.0,22288805151.0,720.216,,,,Africa,Northern Hemisphere,Low,186.0,SSA,3.43,
Mali,MLI,2015,0.183,,838.405,0.0,0.01,2.137,18593022.0,23664472662.0,838.405,,3.995,138.0,Africa,Northern Hemisphere,Low,186.0,SSA,2.9,
Mali,MLI,2016,0.223,,1012.113,0.0,0.012,1.9,19191298.0,25049317347.0,1012.113,,4.073,135.0,Africa,Northern Hemisphere,Low,186.0,SSA,3.76,
Mali,MLI,2017,0.241,,1082.177,0.0,0.013,1.919,19813016.0,26378184458.0,1082.177,,4.19,127.0,Africa,Northern Hemisphere,Low,186.0,SSA,3.86,
Mali,MLI,2018,0.254,,1088.259,0.0,0.014,1.868,20442031.0,27630093375.0,1088.259,,4.447,118.0,Africa,Northern Hemisphere,Low,186.0,SSA,4.59,36.0
Mali,MLI,2019,0.266,,1150.75,0.0,0.015,1.747,21068405.0,28946666484.0,1150.75,,4.39,128.0,Africa,Northern Hemisphere,Low,186.0,SSA,4.57,
Mali,MLI,2020,0.292,,1235.452,0.0,0.018,1.86,21713837.0,28586570096.0,1235.452,,4.729,114.0,Africa,Northern Hemisphere,Low,186.0,SSA,4.57,
Mali,MLI,2021,0.33,,1272.093,0.0,0.02,1.27,22388637.0,29459890071.0,1272.093,,4.723,117.0,Africa,Northern Hemisphere,Low,186.0,SSA,4.57,35.7
Malta,MLT,2013,5.671,17.009,60896.258,0.0,0.007,-0.078,428457.0,10905471410.0,60896.258,,5.964,48.0,Europe,Northern Hemisphere,Very High,23.0,,45.38,28.8
Malta,MLT,2014,5.564,20.017,61302.926,0.0,0.007,-0.077,434494.0,11737898948.0,61302.926,,,,Europe,Northern Hemisphere,Very High,23.0,,42.57,29.0
Malta,MLT,2015,3.815,25.108,65432.043,0.0,0.005,-0.042,444978.0,12865695938.0,65432.043,,6.302,37.0,Europe,Northern Hemisphere,Very High,23.0,,46.45,29.4
Malta,MLT,2016,3.022,33.939,71012.43,0.0,0.004,-0.059,455276.0,13300698899.0,71012.43,,6.488,30.0,Europe,Northern Hemisphere,Very High,23.0,,47.96,29.1
Malta,MLT,2017,3.285,27.7,78640.641,0.0,0.004,-0.059,467902.0,14746505042.0,78640.641,,6.527,27.0,Europe,Northern Hemisphere,Very High,23.0,,46.99,29.2
Malta,MLT,2018,3.194,34.919,79115.156,0.0,0.004,-0.058,484560.0,15659758064.0,79115.156,,6.627,22.0,Europe,Northern Hemisphere,Very High,23.0,,38.82,28.7
Malta,MLT,2019,3.272,31.482,79262.109,0.0,0.004,-0.108,504017.0,16757308198.0,79262.109,,6.726,22.0,Europe,Northern Hemisphere,Very High,23.0,,40.67,31.0
Malta,MLT,2020,3.089,26.148,71572.867,0.0,0.005,-0.115,518212.0,15314071319.0,71572.867,,6.773,22.0,Europe,Northern Hemisphere,Very High,23.0,,40.67,31.4
Malta,MLT,2021,3.073,30.988,67572.727,0.0,0.004,-0.109,524383.0,17122043843.0,67572.727,,6.602,23.0,Europe,Northern Hemisphere,Very High,23.0,,40.67,31.6
Myanmar,MMR,2013,0.253,,1748.04,0.007,0.036,2.317,50262658.0,226760324221.0,1748.04,,4.439,121.0,Asia,Northern Hemisphere,Medium,149.0,EAP,2.53,
Myanmar,MMR,2014,0.313,,2079.958,0.007,0.045,2.373,50681635.0,245354667120.0,2079.958,,,,Asia,Northern Hemisphere,Medium,149.0,EAP,3.15,
Myanmar,MMR,2015,0.428,,1894.966,0.007,0.062,2.24,51089060.0,263690038660.0,1894.966,,4.307,129.0,Asia,Northern Hemisphere,Medium,149.0,EAP,2.45,38.1
Myanmar,MMR,2016,0.411,,2201.666,0.007,0.06,2.247,51495701.0,280587266112.0,2201.666,,4.395,119.0,Asia,Northern Hemisphere,Medium,149.0,EAP,2.35,
Myanmar,MMR,2017,0.455,,2868.16,0.007,0.066,2.077,51894939.0,296721043920.0,2868.16,,4.545,114.0,Asia,Northern Hemisphere,Medium,149.0,EAP,2.24,30.7
Myanmar,MMR,2018,0.651,,2971.094,0.007,0.093,1.755,52272250.0,315726037240.0,2971.094,,4.308,130.0,Asia,Northern Hemisphere,Medium,149.0,EAP,2.11,
Myanmar,MMR,2019,0.639,,2882.835,0.007,0.091,1.621,52640718.0,337037542855.0,2882.835,,4.36,131.0,Asia,Northern Hemisphere,Medium,149.0,EAP,2.06,
Myanmar,MMR,2020,0.652,,2892.347,0.007,0.098,1.539,53016525.0,347785669977.0,2892.347,,4.308,133.0,Asia,Northern Hemisphere,Medium,149.0,EAP,2.06,
Myanmar,MMR,2021,0.549,,2767.67,0.007,0.079,1.471,53387103.0,285399881185.0,2767.67,,4.426,126.0,Asia,Northern Hemisphere,Medium,149.0,EAP,2.06,
Montenegro,MNE,2013,3.397,,15910.187,0.0,0.006,-5.356,633199.0,9985414363.0,15910.187,,5.299,80.0,Europe,Northern Hemisphere,Very High,49.0,ECA,,39.0
Montenegro,MNE,2014,3.337,,15636.253,0.0,0.006,-5.647,631377.0,10205667487.0,15636.253,,,,Europe,Northern Hemisphere,Very High,49.0,ECA,,38.8
Montenegro,MNE,2015,3.564,,17168.646,0.0,0.006,-5.669,628145.0,10689584516.0,17168.646,,5.192,83.0,Europe,Northern Hemisphere,Very High,49.0,ECA,,39.0
Montenegro,MNE,2016,3.228,,16356.96,0.0,0.006,-5.852,624246.0,10988665274.0,16356.96,,5.161,88.0,Europe,Northern Hemisphere,Very High,49.0,ECA,,38.5
Montenegro,MNE,2017,3.392,,17004.279,0.0,0.006,-5.533,620112.0,11487747356.0,17004.279,,5.237,83.0,Europe,Northern Hemisphere,Very High,49.0,ECA,,36.9
Montenegro,MNE,2018,3.903,,18089.064,0.0,0.007,-3.894,615798.0,12049855060.0,18089.064,,5.347,81.0,Europe,Northern Hemisphere,Very High,49.0,ECA,,36.8
Montenegro,MNE,2019,4.049,,18504.979,0.0,0.007,-4.083,611671.0,12539436047.0,18504.979,,5.523,73.0,Europe,Northern Hemisphere,Very High,49.0,ECA,,35.7
Montenegro,MNE,2020,3.954,,16967.131,0.0,0.007,-3.898,607934.0,10620037519.0,16967.131,,5.546,72.0,Europe,Northern Hemisphere,Very High,49.0,ECA,,35.4
Montenegro,MNE,2021,3.993,,18423.676,0.0,0.007,-4.183,603854.0,12005261164.0,18423.676,,5.581,72.0,Europe,Northern Hemisphere,Very High,49.0,ECA,,34.3
Mongolia,MNG,2013,15.245,15.315,16651.838,0.002,0.123,3.188,2851887.0,33619040000.0,16651.838,,4.834,102.0,Asia,Northern Hemisphere,High,96.0,EAP,13.79,
Mongolia,MNG,2014,10.171,10.053,16812.264,0.002,0.084,3.131,2913041.0,36271699000.0,16812.264,,,,Asia,Northern Hemisphere,High,96.0,EAP,14.53,32.0
Mongolia,MNG,2015,7.821,7.894,15730.632,0.002,0.066,2.724,2976528.0,37107214000.0,15730.632,,4.874,100.0,Asia,Northern Hemisphere,High,96.0,EAP,14.64,
Mongolia,MNG,2016,8.428,7.772,15564.2,0.002,0.072,2.534,3040815.0,37322351698.0,15564.2,,4.907,101.0,Asia,Northern Hemisphere,High,96.0,EAP,12.65,32.3
Mongolia,MNG,2017,10.997,9.718,16759.918,0.002,0.095,2.397,3104371.0,39053686549.0,16759.918,,4.955,100.0,Asia,Northern Hemisphere,High,96.0,EAP,12.26,
Mongolia,MNG,2018,14.307,12.875,17967.139,0.002,0.123,0.057,3167714.0,41646694213.0,17967.139,,5.125,94.0,Asia,Northern Hemisphere,High,96.0,EAP,11.15,32.7
Mongolia,MNG,2019,14.578,12.864,19338.586,0.002,0.127,0.65,3232118.0,43979841080.0,19338.586,,5.285,83.0,Asia,Northern Hemisphere,High,96.0,EAP,10.62,
Mongolia,MNG,2020,12.908,11.408,18992.549,0.002,0.121,0.756,3290786.0,41975349786.0,18992.549,,5.456,81.0,Asia,Northern Hemisphere,High,96.0,EAP,10.62,
Mongolia,MNG,2021,10.771,10.048,18217.949,0.002,0.098,0.975,3339676.0,42662390805.0,18217.949,,5.677,70.0,Asia,Northern Hemisphere,High,96.0,EAP,10.62,
Mozambique,MOZ,2013,0.143,0.601,1768.1,0.001,0.01,1.543,25051613.0,22853277292.0,1768.1,,4.971,94.0,Africa,Southern Hemisphere,Low,185.0,SSA,3.0,
Mozambique,MOZ,2014,0.315,0.763,1905.264,0.001,0.023,1.352,25788473.0,24544192952.0,1905.264,,,,Africa,Southern Hemisphere,Low,185.0,SSA,3.63,54.0
Mozambique,MOZ,2015,0.254,0.607,1990.914,0.001,0.019,1.616,26547576.0,26194296097.0,1990.914,,4.971,94.0,Africa,Southern Hemisphere,Low,185.0,SSA,3.51,
Mozambique,MOZ,2016,0.313,0.572,2136.813,0.001,0.024,1.802,27337107.0,27195969056.0,2136.813,,,,Africa,Southern Hemisphere,Low,185.0,SSA,3.28,
Mozambique,MOZ,2017,0.245,0.448,2194.465,0.001,0.019,1.785,28166397.0,28213368238.0,2194.465,,4.55,113.0,Africa,Southern Hemisphere,Low,185.0,SSA,3.28,
Mozambique,MOZ,2018,0.242,0.431,1625.51,0.001,0.019,1.23,29018647.0,29185036688.0,1625.51,,4.417,123.0,Africa,Southern Hemisphere,Low,185.0,SSA,2.18,
Mozambique,MOZ,2019,0.237,0.433,1650.032,0.001,0.019,1.215,29884378.0,29860675429.0,1650.032,,4.466,123.0,Africa,Southern Hemisphere,Low,185.0,SSA,2.19,50.7
Mozambique,MOZ,2020,0.206,0.395,1476.798,0.001,0.018,1.12,30783685.0,29502646219.0,1476.798,,4.624,120.0,Africa,Southern Hemisphere,Low,185.0,SSA,2.19,
Mozambique,MOZ,2021,0.244,0.435,1653.995,0.001,0.021,1.03,31707798.0,30189464161.0,1653.995,,4.794,115.0,Africa,Southern Hemisphere,Low,185.0,SSA,2.19,
Mauritania,MRT,2013,0.581,,2473.533,-0.0,0.006,0.046,3734324.0,11410722000.0,2473.533,,4.758,112.0,Africa,Northern Hemisphere,Medium,158.0,SSA,4.61,
Mauritania,MRT,2014,0.666,,2886.787,-0.0,0.007,0.091,3848511.0,12165303000.0,2886.787,,,,Africa,Northern Hemisphere,Medium,158.0,SSA,4.3,32.6
Mauritania,MRT,2015,0.757,,2800.819,-0.0,0.008,0.055,3965959.0,12316128000.0,2800.819,,4.436,124.0,Africa,Northern Hemisphere,Medium,158.0,SSA,4.58,
Mauritania,MRT,2016,0.642,,2542.395,-0.0,0.007,0.066,4086655.0,12416318727.0,2542.395,,4.201,130.0,Africa,Northern Hemisphere,Medium,158.0,SSA,4.2,
Mauritania,MRT,2017,0.851,,3739.247,-0.0,0.01,0.062,4210603.0,13137043588.0,3739.247,,4.292,123.0,Africa,Northern Hemisphere,Medium,158.0,SSA,3.89,
Mauritania,MRT,2018,1.025,,3996.467,-0.0,0.012,0.056,4337685.0,13699199188.0,3996.467,,4.356,126.0,Africa,Northern Hemisphere,Medium,158.0,SSA,6.97,
Mauritania,MRT,2019,1.033,,4034.871,-0.0,0.012,0.057,4467714.0,14424796068.0,4034.871,,4.49,122.0,Africa,Northern Hemisphere,Medium,158.0,SSA,7.75,32.0
Mauritania,MRT,2020,1.039,,4025.454,-0.0,0.014,0.065,4600136.0,14289417678.0,4025.454,,4.375,129.0,Africa,Northern Hemisphere,Medium,158.0,SSA,7.75,
Mauritania,MRT,2021,0.95,,3711.977,-0.0,0.012,0.062,4734874.0,14638845766.0,3711.977,,4.227,134.0,Africa,Northern Hemisphere,Medium,158.0,SSA,7.75,
Montserrat,MSR,2013,10.745,,47845.586,0.0,0.0,,4774.0,,47845.586,,,,,,,,,,
Montserrat,MSR,2014,9.28,,45017.266,0.0,0.0,,4738.0,,45017.266,,,,,,,,,,
Montserrat,MSR,2015,10.93,,51149.113,0.0,0.0,,4693.0,,51149.113,,,,,,,,,,
Montserrat,MSR,2016,6.283,,29353.949,0.0,0.0,,4665.0,,29353.949,,,,,,,,,,
Montserrat,MSR,2017,5.547,,26601.775,0.0,0.0,,4624.0,,26601.775,,,,,,,,,,
Montserrat,MSR,2018,6.379,,27406.453,0.0,0.0,,4595.0,,27406.453,,,,,,,,,,
Montserrat,MSR,2019,5.62,,23059.762,0.0,0.0,,4564.0,,23059.762,,,,,,,,,,
Montserrat,MSR,2020,4.851,,22780.908,0.0,0.0,,4532.0,,22780.908,,,,,,,,,,
Montserrat,MSR,2021,4.88,,24293.627,0.0,0.0,,4505.0,,24293.627,,,,,,,,,,
Mauritius,MUS,2013,3.15,4.748,16960.322,0.0,0.012,1.213,1290988.0,22668609990.0,16960.322,,5.477,67.0,Africa,Southern Hemisphere,Very High,63.0,SSA,,
Mauritius,MUS,2014,3.256,4.982,17446.719,0.0,0.012,0.436,1292006.0,23536142578.0,17446.719,,,,Africa,Southern Hemisphere,Very High,63.0,SSA,,
Mauritius,MUS,2015,3.258,4.61,18058.996,0.0,0.012,0.281,1292283.0,24404852680.0,18058.996,,5.477,71.0,Africa,Southern Hemisphere,Very High,63.0,SSA,,
Mauritius,MUS,2016,3.361,4.978,18795.404,0.0,0.012,0.162,1291807.0,25347373765.0,18795.404,,5.648,66.0,Africa,Southern Hemisphere,Very High,63.0,SSA,,
Mauritius,MUS,2017,3.517,5.398,20664.514,0.0,0.013,0.111,1290654.0,26345551590.0,20664.514,,5.629,64.0,Africa,Southern Hemisphere,Very High,63.0,SSA,,36.8
Mauritius,MUS,2018,3.457,5.664,19499.125,0.0,0.012,0.073,1288836.0,27401224769.0,19499.125,,5.891,55.0,Africa,Southern Hemisphere,Very High,63.0,SSA,,
Mauritius,MUS,2019,3.518,5.697,20152.344,0.0,0.012,-0.07,1286269.0,28193387492.0,20152.344,,5.888,57.0,Africa,Southern Hemisphere,Very High,63.0,SSA,,
Mauritius,MUS,2020,2.961,5.201,17047.527,0.0,0.011,0.017,1283231.0,24077716198.0,17047.527,,6.101,49.0,Africa,Southern Hemisphere,Very High,63.0,SSA,,
Mauritius,MUS,2021,3.101,5.738,16870.012,0.0,0.011,0.031,1279628.0,24920195118.0,16870.012,,6.049,50.0,Africa,Southern Hemisphere,Very High,63.0,SSA,,
Malawi,MWI,2013,0.069,0.046,391.172,0.0,0.003,0.838,16161816.0,19529310978.0,391.172,,4.113,139.0,Africa,Southern Hemisphere,Low,169.0,SSA,1.91,
Malawi,MWI,2014,0.061,0.04,388.758,0.0,0.003,0.804,16621534.0,20642483934.0,388.758,,,,Africa,Southern Hemisphere,Low,169.0,SSA,1.62,
Malawi,MWI,2015,0.061,0.042,361.836,0.0,0.003,0.745,17085587.0,21251437245.0,361.836,,4.292,131.0,Africa,Southern Hemisphere,Low,169.0,SSA,1.54,
Malawi,MWI,2016,0.067,0.055,385.015,0.0,0.003,0.701,17557741.0,21733841491.0,385.015,,4.156,132.0,Africa,Southern Hemisphere,Low,169.0,SSA,1.63,44.7
Malawi,MWI,2017,0.066,0.051,402.66,0.0,0.003,0.679,18039714.0,22603193649.0,402.66,,3.97,136.0,Africa,Southern Hemisphere,Low,169.0,SSA,1.66,
Malawi,MWI,2018,0.091,0.143,368.759,0.0,0.005,0.637,18528086.0,23595927755.0,368.759,,3.587,147.0,Africa,Southern Hemisphere,Low,169.0,SSA,1.6,
Malawi,MWI,2019,0.089,0.142,419.864,0.0,0.005,0.606,19025748.0,24881432457.0,419.864,,3.41,150.0,Africa,Southern Hemisphere,Low,169.0,SSA,1.71,38.5
Malawi,MWI,2020,0.096,0.15,400.502,0.0,0.005,0.596,19533885.0,25108605204.0,400.502,,3.538,145.0,Africa,Southern Hemisphere,Low,169.0,SSA,1.71,
Malawi,MWI,2021,0.084,0.147,414.817,0.0,0.005,0.454,20047264.0,26255309111.0,414.817,,3.6,144.0,Africa,Southern Hemisphere,Low,169.0,SSA,1.71,
Malaysia,MYS,2013,8.009,8.32,36091.805,0.007,0.685,8.571,30174269.0,615585637854.0,36091.805,36.17,5.76,56.0,Asia,Northern Hemisphere,Very High,62.0,EAP,19.02,41.3
Malaysia,MYS,2014,7.983,8.255,35757.457,0.007,0.691,8.08,30696133.0,652563833807.0,35757.457,40.296,,,Asia,Northern Hemisphere,Very High,62.0,EAP,18.29,
Malaysia,MYS,2015,7.554,7.552,35686.035,0.007,0.666,5.602,31232796.0,685237676618.0,35686.035,42.81,5.77,61.0,Asia,Northern Hemisphere,Very High,62.0,EAP,18.88,41.1
Malaysia,MYS,2016,7.464,7.64,36876.836,0.008,0.67,4.041,31789692.0,715730748101.0,36876.836,57.986,6.005,47.0,Asia,Northern Hemisphere,Very High,62.0,EAP,18.63,
Malaysia,MYS,2017,7.555,7.614,36732.113,0.008,0.68,3.439,32355642.0,757336192678.0,36732.113,74.735,6.084,42.0,Asia,Northern Hemisphere,Very High,62.0,EAP,19.93,
Malaysia,MYS,2018,7.981,8.081,36769.809,0.008,0.715,2.747,32910963.0,794013962862.0,36769.809,76.346,6.322,35.0,Asia,Northern Hemisphere,Very High,62.0,EAP,19.35,41.2
Malaysia,MYS,2019,8.303,8.23,37119.496,0.008,0.749,2.298,33440590.0,829053844392.0,37119.496,79.534,5.339,80.0,Asia,Northern Hemisphere,Very High,62.0,EAP,19.59,
Malaysia,MYS,2020,7.736,7.759,35317.523,0.008,0.746,2.01,33889554.0,783174020832.0,35317.523,85.538,5.384,82.0,Asia,Northern Hemisphere,Very High,62.0,EAP,19.59,
Malaysia,MYS,2021,7.973,7.996,36500.762,0.008,0.741,2.135,34282404.0,807389756202.0,36500.762,95.275,5.384,81.0,Asia,Northern Hemisphere,Very High,62.0,EAP,19.59,40.7
Namibia,NAM,2013,1.334,4.207,8094.935,0.0,0.009,1.588,2252505.0,20316276333.0,8094.935,,,,Africa,Southern Hemisphere,Medium,139.0,SSA,15.68,
Namibia,NAM,2014,1.34,4.873,8291.814,0.0,0.009,1.521,2312143.0,21554146363.0,8291.814,,,,Africa,Southern Hemisphere,Medium,139.0,SSA,14.42,
Namibia,NAM,2015,1.429,4.539,8520.548,0.0,0.01,1.584,2374305.0,22473214767.0,8520.548,,,,Africa,Southern Hemisphere,Medium,139.0,SSA,15.31,59.1
Namibia,NAM,2016,1.469,4.644,8412.105,0.0,0.01,1.508,2439219.0,22480856444.0,8412.105,,4.574,113.0,Africa,Southern Hemisphere,Medium,139.0,SSA,13.37,
Namibia,NAM,2017,1.432,3.7,8261.7,0.0,0.01,1.433,2506854.0,22249978012.0,8261.7,,4.574,111.0,Africa,Southern Hemisphere,Medium,139.0,SSA,14.79,
Namibia,NAM,2018,1.41,3.565,7904.92,0.0,0.01,1.435,2577327.0,22485828408.0,7904.92,,4.441,119.0,Africa,Southern Hemisphere,Medium,139.0,SSA,12.24,
Namibia,NAM,2019,1.407,3.525,7529.841,0.0,0.01,1.624,2650499.0,22297166631.0,7529.841,,4.639,113.0,Africa,Southern Hemisphere,Medium,139.0,SSA,11.92,
Namibia,NAM,2020,1.261,3.222,6684.072,0.0,0.01,1.841,2728760.0,20505368156.0,6684.072,,4.571,122.0,Africa,Southern Hemisphere,Medium,139.0,SSA,11.92,
Namibia,NAM,2021,1.284,3.491,6530.722,0.0,0.01,1.985,2810552.0,21049990407.0,6530.722,,4.574,124.0,Africa,Southern Hemisphere,Medium,139.0,SSA,11.92,
New Caledonia,NCL,2013,14.341,,57012.297,0.0,0.011,,276832.0,,57012.297,,,,,,,,,,
New Caledonia,NCL,2014,17.811,,66096.523,0.0,0.014,,281233.0,,66096.523,,,,,,,,,,
New Caledonia,NCL,2015,17.222,,66969.797,0.0,0.014,,283179.0,,66969.797,,,,,,,,,,
New Caledonia,NCL,2016,19.341,,72312.383,0.0,0.015,,283432.0,,72312.383,,,,,,,,,,
New Caledonia,NCL,2017,19.692,,69077.992,0.0,0.016,,283554.0,,69077.992,,,,,,,,,,
New Caledonia,NCL,2018,20.853,,77017.227,0.0,0.016,,283551.0,,77017.227,,,,,,,,,,
New Caledonia,NCL,2019,20.002,,72879.398,0.0,0.015,,283616.0,,72879.398,,,,,,,,,,
New Caledonia,NCL,2020,17.978,,67648.062,0.0,0.015,,284187.0,,67648.062,,,,,,,,,,
New Caledonia,NCL,2021,15.906,,59830.672,0.0,0.012,,285227.0,,59830.672,,,,,,,,,,
Niger,NER,2013,0.112,,557.46,0.001,0.006,1.727,18519899.0,15127089342.0,557.46,,4.152,136.0,Africa,Northern Hemisphere,Low,189.0,SSA,4.32,
Niger,NER,2014,0.117,,509.83,0.001,0.006,1.529,19215917.0,16132130068.0,509.83,,,,Africa,Northern Hemisphere,Low,189.0,SSA,4.57,34.3
Niger,NER,2015,0.11,,518.866,0.001,0.006,2.133,19939496.0,16840818422.0,518.866,,3.845,144.0,Africa,Northern Hemisphere,Low,189.0,SSA,4.49,
Niger,NER,2016,0.104,,466.943,0.001,0.006,1.696,20685758.0,17807651308.0,466.943,,3.856,142.0,Africa,Northern Hemisphere,Low,189.0,SSA,4.6,
Niger,NER,2017,0.105,,438.044,0.001,0.006,1.108,21435449.0,18698209711.0,438.044,,4.028,135.0,Africa,Northern Hemisphere,Low,189.0,SSA,4.56,
Niger,NER,2018,0.081,,381.827,0.001,0.005,0.703,22188074.0,20008393727.0,381.827,,4.166,134.0,Africa,Northern Hemisphere,Low,189.0,SSA,4.14,37.3
Niger,NER,2019,0.11,,475.52,0.001,0.007,0.497,22947765.0,21237507069.0,475.52,,4.628,114.0,Africa,Northern Hemisphere,Low,189.0,SSA,4.19,
Niger,NER,2020,0.128,,464.736,0.001,0.009,0.387,23717615.0,21991440513.0,464.736,,4.91,103.0,Africa,Northern Hemisphere,Low,189.0,SSA,4.19,
Niger,NER,2021,0.106,,445.613,0.001,0.007,0.313,24502145.0,22299096291.0,445.613,,5.074,96.0,Africa,Northern Hemisphere,Low,189.0,SSA,4.19,32.9
Nigeria,NGA,2013,0.648,0.731,2503.916,0.006,0.333,0.155,181049440.0,957382666012.0,2503.916,,5.248,82.0,Africa,Northern Hemisphere,Low,163.0,SSA,3.43,
Nigeria,NGA,2014,0.667,0.745,2658.422,0.006,0.35,0.123,185896917.0,1017790765613.0,2658.422,,,,Africa,Northern Hemisphere,Low,163.0,SSA,3.79,
Nigeria,NGA,2015,0.58,0.673,2458.865,0.006,0.312,0.118,190671883.0,1044789628210.0,2458.865,,5.268,78.0,Africa,Northern Hemisphere,Low,163.0,SSA,3.8,35.9
Nigeria,NGA,2016,0.596,0.641,2431.617,0.006,0.329,0.096,195443698.0,1027896680223.0,2431.617,,4.875,103.0,Africa,Northern Hemisphere,Low,163.0,SSA,3.8,
Nigeria,NGA,2017,0.562,0.592,2297.201,0.006,0.313,0.184,200254580.0,1036180414988.0,2297.201,,5.074,95.0,Africa,Northern Hemisphere,Low,163.0,SSA,3.23,
Nigeria,NGA,2018,0.521,0.556,2398.611,0.006,0.291,0.231,204938752.0,1056103594567.0,2398.611,,5.155,91.0,Africa,Northern Hemisphere,Low,163.0,SSA,3.53,35.1
Nigeria,NGA,2019,0.61,0.632,2457.388,0.006,0.345,0.173,209485637.0,1079426893318.0,2457.388,,5.265,85.0,Africa,Northern Hemisphere,Low,163.0,SSA,3.6,
Nigeria,NGA,2020,0.584,0.641,2221.549,0.006,0.355,0.244,213996185.0,1060059201469.0,2221.549,,4.724,115.0,Africa,Northern Hemisphere,Low,163.0,SSA,3.6,
Nigeria,NGA,2021,0.676,0.719,2345.254,0.006,0.401,0.154,218529286.0,1098721596994.0,2345.254,,4.759,116.0,Africa,Northern Hemisphere,Low,163.0,SSA,3.6,
Nicaragua,NIC,2013,0.766,1.037,3574.803,0.002,0.013,1.571,5983852.0,26206803000.0,3574.803,,5.507,65.0,America,Northern Hemisphere,Medium,126.0,LAC,6.59,
Nicaragua,NIC,2014,0.778,1.087,3700.044,0.002,0.013,1.282,6066493.0,27402565000.0,3700.044,,,,America,Northern Hemisphere,Medium,126.0,LAC,5.92,46.2
Nicaragua,NIC,2015,0.879,1.247,4094.406,0.002,0.015,2.348,6149417.0,28748328000.0,4094.406,,5.828,57.0,America,Northern Hemisphere,Medium,126.0,LAC,6.01,
Nicaragua,NIC,2016,0.863,1.246,4045.38,0.002,0.015,2.448,6232664.0,29929662026.0,4045.38,,5.992,48.0,America,Northern Hemisphere,Medium,126.0,LAC,6.06,
Nicaragua,NIC,2017,0.861,1.199,3990.252,0.002,0.015,2.583,6316235.0,31179621906.0,3990.252,,6.071,43.0,America,Northern Hemisphere,Medium,126.0,LAC,5.96,
Nicaragua,NIC,2018,0.809,1.124,2904.051,0.002,0.014,1.706,6400074.0,30002714290.0,2904.051,,6.141,41.0,America,Northern Hemisphere,Medium,126.0,LAC,5.65,
Nicaragua,NIC,2019,0.803,1.085,2988.323,0.002,0.014,1.546,6483660.0,29133575354.0,2988.323,,6.105,45.0,America,Northern Hemisphere,Medium,126.0,LAC,5.4,
Nicaragua,NIC,2020,0.707,0.929,2969.38,0.002,0.013,1.343,6565267.0,28619004754.0,2969.38,,6.137,46.0,America,Northern Hemisphere,Medium,126.0,LAC,5.4,
Nicaragua,NIC,2021,0.772,1.026,3228.125,0.002,0.014,1.166,6644745.0,31580275032.0,3228.125,,5.972,55.0,America,Northern Hemisphere,Medium,126.0,LAC,5.4,
Niue,NIU,2013,4.103,,15888.222,0.0,0.0,0.0,1786.0,,15888.222,,,,,,,,,,
Niue,NIU,2014,4.089,,16357.539,0.0,0.0,0.0,1792.0,,16357.539,,,,,,,,,,
Niue,NIU,2015,4.064,,17585.445,0.0,0.0,0.0,1803.0,,17585.445,,,,,,,,,,
Niue,NIU,2016,4.058,,16896.666,0.0,0.0,0.0,1806.0,,16896.666,,,,,,,,,,
Niue,NIU,2017,4.064,,16501.904,0.0,0.0,0.0,1803.0,,16501.904,,,,,,,,,,
Niue,NIU,2018,4.06,,17009.488,0.0,0.0,0.0,1805.0,,17009.488,,,,,,,,,,
Niue,NIU,2019,4.04,,18138.418,0.0,0.0,0.0,1814.0,,18138.418,,,,,,,,,,
Niue,NIU,2020,4.022,,17978.35,0.0,0.0,0.0,1822.0,,17978.35,,,,,,,,,,
Niue,NIU,2021,3.991,,18198.82,0.0,0.0,0.0,1836.0,,18198.82,,,,,,,,,,
Netherlands,NLD,2013,9.72,10.516,62644.008,0.005,0.468,0.338,16967066.0,735982982299.0,62644.008,38.315,7.512,4.0,Europe,Northern Hemisphere,Very High,10.0,,29.76,28.1
Netherlands,NLD,2014,9.249,9.694,59678.543,0.005,0.444,0.373,17030085.0,746458868661.0,59678.543,37.048,,,Europe,Northern Hemisphere,Very High,10.0,,30.62,28.6
Netherlands,NLD,2015,9.584,9.391,60001.301,0.005,0.463,0.343,17107429.0,761083250759.0,60001.301,41.3,7.378,7.0,Europe,Northern Hemisphere,Very High,10.0,,31.34,28.2
Netherlands,NLD,2016,9.579,9.83,60683.609,0.005,0.466,0.357,17204693.0,777764090323.0,60683.609,43.12,7.339,7.0,Europe,Northern Hemisphere,Very High,10.0,,30.66,28.2
Netherlands,NLD,2017,9.373,9.571,60761.145,0.006,0.451,0.341,17315376.0,800404023156.0,60761.145,50.322,7.377,6.0,Europe,Northern Hemisphere,Very High,10.0,,31.74,28.5
Netherlands,NLD,2018,9.085,9.499,58901.457,0.006,0.431,0.313,17421285.0,819300805024.0,58901.457,56.339,7.441,6.0,Europe,Northern Hemisphere,Very High,10.0,,33.03,28.1
Netherlands,NLD,2019,8.709,9.274,58248.688,0.006,0.412,0.305,17537505.0,835323029559.0,58248.688,68.307,7.488,5.0,Europe,Northern Hemisphere,Very High,10.0,,32.26,29.2
Netherlands,NLD,2020,7.766,8.326,56095.609,0.006,0.39,0.3,17636732.0,802861622095.0,56095.609,95.868,7.449,6.0,Europe,Northern Hemisphere,Very High,10.0,,32.26,26.0
Netherlands,NLD,2021,7.89,8.984,57247.258,0.006,0.379,0.297,17730565.0,841906706612.0,57247.258,115.929,7.464,5.0,Europe,Northern Hemisphere,Very High,10.0,,32.26,25.7
Norway,NOR,2013,8.767,10.529,102996.664,0.001,0.126,0.894,5080126.0,414445317738.0,102996.664,335.291,7.655,2.0,Europe,Northern Hemisphere,Very High,2.0,,44.25,26.4
Norway,NOR,2014,8.754,10.259,105489.086,0.001,0.127,0.952,5137397.0,422933730082.0,105489.086,352.653,,,Europe,Northern Hemisphere,Very High,2.0,,41.48,26.8
Norway,NOR,2015,8.772,10.552,105836.883,0.001,0.129,1.014,5189777.0,430788988142.0,105836.883,356.444,7.522,4.0,Europe,Northern Hemisphere,Very High,2.0,,36.13,27.5
Norway,NOR,2016,8.539,9.402,106500.5,0.001,0.126,1.072,5235974.0,435806553454.0,106500.5,368.554,7.498,4.0,Europe,Northern Hemisphere,Very High,2.0,,38.26,28.5
Norway,NOR,2017,8.376,9.309,106154.727,0.001,0.123,1.156,5276807.0,446543702505.0,106154.727,369.764,7.537,1.0,Europe,Northern Hemisphere,Very High,2.0,,38.63,27.0
Norway,NOR,2018,8.372,9.161,103850.727,0.001,0.121,1.155,5311751.0,450245217440.0,103850.727,360.424,7.594,2.0,Europe,Northern Hemisphere,Very High,2.0,,36.73,27.6
Norway,NOR,2019,8.016,9.031,96479.188,0.001,0.116,1.228,5347733.0,455304831150.0,96479.188,330.294,7.554,3.0,Europe,Northern Hemisphere,Very High,2.0,,38.82,27.7
Norway,NOR,2020,7.673,8.672,103430.57,0.002,0.117,1.221,5379275.0,449485260525.0,103430.57,377.977,7.488,5.0,Europe,Northern Hemisphere,Very High,2.0,,38.82,28.4
Norway,NOR,2021,7.592,7.809,105249.945,0.002,0.111,1.329,5408082.0,467007972731.0,105249.945,388.789,7.392,6.0,Europe,Northern Hemisphere,Very High,2.0,,38.82,29.1
Nepal,NPL,2013,0.225,0.195,785.825,0.001,0.018,0.257,27589997.0,64655772000.0,785.825,,4.156,135.0,Asia,Northern Hemisphere,Medium,143.0,SA,3.17,
Nepal,NPL,2014,0.274,0.227,848.153,0.001,0.021,0.236,27672373.0,68540931000.0,848.153,,,,Asia,Northern Hemisphere,Medium,143.0,SA,3.38,
Nepal,NPL,2015,0.248,0.206,757.939,0.001,0.02,0.36,27823631.0,70404490000.0,757.939,,4.514,121.0,Asia,Northern Hemisphere,Medium,143.0,SA,3.48,
Nepal,NPL,2016,0.361,0.314,1162.287,0.001,0.029,0.406,27955471.0,70942615519.0,1162.287,,4.793,107.0,Asia,Northern Hemisphere,Medium,143.0,SA,4.13,
Nepal,NPL,2017,0.443,0.386,1333.339,0.001,0.035,0.391,28011258.0,77349484140.0,1333.339,,4.962,99.0,Asia,Northern Hemisphere,Medium,143.0,SA,4.58,
Nepal,NPL,2018,0.5,1.31,1495.165,0.001,0.038,0.313,28079688.0,83234791901.0,1495.165,,4.88,101.0,Asia,Northern Hemisphere,Medium,143.0,SA,5.3,
Nepal,NPL,2019,0.449,1.224,1280.682,0.001,0.034,0.324,28414066.0,88775779267.0,1280.682,,4.913,100.0,Asia,Northern Hemisphere,Medium,143.0,SA,5.58,
Nepal,NPL,2020,0.54,1.244,1574.515,0.001,0.044,0.323,28966580.0,86672124340.0,1574.515,,5.137,92.0,Asia,Northern Hemisphere,Medium,143.0,SA,5.58,
Nepal,NPL,2021,0.525,1.398,1633.55,0.001,0.042,0.313,29475016.0,90865461899.0,1633.55,,5.269,87.0,Asia,Northern Hemisphere,Medium,143.0,SA,5.58,
Nauru,NRU,2013,4.52,,27437.01,0.0,0.0,0.0,10539.0,,27437.01,,,,Oceania,Southern Hemisphere,,,EAP,,
Nauru,NRU,2014,4.765,,29001.471,0.0,0.0,0.0,10766.0,,29001.471,,,,Oceania,Southern Hemisphere,,,EAP,,
Nauru,NRU,2015,5.008,,30294.217,0.0,0.0,0.0,10975.0,,30294.217,,,,Oceania,Southern Hemisphere,,,EAP,,
Nauru,NRU,2016,4.591,,32657.586,0.0,0.0,0.0,11173.0,,32657.586,,,,Oceania,Southern Hemisphere,,,EAP,,
Nauru,NRU,2017,4.842,,25127.229,0.0,0.0,0.0,11351.0,,25127.229,,,,Oceania,Southern Hemisphere,,,EAP,,
Nauru,NRU,2018,4.78,,28063.158,0.0,0.0,0.0,11499.0,,28063.158,,,,Oceania,Southern Hemisphere,,,EAP,,
Nauru,NRU,2019,4.419,,27454.725,0.0,0.0,0.0,11609.0,,27454.725,,,,Oceania,Southern Hemisphere,,,EAP,,
Nauru,NRU,2020,4.712,,26711.461,0.0,0.0,0.0,11665.0,,26711.461,,,,Oceania,Southern Hemisphere,,,EAP,,
Nauru,NRU,2021,4.687,,27542.607,0.0,0.0,0.0,11727.0,,27542.607,,,,Oceania,Southern Hemisphere,,,EAP,,
New Zealand,NZL,2013,7.908,9.124,53789.949,0.002,0.1,4.51,4453857.0,149512485774.0,53789.949,87.794,7.221,13.0,Oceania,Southern Hemisphere,Very High,13.0,,31.98,
New Zealand,NZL,2014,7.827,9.052,55422.555,0.002,0.1,3.621,4522976.0,154422989929.0,55422.555,93.718,,,Oceania,Southern Hemisphere,Very High,13.0,,34.7,
New Zealand,NZL,2015,7.76,8.715,54663.062,0.002,0.101,3.569,4614035.0,160782215776.0,54663.062,96.208,7.286,9.0,Oceania,Southern Hemisphere,Very High,13.0,,32.59,
New Zealand,NZL,2016,7.24,8.568,54230.543,0.002,0.096,3.474,4714768.0,167418113760.0,54230.543,99.178,7.334,8.0,Oceania,Southern Hemisphere,Very High,13.0,,32.7,
New Zealand,NZL,2017,7.41,8.453,53988.824,0.002,0.099,3.725,4812749.0,174187918857.0,53988.824,96.44,7.314,8.0,Oceania,Southern Hemisphere,Very High,13.0,,32.7,
New Zealand,NZL,2018,7.282,8.483,52734.938,0.002,0.097,3.936,4900840.0,181445758308.0,52734.938,98.546,7.324,8.0,Oceania,Southern Hemisphere,Very High,13.0,,30.64,
New Zealand,NZL,2019,7.358,8.427,52824.816,0.002,0.099,3.658,4989410.0,187274507980.0,52824.816,97.379,7.307,8.0,Oceania,Southern Hemisphere,Very High,13.0,,30.7,
New Zealand,NZL,2020,6.728,8.148,47200.766,0.002,0.097,4.346,5069895.0,184971347287.0,47200.766,94.275,7.3,8.0,Oceania,Southern Hemisphere,Very High,13.0,,30.7,
New Zealand,NZL,2021,6.773,8.568,46175.445,0.003,0.094,3.559,5107694.0,196312458906.0,46175.445,95.464,7.277,9.0,Oceania,Southern Hemisphere,Very High,13.0,,30.7,
Oman,OMN,2013,17.107,18.658,82844.789,0.0,0.186,0.0,3833915.0,152076951430.0,82844.789,0.003,6.853,23.0,Asia,Northern Hemisphere,Very High,54.0,AS,24.73,
Oman,OMN,2014,16.537,18.255,78943.883,0.0,0.187,0.09,4002444.0,154041791696.0,78943.883,0.003,,,Asia,Northern Hemisphere,Very High,54.0,AS,20.07,
Oman,OMN,2015,16.221,18.376,80629.07,0.0,0.192,0.057,4184898.0,161770059399.0,80629.07,0.009,6.853,22.0,Asia,Northern Hemisphere,Very High,54.0,AS,22.63,
Oman,OMN,2016,15.086,16.929,77124.477,0.0,0.187,0.125,4390880.0,169932976616.0,77124.477,0.011,,,Asia,Northern Hemisphere,Very High,54.0,AS,16.24,
Oman,OMN,2017,14.622,16.615,77558.961,0.001,0.184,0.112,4537397.0,170449577065.0,77558.961,0.039,,,Asia,Northern Hemisphere,Very High,54.0,AS,20.03,
Oman,OMN,2018,15.372,16.93,81778.438,0.001,0.192,0.067,4597878.0,172643265345.0,81778.438,0.039,,,Asia,Northern Hemisphere,Very High,54.0,AS,20.76,
Oman,OMN,2019,15.69,17.117,81330.617,0.001,0.194,0.054,4591248.0,170692383655.0,81330.617,0.063,,,Asia,Northern Hemisphere,Very High,54.0,AS,8.91,
Oman,OMN,2020,15.886,17.413,79945.422,0.001,0.204,0.034,4522502.0,165230251016.0,79945.422,0.395,,,Asia,Northern Hemisphere,Very High,54.0,AS,8.91,
Oman,OMN,2021,16.674,18.047,88512.25,0.001,0.204,0.074,4500429.0,170025212745.0,88512.25,1.977,,,Asia,Northern Hemisphere,Very High,54.0,AS,8.91,
Pakistan,PAK,2013,0.702,0.783,3673.495,0.002,0.42,0.044,211073979.0,918328534363.0,3673.495,81.284,5.292,81.0,Asia,Northern Hemisphere,Low,161.0,SA,2.9,29.5
Pakistan,PAK,2014,0.704,0.798,3669.797,0.002,0.425,0.023,214264649.0,961516822345.0,3669.797,83.786,,,Asia,Northern Hemisphere,Low,161.0,SA,3.06,
Pakistan,PAK,2015,0.667,0.79,3816.599,0.003,0.409,0.139,217290884.0,1010825281718.0,3816.599,85.717,5.194,81.0,Asia,Northern Hemisphere,Low,161.0,SA,3.09,31.3
Pakistan,PAK,2016,0.803,0.959,4090.315,0.003,0.499,0.123,220138863.0,1061146810870.0,4090.315,91.974,5.132,92.0,Asia,Northern Hemisphere,Low,161.0,SA,3.37,
Pakistan,PAK,2017,0.949,1.091,4263.787,0.003,0.589,0.069,223273974.0,1117267177186.0,4263.787,84.925,5.269,80.0,Asia,Northern Hemisphere,Low,161.0,SA,3.67,
Pakistan,PAK,2018,0.897,1.027,4263.363,0.003,0.554,-0.015,226928893.0,1165406508457.0,4263.363,85.395,5.472,75.0,Asia,Northern Hemisphere,Low,161.0,SA,3.54,29.6
Pakistan,PAK,2019,0.827,0.95,4218.508,0.003,0.515,0.053,230800908.0,1172330212219.0,4218.508,100.903,5.653,67.0,Asia,Northern Hemisphere,Low,161.0,SA,3.45,
Pakistan,PAK,2020,0.917,1.024,4083.671,0.003,0.613,-0.031,235001745.0,1202026422230.0,4083.671,109.215,5.693,66.0,Asia,Northern Hemisphere,Low,161.0,SA,3.45,
Pakistan,PAK,2021,1.017,1.14,4451.399,0.003,0.661,-0.041,239477805.0,1278204948031.0,4451.399,105.111,4.934,105.0,Asia,Northern Hemisphere,Low,161.0,SA,3.45,
Panama,PAN,2013,2.686,0.671,23914.467,0.001,0.029,1.857,3825333.0,67546261000.0,23914.467,,7.143,15.0,America,Northern Hemisphere,Very High,61.0,LAC,15.81,51.5
Panama,PAN,2014,2.746,0.955,24101.709,0.001,0.03,1.234,3892100.0,71636840000.0,24101.709,,,,America,Northern Hemisphere,Very High,61.0,LAC,15.24,50.5
Panama,PAN,2015,2.69,1.147,25493.6,0.001,0.03,1.212,3960034.0,75784011000.0,25493.6,,6.786,25.0,America,Northern Hemisphere,Very High,61.0,LAC,13.77,50.8
Panama,PAN,2016,2.565,,26459.42,0.001,0.029,1.232,4029085.0,79454188125.0,26459.42,,6.701,25.0,America,Northern Hemisphere,Very High,61.0,LAC,10.7,50.4
Panama,PAN,2017,2.334,4.784,27922.566,0.001,0.027,1.172,4098704.0,83812229677.0,27922.566,,6.452,30.0,America,Northern Hemisphere,Very High,61.0,LAC,11.08,49.9
Panama,PAN,2018,2.188,4.584,26785.832,0.001,0.025,0.712,4167860.0,86820962356.0,26785.832,,6.43,27.0,America,Northern Hemisphere,Very High,61.0,LAC,14.53,49.2
Panama,PAN,2019,2.94,4.427,29537.387,0.001,0.034,0.562,4234698.0,89670319909.0,29537.387,,6.321,31.0,America,Northern Hemisphere,Very High,61.0,LAC,13.48,49.8
Panama,PAN,2020,1.527,4.266,19829.697,0.001,0.019,1.144,4293258.0,73827064971.0,19829.697,,6.305,36.0,America,Northern Hemisphere,Very High,61.0,LAC,13.48,
Panama,PAN,2021,2.335,4.516,21334.693,0.001,0.028,0.696,4345410.0,85518149482.0,21334.693,,6.18,41.0,America,Northern Hemisphere,Very High,61.0,LAC,13.48,50.9
Peru,PER,2013,1.433,1.974,8806.167,0.003,0.121,1.308,29817908.0,274939626306.0,8806.167,64.66,5.776,55.0,America,Southern Hemisphere,High,84.0,LAC,9.15,43.9
Peru,PER,2014,1.64,2.105,8926.504,0.003,0.139,2.428,30115825.0,281488723310.0,8926.504,65.648,,,America,Southern Hemisphere,High,84.0,LAC,9.45,43.1
Peru,PER,2015,1.615,2.097,9247.921,0.003,0.139,1.291,30457598.0,290642734598.0,9247.921,69.108,5.824,58.0,America,Southern Hemisphere,High,84.0,LAC,9.58,43.4
Peru,PER,2016,1.707,2.153,9684.865,0.003,0.149,1.325,30866497.0,302131843581.0,9684.865,69.438,5.743,64.0,America,Southern Hemisphere,High,84.0,LAC,9.32,43.6
Peru,PER,2017,1.747,2.181,9691.741,0.003,0.152,0.909,31324639.0,309742529723.0,9691.741,82.497,5.715,63.0,America,Southern Hemisphere,High,84.0,LAC,9.32,43.3
Peru,PER,2018,1.756,2.213,9982.715,0.004,0.152,0.777,31897590.0,322061010919.0,9982.715,88.46,5.663,65.0,America,Southern Hemisphere,High,84.0,LAC,9.24,42.4
Peru,PER,2019,1.808,2.242,10064.474,0.004,0.158,0.764,32449302.0,329252610797.0,10064.474,90.071,5.697,65.0,America,Southern Hemisphere,High,84.0,LAC,9.43,41.5
Peru,PER,2020,1.438,1.866,8766.572,0.004,0.134,0.571,32838577.0,292988745490.0,8766.572,87.938,5.797,63.0,America,Southern Hemisphere,High,84.0,LAC,9.43,43.7
Peru,PER,2021,1.808,2.195,9877.367,0.004,0.163,0.531,33155883.0,332691638600.0,9877.367,92.159,5.84,63.0,America,Southern Hemisphere,High,84.0,LAC,9.43,40.1
Philippines,PHL,2013,0.929,1.275,3778.861,0.007,0.269,0.789,102076334.0,674346563689.0,3778.861,60.254,4.985,92.0,Asia,Northern Hemisphere,Medium,116.0,EAP,5.55,
Philippines,PHL,2014,0.964,1.321,3909.477,0.007,0.282,0.624,103767127.0,717154029846.0,3909.477,60.627,,,Asia,Northern Hemisphere,Medium,116.0,EAP,7.66,
Philippines,PHL,2015,1.054,1.368,4220.296,0.007,0.314,0.55,105312988.0,762678999551.0,4220.296,64.522,5.073,90.0,Asia,Northern Hemisphere,Medium,116.0,EAP,7.77,44.6
Philippines,PHL,2016,1.126,1.541,4547.887,0.007,0.34,0.534,106735721.0,817202925336.0,4547.887,67.591,5.279,82.0,Asia,Northern Hemisphere,Medium,116.0,EAP,8.16,
Philippines,PHL,2017,1.235,1.637,4925.253,0.007,0.371,0.513,108119691.0,873843247356.0,4925.253,70.595,5.43,72.0,Asia,Northern Hemisphere,Medium,116.0,EAP,8.45,
Philippines,PHL,2018,1.278,1.686,5028.468,0.007,0.381,0.45,109465284.0,929253628653.0,5028.468,71.161,5.524,71.0,Asia,Northern Hemisphere,Medium,116.0,EAP,8.39,42.3
Philippines,PHL,2019,1.287,1.682,5109.184,0.007,0.385,0.418,110804685.0,986114678778.0,5109.184,68.341,5.631,69.0,Asia,Northern Hemisphere,Medium,116.0,EAP,8.77,
Philippines,PHL,2020,1.173,1.566,4583.8,0.007,0.374,0.403,112081270.0,892256290776.0,4583.8,66.528,6.006,52.0,Asia,Northern Hemisphere,Medium,116.0,EAP,8.77,
Philippines,PHL,2021,1.24,1.695,4823.633,0.007,0.38,0.347,113100947.0,943141651518.0,4823.633,71.183,5.88,61.0,Asia,Northern Hemisphere,Medium,116.0,EAP,8.77,40.7
Palau,PLW,2013,12.856,,,0.0,0.001,0.0,,,,,,,Oceania,Northern Hemisphere,High,80.0,EAP,,
Palau,PLW,2014,12.392,,,0.0,0.001,0.0,,,,,,,Oceania,Northern Hemisphere,High,80.0,EAP,,
Palau,PLW,2015,11.327,,,0.0,0.001,0.0,,,,,,,Oceania,Northern Hemisphere,High,80.0,EAP,,
Palau,PLW,2016,11.717,,,0.0,0.001,0.0,,,,,,,Oceania,Northern Hemisphere,High,80.0,EAP,,
Palau,PLW,2017,12.119,,,0.0,0.001,0.0,,,,,,,Oceania,Northern Hemisphere,High,80.0,EAP,,
Palau,PLW,2018,11.91,,,0.0,0.001,0.0,,,,,,,Oceania,Northern Hemisphere,High,80.0,EAP,,
Palau,PLW,2019,12.13,,,0.0,0.001,0.0,,,,,,,Oceania,Northern Hemisphere,High,80.0,EAP,,
Palau,PLW,2020,11.722,,,0.0,0.001,0.0,,,,,,,Oceania,Northern Hemisphere,High,80.0,EAP,,
Palau,PLW,2021,11.933,,,0.0,0.001,0.0,,,,,,,Oceania,Northern Hemisphere,High,80.0,EAP,,
Papua New Guinea,PNG,2013,0.546,,2406.368,0.001,0.013,4.71,8302700.0,,2406.368,,,,Oceania,Southern Hemisphere,Medium,156.0,EAP,5.19,
Papua New Guinea,PNG,2014,0.719,,2494.864,0.001,0.017,4.552,8523440.0,,2494.864,,,,Oceania,Southern Hemisphere,Medium,156.0,EAP,4.6,
Papua New Guinea,PNG,2015,0.722,,2863.973,0.001,0.018,4.072,8743247.0,,2863.973,,,,Oceania,Southern Hemisphere,Medium,156.0,EAP,3.71,
Papua New Guinea,PNG,2016,0.784,,2987.719,0.001,0.02,7.648,8961717.0,,2987.719,,,,Oceania,Southern Hemisphere,Medium,156.0,EAP,3.83,
Papua New Guinea,PNG,2017,0.714,,2848.771,0.001,0.018,4.976,9178717.0,,2848.771,,,,Oceania,Southern Hemisphere,Medium,156.0,EAP,3.79,
Papua New Guinea,PNG,2018,0.809,,2157.172,0.001,0.021,3.812,9394518.0,,2157.172,,,,Oceania,Southern Hemisphere,Medium,156.0,EAP,5.82,
Papua New Guinea,PNG,2019,0.789,,2194.275,0.001,0.02,3.434,9609014.0,,2194.275,,,,Oceania,Southern Hemisphere,Medium,156.0,EAP,5.23,
Papua New Guinea,PNG,2020,0.806,,2062.187,0.001,0.023,3.175,9815743.0,,2062.187,,,,Oceania,Southern Hemisphere,Medium,156.0,EAP,5.23,
Papua New Guinea,PNG,2021,0.786,,1941.511,0.001,0.021,3.037,10012898.0,,1941.511,,,,Oceania,Southern Hemisphere,Medium,156.0,EAP,5.23,
Poland,POL,2013,8.41,7.949,29569.779,0.013,0.912,-1.26,38259267.0,863601156195.0,29569.779,57.048,5.822,51.0,Europe,Northern Hemisphere,Very High,34.0,,16.55,33.1
Poland,POL,2014,8.086,7.79,28468.607,0.013,0.872,-1.279,38265113.0,896737189458.0,28468.607,64.378,,,Europe,Northern Hemisphere,Very High,34.0,,17.12,32.8
Poland,POL,2015,8.168,7.816,28824.648,0.013,0.883,-1.242,38266314.0,936043804062.0,28824.648,70.274,5.791,60.0,Europe,Northern Hemisphere,Very High,34.0,,17.55,31.8
Poland,POL,2016,8.449,7.959,30061.346,0.013,0.913,-1.161,38263260.0,963689941627.0,30061.346,67.435,5.835,58.0,Europe,Northern Hemisphere,Very High,34.0,,17.96,31.2
Poland,POL,2017,8.796,8.295,31585.154,0.013,0.935,-1.133,38254964.0,1013223736654.0,31585.154,71.379,5.973,46.0,Europe,Northern Hemisphere,Very High,34.0,,17.93,29.7
Poland,POL,2018,8.779,8.597,31957.33,0.013,0.914,-0.612,38241070.0,1073462064151.0,31957.33,68.534,6.123,42.0,Europe,Northern Hemisphere,Very High,34.0,,17.78,30.2
Poland,POL,2019,8.304,8.101,31059.262,0.013,0.856,-0.309,38225884.0,1121231497071.0,31059.262,79.444,6.182,40.0,Europe,Northern Hemisphere,Very High,34.0,,17.85,28.8
Poland,POL,2020,7.914,7.549,29845.539,0.013,0.859,-0.753,38171005.0,1098581305284.0,29845.539,87.02,6.186,43.0,Europe,Northern Hemisphere,Very High,34.0,,17.85,28.5
Poland,POL,2021,8.693,8.258,32196.334,0.014,0.897,-0.832,38040303.0,1173809548862.0,32196.334,92.762,6.166,44.0,Europe,Northern Hemisphere,Very High,34.0,,17.85,28.5
North Korea,PRK,2013,1.427,,5513.811,0.003,0.102,0.526,25329456.0,44033758330.0,5513.811,,,,Asia,Northern Hemisphere,,,EAP,0.87,
North Korea,PRK,2014,1.565,,5388.655,0.003,0.112,0.49,25451263.0,44518471841.0,5388.655,,,,Asia,Northern Hemisphere,,,EAP,0.9,
North Korea,PRK,2015,1.223,,4766.541,0.003,0.088,0.498,25575355.0,44032955306.0,4766.541,,,,Asia,Northern Hemisphere,,,EAP,1.03,
North Korea,PRK,2016,1.332,,4822.999,0.003,0.097,0.437,25698325.0,45739740287.0,4822.999,,,,Asia,Northern Hemisphere,,,EAP,1.14,
North Korea,PRK,2017,2.7,,8832.858,0.003,0.194,0.446,25817710.0,44160501992.0,8832.858,,,,Asia,Northern Hemisphere,,,EAP,0.93,
North Korea,PRK,2018,2.414,,8003.173,0.003,0.17,0.406,25931153.0,42349472757.0,8003.173,,,,Asia,Northern Hemisphere,,,EAP,0.74,
North Korea,PRK,2019,2.67,,8788.403,0.003,0.187,0.414,26037633.0,42499100315.0,8788.403,,,,Asia,Northern Hemisphere,,,EAP,0.75,
North Korea,PRK,2020,2.509,,8332.383,0.003,0.187,0.401,26136312.0,40572892149.0,8332.383,,,,Asia,Northern Hemisphere,,,EAP,0.75,
North Korea,PRK,2021,2.057,,7039.498,0.003,0.146,0.367,26232530.0,40550428396.0,7039.498,,,,Asia,Northern Hemisphere,,,EAP,0.75,
Portugal,PRT,2013,4.604,4.872,27696.83,0.001,0.136,-0.353,10458287.0,250405237435.0,27696.83,80.419,5.101,85.0,Europe,Northern Hemisphere,Very High,38.0,,12.56,36.2
Portugal,PRT,2014,4.607,4.793,28038.432,0.001,0.135,-0.397,10406203.0,252388910611.0,28038.432,85.419,,,Europe,Northern Hemisphere,Very High,38.0,,12.83,35.6
Portugal,PRT,2015,5.037,5.08,27918.504,0.001,0.148,-0.421,10370264.0,256911888409.0,27918.504,67.745,5.102,88.0,Europe,Northern Hemisphere,Very High,38.0,,13.33,35.5
Portugal,PRT,2016,4.863,5.346,29949.295,0.001,0.142,-0.251,10346377.0,262100101273.0,29949.295,86.212,5.123,94.0,Europe,Northern Hemisphere,Very High,38.0,,13.55,35.2
Portugal,PRT,2017,5.34,5.756,29221.047,0.001,0.153,-0.082,10330838.0,271290329012.0,29221.047,61.549,5.195,89.0,Europe,Northern Hemisphere,Very High,38.0,,13.98,33.8
Portugal,PRT,2018,4.972,5.56,29450.785,0.001,0.14,0.942,10325355.0,279020275961.0,29450.785,78.575,5.41,77.0,Europe,Northern Hemisphere,Very High,38.0,,12.34,33.5
Portugal,PRT,2019,4.6,5.226,28333.217,0.001,0.128,0.332,10343218.0,286505655767.0,28333.217,73.342,5.693,66.0,Europe,Northern Hemisphere,Very High,38.0,,12.25,32.8
Portugal,PRT,2020,4.025,4.704,25577.088,0.001,0.119,0.19,10370519.0,262724232089.0,25577.088,79.964,5.911,59.0,Europe,Northern Hemisphere,Very High,38.0,,12.25,34.7
Portugal,PRT,2021,3.878,4.851,25646.334,0.001,0.109,0.108,10390957.0,277181288542.0,25646.334,84.396,5.929,58.0,Europe,Northern Hemisphere,Very High,38.0,,12.25,34.6
Paraguay,PRY,2013,0.864,1.648,5759.684,0.002,0.015,7.934,5982447.0,51734453611.0,5759.684,,5.779,54.0,America,Southern Hemisphere,High,105.0,LAC,17.13,47.9
Paraguay,PRY,2014,0.898,1.662,5999.334,0.002,0.015,6.8,6069819.0,54476893712.0,5999.334,,,,America,Southern Hemisphere,High,105.0,LAC,17.68,50.7
Paraguay,PRY,2015,0.982,1.631,6838.798,0.002,0.017,7.035,6159106.0,56087783311.0,6838.798,,5.878,53.0,America,Southern Hemisphere,High,105.0,LAC,18.46,47.6
Paraguay,PRY,2016,1.15,1.751,7659.005,0.002,0.02,6.222,6249129.0,58481604773.0,7659.005,,5.538,70.0,America,Southern Hemisphere,High,105.0,LAC,17.98,47.9
Paraguay,PRY,2017,1.253,1.959,7744.288,0.002,0.022,5.584,6338658.0,61294571103.0,7744.288,,5.493,70.0,America,Southern Hemisphere,High,105.0,LAC,19.07,48.5
Paraguay,PRY,2018,1.323,2.054,8063.859,0.002,0.023,3.978,6427382.0,63258456042.0,8063.859,,5.681,64.0,America,Southern Hemisphere,High,105.0,LAC,18.12,46.0
Paraguay,PRY,2019,1.269,2.021,7898.018,0.002,0.022,3.148,6515059.0,63004153609.0,7898.018,,5.743,63.0,America,Southern Hemisphere,High,105.0,LAC,18.93,45.7
Paraguay,PRY,2020,1.127,1.825,7560.656,0.002,0.021,2.624,6603741.0,62487519891.0,7560.656,,5.692,67.0,America,Southern Hemisphere,High,105.0,LAC,18.93,43.5
Paraguay,PRY,2021,1.225,2.064,8164.098,0.002,0.022,2.305,6684184.0,64997640183.0,8164.098,,5.653,71.0,America,Southern Hemisphere,High,105.0,LAC,18.93,42.9
Palestine,PSE,2013,0.565,,3544.621,0.0,0.007,-0.0,4315263.0,21115612000.0,3544.621,,4.7,113.0,Asia,Northern Hemisphere,High,106.0,AS,,
Palestine,PSE,2014,0.642,,3736.321,0.0,0.008,0.012,4415887.0,21084591000.0,3736.321,,,,Asia,Northern Hemisphere,High,106.0,AS,,
Palestine,PSE,2015,0.664,,4048.837,0.0,0.008,-0.004,4521564.0,21808077000.0,4048.837,,4.715,108.0,Asia,Northern Hemisphere,High,106.0,AS,,
Palestine,PSE,2016,0.698,,4137.109,0.0,0.009,0.111,4632743.0,23665914839.0,4137.109,,4.754,108.0,Asia,Northern Hemisphere,High,106.0,AS,,33.7
Palestine,PSE,2017,0.688,,4055.846,0.0,0.009,0.084,4742747.0,23886477912.0,4055.846,,4.775,103.0,Asia,Northern Hemisphere,High,106.0,AS,,
Palestine,PSE,2018,0.61,,3805.813,0.0,0.008,0.039,4850593.0,24082206405.0,3805.813,,4.743,104.0,Asia,Northern Hemisphere,High,106.0,AS,,
Palestine,PSE,2019,0.658,,4149.399,0.0,0.009,0.02,4957773.0,24410373377.0,4149.399,,4.696,110.0,Asia,Northern Hemisphere,High,106.0,AS,,
Palestine,PSE,2020,0.656,,4169.636,0.0,0.009,0.004,5069692.0,21647493143.0,4169.636,,4.553,125.0,Asia,Northern Hemisphere,High,106.0,AS,,
Palestine,PSE,2021,0.701,,4366.51,0.0,0.01,0.003,5185341.0,23165411997.0,4366.51,,4.517,125.0,Asia,Northern Hemisphere,High,106.0,AS,,
French Polynesia,PYF,2013,3.214,,15599.588,0.0,0.003,,274736.0,,15599.588,,,,,,,,,,
French Polynesia,PYF,2014,3.076,,15258.123,0.0,0.002,,276391.0,,15258.123,,,,,,,,,,
French Polynesia,PYF,2015,3.046,,15853.955,0.0,0.002,,277877.0,,15853.955,,,,,,,,,,
French Polynesia,PYF,2016,3.11,,15581.958,0.0,0.002,,279180.0,,15581.958,,,,,,,,,,
French Polynesia,PYF,2017,3.126,,15126.788,0.0,0.002,,280096.0,,15126.788,,,,,,,,,,
French Polynesia,PYF,2018,3.143,,12265.872,0.0,0.002,,279823.0,,12265.872,,,,,,,,,,
French Polynesia,PYF,2019,3.191,,12399.256,0.0,0.002,,279040.0,,12399.256,,,,,,,,,,
French Polynesia,PYF,2020,2.979,,11561.682,0.0,0.002,,279218.0,,11561.682,,,,,,,,,,
French Polynesia,PYF,2021,3.103,,9224.391,0.0,0.002,,279808.0,,9224.391,,,,,,,,,,
Qatar,QAT,2013,44.982,27.314,237978.625,0.001,0.259,0.021,2032650.0,327388964338.0,237978.625,0.249,6.666,27.0,Asia,Northern Hemisphere,Very High,42.0,AS,41.15,
Qatar,QAT,2014,41.31,28.178,233130.469,0.001,0.258,0.011,2218378.0,344851898869.0,233130.469,0.335,,,Asia,Northern Hemisphere,Very High,42.0,AS,46.8,
Qatar,QAT,2015,38.441,30.199,245295.047,0.001,0.264,0.007,2427340.0,361242719905.0,245295.047,0.389,6.611,28.0,Asia,Northern Hemisphere,Very High,42.0,AS,47.71,
Qatar,QAT,2016,35.154,29.394,225636.406,0.001,0.258,0.014,2599382.0,372311173588.0,225636.406,0.405,6.375,36.0,Asia,Northern Hemisphere,Very High,42.0,AS,51.08,
Qatar,QAT,2017,39.035,28.953,208396.75,0.001,0.294,0.025,2706716.0,366733973367.0,208396.75,0.424,6.375,35.0,Asia,Northern Hemisphere,Very High,42.0,AS,44.9,35.1
Qatar,QAT,2018,37.166,27.513,207650.469,0.001,0.279,0.013,2761144.0,371263146890.0,207650.469,0.441,6.374,32.0,Asia,Northern Hemisphere,Very High,42.0,AS,33.57,
Qatar,QAT,2019,36.252,27.843,209158.016,0.001,0.273,0.008,2797927.0,373817411294.0,209158.016,0.388,6.374,29.0,Asia,Northern Hemisphere,Very High,42.0,AS,33.72,
Qatar,QAT,2020,36.145,28.162,183122.625,0.001,0.288,0.006,2803375.0,360517012801.0,183122.625,0.441,,,Asia,Northern Hemisphere,Very High,42.0,AS,33.72,
Qatar,QAT,2021,37.082,26.448,192920.656,0.001,0.283,0.004,2814988.0,366245595916.0,192920.656,0.439,,,Asia,Northern Hemisphere,Very High,42.0,AS,33.72,
Romania,ROU,2013,3.927,3.857,18420.879,0.004,0.223,-0.269,20062913.0,357789262640.0,18420.879,53.035,5.033,90.0,Europe,Northern Hemisphere,Very High,53.0,,13.74,36.9
Romania,ROU,2014,3.973,4.019,18986.027,0.005,0.224,-0.225,19968179.0,372532510801.0,18986.027,65.569,,,Europe,Northern Hemisphere,Very High,53.0,,13.72,36.0
Romania,ROU,2015,3.928,3.964,19180.48,0.005,0.22,-0.591,19871018.0,384306463712.0,19180.48,68.48,5.124,86.0,Europe,Northern Hemisphere,Very High,53.0,,15.52,35.9
Romania,ROU,2016,3.873,4.024,19269.059,0.005,0.216,-0.683,19777049.0,395288226514.0,19269.059,70.954,5.528,71.0,Europe,Northern Hemisphere,Very High,53.0,,15.39,34.4
Romania,ROU,2017,4.034,4.237,19702.773,0.005,0.221,-0.292,19689405.0,456012361225.0,19702.773,64.221,5.825,57.0,Europe,Northern Hemisphere,Very High,53.0,,15.21,36.0
Romania,ROU,2018,4.076,4.497,20004.775,0.005,0.217,1.213,19597874.0,473122658487.0,20004.775,68.848,5.945,52.0,Europe,Northern Hemisphere,Very High,53.0,,15.45,35.8
Romania,ROU,2019,3.933,4.366,19681.396,0.005,0.207,-0.458,19501542.0,456564507688.0,19681.396,65.608,6.07,48.0,Europe,Northern Hemisphere,Very High,53.0,,16.04,34.8
Romania,ROU,2020,3.813,4.176,19053.199,0.005,0.21,-0.305,19392467.0,483499378450.0,19053.199,66.143,6.124,47.0,Europe,Northern Hemisphere,Very High,53.0,,16.04,34.6
Romania,ROU,2021,4.026,4.465,20261.834,0.005,0.21,-0.873,19248159.0,505119539256.0,20261.834,69.975,6.14,46.0,Europe,Northern Hemisphere,Very High,53.0,,16.04,33.9
Russia,RUS,2013,11.324,9.563,55548.391,0.086,4.642,1.806,144604105.0,3500216789791.0,55548.391,464.846,5.464,68.0,Europe,Northern Hemisphere,Very High,52.0,,10.37,40.9
Russia,RUS,2014,11.298,9.301,55599.285,0.087,4.617,0.881,144925639.0,3525987597216.0,55599.285,443.592,,,Europe,Northern Hemisphere,Very High,52.0,,9.99,36.9
Russia,RUS,2015,11.254,8.735,54577.699,0.088,4.619,3.079,145307612.0,3456429719677.0,54577.699,428.028,5.716,64.0,Europe,Northern Hemisphere,Very High,52.0,,8.67,36.5
Russia,RUS,2016,11.177,8.729,55468.086,0.089,4.604,3.122,145778668.0,3463123938280.0,55468.086,467.186,5.856,56.0,Europe,Northern Hemisphere,Very High,52.0,,9.07,36.7
Russia,RUS,2017,11.362,8.917,55653.059,0.089,4.617,2.931,146186798.0,3526353842599.0,55653.059,467.004,5.963,49.0,Europe,Northern Hemisphere,Very High,52.0,,9.57,35.5
Russia,RUS,2018,11.677,8.542,57585.199,0.09,4.655,2.166,146430146.0,3625347362801.0,57585.199,479.074,5.81,59.0,Europe,Northern Hemisphere,Very High,52.0,,9.17,35.3
Russia,RUS,2019,11.632,8.778,57120.422,0.091,4.596,1.812,146533063.0,3705035583500.0,57120.422,487.594,5.648,68.0,Europe,Northern Hemisphere,Very High,52.0,,9.49,35.7
Russia,RUS,2020,11.149,8.735,55172.793,0.092,4.642,1.435,146371295.0,3606716578675.0,55172.793,536.377,5.546,73.0,Europe,Northern Hemisphere,Very High,52.0,,9.49,33.7
Russia,RUS,2021,11.482,8.49,57127.566,0.093,4.542,1.647,145836172.0,3809571453737.0,57127.566,545.825,5.477,76.0,Europe,Northern Hemisphere,Very High,52.0,,9.49,35.1
Rwanda,RWA,2013,0.07,0.071,366.961,0.0,0.002,0.35,11093340.0,16440168692.0,366.961,,3.715,152.0,Africa,Southern Hemisphere,Low,165.0,SSA,2.26,45.1
Rwanda,RWA,2014,0.073,0.079,370.45,0.0,0.002,0.29,11364758.0,17455015690.0,370.45,,,,Africa,Southern Hemisphere,Low,165.0,SSA,2.11,
Rwanda,RWA,2015,0.083,0.091,390.745,0.0,0.003,0.25,11640026.0,19000488690.0,390.745,,3.465,154.0,Africa,Southern Hemisphere,Low,165.0,SSA,2.14,
Rwanda,RWA,2016,0.088,0.092,387.805,0.0,0.003,0.233,11919183.0,20135193148.0,387.805,,3.515,152.0,Africa,Southern Hemisphere,Low,165.0,SSA,2.2,43.7
Rwanda,RWA,2017,0.096,0.155,403.966,0.0,0.003,0.08,12202062.0,20935170126.0,403.966,,3.471,151.0,Africa,Southern Hemisphere,Low,165.0,SSA,2.23,
Rwanda,RWA,2018,0.105,0.202,391.707,0.0,0.004,0.032,12488000.0,22730987759.0,391.707,,3.408,151.0,Africa,Southern Hemisphere,Low,165.0,SSA,1.98,
Rwanda,RWA,2019,0.111,0.211,430.316,0.0,0.004,0.163,12776102.0,24883378782.0,430.316,,3.334,152.0,Africa,Southern Hemisphere,Low,165.0,SSA,2.0,
Rwanda,RWA,2020,0.107,0.192,439.894,0.0,0.004,0.287,13065838.0,24048043469.0,439.894,,3.312,150.0,Africa,Southern Hemisphere,Low,165.0,SSA,2.0,
Rwanda,RWA,2021,0.127,0.223,487.895,0.0,0.005,0.214,13355260.0,26663035281.0,487.895,,3.415,147.0,Africa,Southern Hemisphere,Low,165.0,SSA,2.0,
Saudi Arabia,SAU,2013,20.808,20.337,97450.227,0.005,1.653,-0.031,28026825.0,1461615692896.0,97450.227,0.109,6.48,33.0,Asia,Northern Hemisphere,Very High,35.0,AS,29.86,
Saudi Arabia,SAU,2014,20.177,20.372,101100.227,0.005,1.65,-0.028,28998127.0,1520484201383.0,101100.227,0.117,,,Asia,Northern Hemisphere,Very High,35.0,AS,33.91,
Saudi Arabia,SAU,2015,20.836,21.81,101972.688,0.006,1.764,-0.024,29974944.0,1591797027903.0,101972.688,0.116,6.411,35.0,Asia,Northern Hemisphere,Very High,35.0,AS,38.66,
Saudi Arabia,SAU,2016,20.873,20.832,103517.945,0.006,1.812,0.014,30717804.0,1629412617614.0,103517.945,0.115,6.379,35.0,Asia,Northern Hemisphere,Very High,35.0,AS,32.71,
Saudi Arabia,SAU,2017,20.937,20.265,103364.891,0.006,1.792,0.037,30782400.0,1628276592787.0,103364.891,0.175,6.344,37.0,Asia,Northern Hemisphere,Very High,35.0,AS,31.78,
Saudi Arabia,SAU,2018,21.479,20.287,102146.078,0.007,1.775,0.013,30365119.0,1673253984473.0,102146.078,0.409,6.371,33.0,Asia,Northern Hemisphere,Very High,35.0,AS,28.79,
Saudi Arabia,SAU,2019,23.245,22.059,97377.938,0.007,1.91,0.015,30472809.0,1687180073621.0,97377.938,0.526,6.375,28.0,Asia,Northern Hemisphere,Very High,35.0,AS,30.03,
Saudi Arabia,SAU,2020,21.089,20.937,93195.883,0.007,1.859,0.001,30991206.0,1613932868835.0,93195.883,2.263,6.406,27.0,Asia,Northern Hemisphere,Very High,35.0,AS,30.03,
Saudi Arabia,SAU,2021,22.197,21.364,95196.312,0.008,1.886,-0.001,31328374.0,1677226744197.0,95196.312,2.463,6.494,26.0,Asia,Northern Hemisphere,Very High,35.0,AS,30.03,
Sudan,SDN,2013,0.46,,1888.242,0.001,0.049,1.0,37785852.0,,1888.242,,4.401,124.0,Africa,Northern Hemisphere,Low,172.0,AS,11.93,
Sudan,SDN,2014,0.337,,1871.96,0.001,0.037,1.163,38823324.0,,1871.96,,,,Africa,Northern Hemisphere,Low,172.0,AS,12.1,34.2
Sudan,SDN,2015,0.356,,1915.481,0.001,0.04,0.959,40024433.0,,1915.481,,4.55,118.0,Africa,Northern Hemisphere,Low,172.0,AS,9.4,
Sudan,SDN,2016,0.478,,2243.968,0.001,0.056,0.82,41259892.0,,2243.968,,4.139,133.0,Africa,Northern Hemisphere,Low,172.0,AS,11.81,
Sudan,SDN,2017,0.475,,2182.005,0.001,0.056,0.768,42714311.0,,2182.005,,4.139,130.0,Africa,Northern Hemisphere,Low,172.0,AS,9.14,
Sudan,SDN,2018,0.464,,2225.562,0.001,0.056,0.441,44230597.0,,2225.562,,4.139,137.0,Africa,Northern Hemisphere,Low,172.0,AS,11.37,
Sudan,SDN,2019,0.483,,2052.874,0.001,0.059,0.09,45548179.0,,2052.874,,,,Africa,Northern Hemisphere,Low,172.0,AS,11.25,
Sudan,SDN,2020,0.423,,1732.914,0.001,0.056,0.3,46789237.0,,1732.914,,,,Africa,Northern Hemisphere,Low,172.0,AS,11.25,
Sudan,SDN,2021,0.4,,1592.538,0.001,0.052,0.179,48066930.0,,1592.538,,,,Africa,Northern Hemisphere,Low,172.0,AS,11.25,
Senegal,SEN,2013,0.573,0.796,2060.026,0.0,0.022,-0.088,13710857.0,32167998974.0,2060.026,,3.959,147.0,Africa,Northern Hemisphere,Low,170.0,SSA,4.56,
Senegal,SEN,2014,0.616,0.879,2220.115,0.0,0.025,1.3,14152103.0,34170131826.0,2220.115,,,,Africa,Northern Hemisphere,Low,170.0,SSA,4.22,
Senegal,SEN,2015,0.675,0.91,2501.007,0.0,0.028,0.57,14593335.0,36345743124.0,2501.007,,3.904,142.0,Africa,Northern Hemisphere,Low,170.0,SSA,4.33,
Senegal,SEN,2016,0.666,0.956,2342.34,0.0,0.028,0.429,15034517.0,38655882471.0,2342.34,,4.219,128.0,Africa,Northern Hemisphere,Low,170.0,SSA,4.36,
Senegal,SEN,2017,0.695,0.978,2407.79,0.0,0.03,0.382,15475001.0,41519118886.0,2407.79,,4.535,115.0,Africa,Northern Hemisphere,Low,170.0,SSA,4.44,
Senegal,SEN,2018,0.712,1.038,2362.45,0.0,0.031,0.364,15914495.0,44097044770.0,2362.45,,4.631,109.0,Africa,Northern Hemisphere,Low,170.0,SSA,4.05,38.3
Senegal,SEN,2019,0.777,1.05,2561.538,0.0,0.034,0.338,16352926.0,46131678369.0,2561.538,,4.681,111.0,Africa,Northern Hemisphere,Low,170.0,SSA,4.09,
Senegal,SEN,2020,0.644,0.929,2213.902,0.0,0.031,0.478,16789217.0,46743389453.0,2213.902,,4.981,101.0,Africa,Northern Hemisphere,Low,170.0,SSA,4.09,
Senegal,SEN,2021,0.715,1.015,2404.388,0.0,0.033,0.264,17220866.0,49579310412.0,2404.388,,5.132,92.0,Africa,Northern Hemisphere,Low,170.0,SSA,4.09,36.2
Singapore,SGP,2013,8.727,44.9,156552.797,0.001,0.133,0.05,5385589.0,349985256634.0,156552.797,2.237,6.546,30.0,Asia,Northern Hemisphere,Very High,12.0,EAP,64.83,
Singapore,SGP,2014,8.721,34.716,157654.781,0.001,0.134,0.057,5457899.0,363759075569.0,157654.781,2.386,,,Asia,Northern Hemisphere,Very High,12.0,EAP,53.25,
Singapore,SGP,2015,8.941,29.49,164988.625,0.001,0.14,0.023,5525343.0,374587437267.0,164988.625,2.662,6.798,24.0,Asia,Northern Hemisphere,Very High,12.0,EAP,54.48,
Singapore,SGP,2016,8.803,28.998,172266.609,0.001,0.139,0.019,5577936.0,388078809982.0,172266.609,2.727,6.739,22.0,Asia,Northern Hemisphere,Very High,12.0,EAP,56.53,
Singapore,SGP,2017,8.94,30.245,175960.0,0.001,0.139,0.018,5604087.0,405715948493.0,175960.0,2.728,6.572,26.0,Asia,Northern Hemisphere,Very High,12.0,EAP,55.48,
Singapore,SGP,2018,8.927,31.358,176342.375,0.001,0.137,0.013,5634366.0,420221993120.0,176342.375,2.719,6.343,34.0,Asia,Northern Hemisphere,Very High,12.0,EAP,47.32,
Singapore,SGP,2019,8.643,30.983,171884.062,0.001,0.132,0.013,5669562.0,425816263950.0,171884.062,2.858,6.262,34.0,Asia,Northern Hemisphere,Very High,12.0,EAP,50.43,
Singapore,SGP,2020,8.309,27.687,162517.109,0.001,0.133,0.019,5620151.0,409204971045.0,162517.109,2.869,6.377,31.0,Asia,Northern Hemisphere,Very High,12.0,EAP,50.43,
Singapore,SGP,2021,9.033,31.923,164442.578,0.001,0.136,0.019,5546291.0,445551993008.0,164442.578,3.08,6.377,32.0,Asia,Northern Hemisphere,Very High,12.0,EAP,50.43,
Saint Helena,SHN,2013,2.012,,8320.795,0.0,0.0,,5462.0,,8320.795,,,,,,,,,,
Saint Helena,SHN,2014,2.001,,7854.348,0.0,0.0,,5493.0,,7854.348,,,,,,,,,,
Saint Helena,SHN,2015,1.988,,7102.826,0.0,0.0,,5529.0,,7102.826,,,,,,,,,,
Saint Helena,SHN,2016,2.644,,7136.471,0.0,0.0,,5544.0,,7136.471,,,,,,,,,,
Saint Helena,SHN,2017,1.988,,7652.684,0.0,0.0,,5528.0,,7652.684,,,,,,,,,,
Saint Helena,SHN,2018,1.996,,9256.192,0.0,0.0,,5507.0,,9256.192,,,,,,,,,,
Saint Helena,SHN,2019,2.672,,10433.01,0.0,0.0,,5485.0,,10433.01,,,,,,,,,,
Saint Helena,SHN,2020,2.017,,8155.021,0.0,0.0,,5451.0,,8155.021,,,,,,,,,,
Saint Helena,SHN,2021,1.353,,8847.337,0.0,0.0,,5415.0,,8847.337,,,,,,,,,,
Solomon Islands,SLB,2013,0.634,,2709.936,0.0,0.001,15.439,594952.0,,2709.936,,,,Oceania,Southern Hemisphere,Medium,155.0,EAP,,
Solomon Islands,SLB,2014,0.535,,2459.192,0.0,0.001,10.888,616915.0,,2459.192,,,,Oceania,Southern Hemisphere,Medium,155.0,EAP,,
Solomon Islands,SLB,2015,0.464,,2167.244,0.0,0.001,12.777,639423.0,,2167.244,,,,Oceania,Southern Hemisphere,Medium,155.0,EAP,,
Solomon Islands,SLB,2016,0.443,,2009.223,0.0,0.001,11.261,662387.0,,2009.223,,,,Oceania,Southern Hemisphere,Medium,155.0,EAP,,
Solomon Islands,SLB,2017,0.422,,1927.052,0.0,0.001,11.287,685677.0,,1927.052,,,,Oceania,Southern Hemisphere,Medium,155.0,EAP,,
Solomon Islands,SLB,2018,0.413,,1908.369,0.0,0.001,9.29,709109.0,,1908.369,,,,Oceania,Southern Hemisphere,Medium,155.0,EAP,,
Solomon Islands,SLB,2019,0.408,,1829.269,0.0,0.001,8.308,728156.0,,1829.269,,,,Oceania,Southern Hemisphere,Medium,155.0,EAP,,
Solomon Islands,SLB,2020,0.394,,1751.731,0.0,0.001,7.505,744505.0,,1751.731,,,,Oceania,Southern Hemisphere,Medium,155.0,EAP,,
Solomon Islands,SLB,2021,0.38,,1691.575,0.0,0.001,7.012,762594.0,,1691.575,,,,Oceania,Southern Hemisphere,Medium,155.0,EAP,,
Sierra Leone,SLE,2013,0.157,,690.481,0.001,0.003,3.087,6714057.0,11029545000.0,690.481,,4.318,127.0,Africa,Northern Hemisphere,Low,181.0,SSA,2.49,
Sierra Leone,SLE,2014,0.164,,738.866,0.001,0.003,2.452,6876385.0,11528208000.0,738.866,,,,Africa,Northern Hemisphere,Low,181.0,SSA,2.63,
Sierra Leone,SLE,2015,0.154,,585.566,0.001,0.003,2.087,7037660.0,9188877000.0,585.566,,4.507,123.0,Africa,Northern Hemisphere,Low,181.0,SSA,2.21,
Sierra Leone,SLE,2016,0.158,,585.52,0.001,0.003,2.002,7205339.0,9765347713.0,585.52,,4.635,111.0,Africa,Northern Hemisphere,Low,181.0,SSA,2.72,
Sierra Leone,SLE,2017,0.148,,565.926,0.001,0.003,1.78,7379300.0,10128155156.0,565.926,,4.709,106.0,Africa,Northern Hemisphere,Low,181.0,SSA,2.94,
Sierra Leone,SLE,2018,0.137,,601.862,0.001,0.003,1.496,7554568.0,10480967104.0,601.862,,4.571,113.0,Africa,Northern Hemisphere,Low,181.0,SSA,2.0,35.7
Sierra Leone,SLE,2019,0.145,,586.241,0.001,0.003,1.391,7731994.0,11031662186.0,586.241,,4.374,129.0,Africa,Northern Hemisphere,Low,181.0,SSA,2.12,
Sierra Leone,SLE,2020,0.15,,580.416,0.001,0.003,1.286,7912557.0,10814455084.0,580.416,,3.926,139.0,Africa,Northern Hemisphere,Low,181.0,SSA,2.12,
Sierra Leone,SLE,2021,0.183,,688.847,0.001,0.004,1.133,8094603.0,11258356071.0,688.847,,3.849,138.0,Africa,Northern Hemisphere,Low,181.0,SSA,2.12,
El Salvador,SLV,2013,0.987,1.396,4971.976,0.0,0.017,-0.09,6138845.0,48017379514.0,4971.976,,5.809,52.0,America,Northern Hemisphere,Medium,125.0,LAC,8.07,43.4
El Salvador,SLV,2014,0.993,1.4,5116.345,0.0,0.017,0.06,6162952.0,49026874064.0,5116.345,,,,America,Northern Hemisphere,Medium,125.0,LAC,8.05,41.6
El Salvador,SLV,2015,1.073,1.474,5442.877,0.0,0.019,0.01,6183675.0,50319726389.0,5442.877,,6.13,42.0,America,Northern Hemisphere,Medium,125.0,LAC,8.5,40.6
El Salvador,SLV,2016,1.06,1.506,5503.396,0.0,0.019,0.011,6200808.0,51794877474.0,5503.396,,6.068,46.0,America,Northern Hemisphere,Medium,125.0,LAC,8.08,40.0
El Salvador,SLV,2017,0.956,1.41,5317.579,0.0,0.017,0.035,6213538.0,53295513328.0,5317.579,,6.003,45.0,America,Northern Hemisphere,Medium,125.0,LAC,7.89,38.0
El Salvador,SLV,2018,1.037,1.59,5810.084,0.0,0.018,0.04,6219803.0,55053057931.0,5810.084,,6.167,40.0,America,Northern Hemisphere,Medium,125.0,LAC,5.93,38.6
El Salvador,SLV,2019,1.227,1.7,6477.021,0.0,0.021,0.041,6222316.0,56393644127.0,6477.021,,6.253,35.0,America,Northern Hemisphere,Medium,125.0,LAC,5.87,38.8
El Salvador,SLV,2020,0.984,1.449,5385.433,0.0,0.017,0.026,6234679.0,51960808936.0,5385.433,,6.348,34.0,America,Northern Hemisphere,Medium,125.0,LAC,5.87,
El Salvador,SLV,2021,1.115,1.621,6263.183,0.0,0.019,0.016,6255780.0,57771997522.0,6263.183,,6.061,49.0,America,Northern Hemisphere,Medium,125.0,LAC,5.87,39.0
San Marino,SMR,2013,,,,,,,,,,,,,Europe,Northern Hemisphere,Very High,44.0,,,
San Marino,SMR,2014,,,,,,,,,,,,,Europe,Northern Hemisphere,Very High,44.0,,,
San Marino,SMR,2015,,,,,,,,,,,,,Europe,Northern Hemisphere,Very High,44.0,,,
San Marino,SMR,2016,,,,,,,,,,,,,Europe,Northern Hemisphere,Very High,44.0,,,
San Marino,SMR,2017,,,,,,,,,,,,,Europe,Northern Hemisphere,Very High,44.0,,,
San Marino,SMR,2018,,,,,,,,,,,,,Europe,Northern Hemisphere,Very High,44.0,,,
San Marino,SMR,2019,,,,,,,,,,,,,Europe,Northern Hemisphere,Very High,44.0,,,
San Marino,SMR,2020,,,,,,,,,,,,,Europe,Northern Hemisphere,Very High,44.0,,,
San Marino,SMR,2021,,,,,,,,,,,,,Europe,Northern Hemisphere,Very High,44.0,,,
Somalia,SOM,2013,0.067,,264.889,0.0,0.002,1.798,12869599.0,,264.889,,,,Africa,Northern Hemisphere,,,AS,4.19,
Somalia,SOM,2014,0.066,,255.566,0.0,0.003,1.567,13339497.0,,255.566,,,,Africa,Northern Hemisphere,,,AS,4.06,
Somalia,SOM,2015,0.067,,256.09,0.0,0.003,1.47,13806969.0,,256.09,,,,Africa,Northern Hemisphere,,,AS,3.93,
Somalia,SOM,2016,0.067,,251.347,0.0,0.003,1.414,14348741.0,,251.347,,5.44,76.0,Africa,Northern Hemisphere,,,AS,3.74,
Somalia,SOM,2017,0.067,,241.232,0.0,0.003,1.391,14916630.0,,241.232,,5.151,93.0,Africa,Northern Hemisphere,,,AS,3.68,
Somalia,SOM,2018,0.067,,220.468,0.0,0.003,1.397,15452489.0,,220.468,,4.982,98.0,Africa,Northern Hemisphere,,,AS,3.68,
Somalia,SOM,2019,0.067,,212.513,0.0,0.003,1.405,16030969.0,,212.513,,4.668,112.0,Africa,Northern Hemisphere,,,AS,3.5,
Somalia,SOM,2020,0.068,,191.219,0.0,0.003,1.417,16651200.0,,191.219,,,,Africa,Northern Hemisphere,,,AS,3.5,
Somalia,SOM,2021,0.067,,192.256,0.0,0.003,1.429,17271435.0,,192.256,,,,Africa,Northern Hemisphere,,,AS,3.5,
Saint Pierre and Miquelon,SPM,2013,10.994,,63223.348,0.0,0.0,,5999.0,,63223.348,,,,,,,,,,
Saint Pierre and Miquelon,SPM,2014,11.021,,66678.836,0.0,0.0,,5984.0,,66678.836,,,,,,,,,,
Saint Pierre and Miquelon,SPM,2015,11.045,,66824.008,0.0,0.0,,5971.0,,66824.008,,,,,,,,,,
Saint Pierre and Miquelon,SPM,2016,11.071,,68195.562,0.0,0.0,,5957.0,,68195.562,,,,,,,,,,
Saint Pierre and Miquelon,SPM,2017,11.092,,67104.969,0.0,0.0,,5946.0,,67104.969,,,,,,,,,,
Saint Pierre and Miquelon,SPM,2018,9.883,,48226.645,0.0,0.0,,5932.0,,48226.645,,,,,,,,,,
Saint Pierre and Miquelon,SPM,2019,11.18,,51840.148,0.0,0.0,,5899.0,,51840.148,,,,,,,,,,
Saint Pierre and Miquelon,SPM,2020,10.644,,49131.094,0.0,0.0,,5852.0,,49131.094,,,,,,,,,,
Saint Pierre and Miquelon,SPM,2021,9.473,,44315.492,0.0,0.0,,5802.0,,44315.492,,,,,,,,,,
Serbia,SRB,2013,6.126,,23679.709,0.001,0.126,-3.642,7276183.0,93027618312.0,23679.709,,4.813,106.0,Europe,Northern Hemisphere,Very High,63.0,ECA,15.77,39.4
Serbia,SRB,2014,5.165,,20779.764,0.001,0.105,-3.585,7227203.0,91548933459.0,20779.764,,,,Europe,Northern Hemisphere,Very High,63.0,ECA,15.72,40.4
Serbia,SRB,2015,6.116,,23759.521,0.001,0.124,-3.317,7177257.0,93202353035.0,23759.521,,5.123,87.0,Europe,Northern Hemisphere,Very High,63.0,ECA,15.09,40.5
Serbia,SRB,2016,6.342,,24436.857,0.001,0.128,-3.345,7126083.0,96313997829.0,24436.857,,5.177,86.0,Europe,Northern Hemisphere,Very High,63.0,ECA,15.57,38.8
Serbia,SRB,2017,6.457,,25638.635,0.002,0.127,-2.959,7073507.0,98337716405.0,25638.635,,5.395,73.0,Europe,Northern Hemisphere,Very High,63.0,ECA,16.48,36.1
Serbia,SRB,2018,6.336,,25794.066,0.002,0.121,-3.003,7020014.0,102758122729.0,25794.066,,5.398,78.0,Europe,Northern Hemisphere,Very High,63.0,ECA,15.21,35.0
Serbia,SRB,2019,6.38,,25990.816,0.002,0.12,-2.722,6966155.0,107209329080.0,25990.816,,5.603,70.0,Europe,Northern Hemisphere,Very High,63.0,ECA,15.65,34.5
Serbia,SRB,2020,6.566,,25773.5,0.002,0.129,-2.722,6907814.0,106240984752.0,25773.5,,5.778,64.0,Europe,Northern Hemisphere,Very High,63.0,ECA,15.65,35.0
Serbia,SRB,2021,6.42,,27246.262,0.002,0.119,-2.772,6835429.0,114262090563.0,27246.262,,6.078,48.0,Europe,Northern Hemisphere,Very High,63.0,ECA,15.65,33.1
South Sudan,SSD,2013,0.129,,565.055,0.001,0.004,2.986,11166280.0,,565.055,,,,Africa,Northern Hemisphere,Low,191.0,SSA,5.36,
South Sudan,SSD,2014,0.133,,581.014,0.001,0.004,1.867,11235071.0,,581.014,,,,Africa,Northern Hemisphere,Low,191.0,SSA,5.57,
South Sudan,SSD,2015,0.172,,720.263,0.001,0.005,2.283,11107569.0,,720.263,,,,Africa,Northern Hemisphere,Low,191.0,SSA,6.76,
South Sudan,SSD,2016,0.157,,713.289,0.001,0.005,2.317,10830108.0,,713.289,,3.832,143.0,Africa,Northern Hemisphere,Low,191.0,SSA,5.22,44.0
South Sudan,SSD,2017,0.142,,659.664,0.001,0.004,2.15,10259150.0,,659.664,,3.591,147.0,Africa,Northern Hemisphere,Low,191.0,SSA,5.17,
South Sudan,SSD,2018,0.172,,777.475,0.001,0.005,2.023,10122983.0,,777.475,,3.254,154.0,Africa,Northern Hemisphere,Low,191.0,SSA,4.73,
South Sudan,SSD,2019,0.17,,712.495,0.001,0.005,0.638,10423382.0,,712.495,,2.853,156.0,Africa,Northern Hemisphere,Low,191.0,SSA,4.78,
South Sudan,SSD,2020,0.16,,628.456,0.001,0.005,2.843,10698471.0,,628.456,,2.817,152.0,Africa,Northern Hemisphere,Low,191.0,SSA,4.78,
South Sudan,SSD,2021,0.16,,669.329,0.001,0.005,1.966,10865786.0,,669.329,,,,Africa,Northern Hemisphere,Low,191.0,SSA,4.78,
Sao Tome and Principe,STP,2013,0.569,,3131.053,0.0,0.0,1.129,193158.0,619718000.0,3131.053,,,,Africa,Northern Hemisphere,Medium,138.0,SSA,,
Sao Tome and Principe,STP,2014,0.652,,3083.585,0.0,0.0,0.258,196780.0,660060000.0,3083.585,,,,Africa,Northern Hemisphere,Medium,138.0,SSA,,
Sao Tome and Principe,STP,2015,0.677,,3139.276,0.0,0.0,2.037,200308.0,687730000.0,3139.276,,,,Africa,Northern Hemisphere,Medium,138.0,SSA,,
Sao Tome and Principe,STP,2016,0.719,,3200.858,0.0,0.0,1.289,203702.0,718608950.0,3200.858,,,,Africa,Northern Hemisphere,Medium,138.0,SSA,,
Sao Tome and Principe,STP,2017,0.673,,3200.026,0.0,0.0,1.196,206986.0,745271993.0,3200.026,,,,Africa,Northern Hemisphere,Medium,138.0,SSA,,40.7
Sao Tome and Principe,STP,2018,0.662,,2999.56,0.0,0.0,0.497,210198.0,768095622.0,2999.56,,,,Africa,Northern Hemisphere,Medium,138.0,SSA,,
Sao Tome and Principe,STP,2019,0.687,,3108.311,0.0,0.0,0.343,213405.0,784993764.0,3108.311,,,,Africa,Northern Hemisphere,Medium,138.0,SSA,,
Sao Tome and Principe,STP,2020,0.657,,2926.469,0.0,0.0,0.801,217450.0,809328569.0,2926.469,,,,Africa,Northern Hemisphere,Medium,138.0,SSA,,
Sao Tome and Principe,STP,2021,0.644,,2968.911,0.0,0.0,0.357,221975.0,824700110.0,2968.911,,,,Africa,Northern Hemisphere,Medium,138.0,SSA,,
Suriname,SUR,2013,5.538,,17473.527,0.0,0.009,7.33,569024.0,,17473.527,,6.269,40.0,America,Northern Hemisphere,High,99.0,LAC,,
Suriname,SUR,2014,5.563,,17378.723,0.0,0.009,4.324,575380.0,,17378.723,,,,America,Northern Hemisphere,High,99.0,LAC,,
Suriname,SUR,2015,4.666,,16460.896,0.0,0.008,3.175,581634.0,,16460.896,,6.269,40.0,America,Northern Hemisphere,High,99.0,LAC,,
Suriname,SUR,2016,4.957,,15591.238,0.0,0.008,3.264,587765.0,,15591.238,,6.269,40.0,America,Northern Hemisphere,High,99.0,LAC,,
Suriname,SUR,2017,4.093,,17317.955,0.0,0.007,3.214,593720.0,,17317.955,,,,America,Northern Hemisphere,High,99.0,LAC,,
Suriname,SUR,2018,3.491,,14142.294,0.0,0.006,2.916,599519.0,,14142.294,,,,America,Northern Hemisphere,High,99.0,LAC,,
Suriname,SUR,2019,4.345,,16713.479,0.0,0.007,2.934,605779.0,,16713.479,,,,America,Northern Hemisphere,High,99.0,LAC,,
Suriname,SUR,2020,4.772,,15335.176,0.0,0.008,1.924,612320.0,,15335.176,,,,America,Northern Hemisphere,High,99.0,LAC,,
Suriname,SUR,2021,4.284,,17477.211,0.0,0.007,1.265,617905.0,,17477.211,,,,America,Northern Hemisphere,High,99.0,LAC,,
Slovakia,SVK,2013,6.584,7.387,35965.223,0.002,0.101,0.954,5410422.0,122917618179.0,35965.223,17.951,5.969,46.0,Europe,Northern Hemisphere,Very High,45.0,,20.04,28.1
Slovakia,SVK,2014,6.225,6.95,33446.344,0.002,0.095,1.078,5415238.0,126232947119.0,33446.344,18.253,,,Europe,Northern Hemisphere,Very High,45.0,,20.97,26.1
Slovakia,SVK,2015,6.37,7.062,33760.246,0.002,0.098,1.262,5420278.0,132755573802.0,33760.246,18.012,5.995,45.0,Europe,Northern Hemisphere,Very High,45.0,,21.54,26.5
Slovakia,SVK,2016,6.445,7.489,34039.949,0.002,0.099,1.513,5427262.0,135336424966.0,34039.949,19.355,6.078,45.0,Europe,Northern Hemisphere,Very High,45.0,,22.58,25.2
Slovakia,SVK,2017,6.657,7.272,35799.367,0.002,0.101,1.261,5435702.0,139312659832.0,35799.367,19.088,6.098,40.0,Europe,Northern Hemisphere,Very High,45.0,,21.91,23.2
Slovakia,SVK,2018,6.648,7.487,35143.781,0.002,0.099,0.909,5443229.0,144927513498.0,35143.781,17.168,6.173,39.0,Europe,Northern Hemisphere,Very High,45.0,,18.96,25.0
Slovakia,SVK,2019,6.211,7.12,33913.332,0.002,0.091,0.712,5450627.0,148579167627.0,33913.332,19.316,6.198,38.0,Europe,Northern Hemisphere,Very High,45.0,,19.14,23.2
Slovakia,SVK,2020,5.715,6.588,33203.387,0.002,0.089,0.574,5455028.0,143565091421.0,33203.387,19.806,6.281,37.0,Europe,Northern Hemisphere,Very High,45.0,,19.14,24.2
Slovakia,SVK,2021,6.477,7.328,35868.371,0.002,0.096,0.443,5442766.0,147892579134.0,35868.371,19.772,6.331,34.0,Europe,Northern Hemisphere,Very High,45.0,,19.14,24.1
Slovenia,SVN,2013,7.361,8.674,39280.562,0.0,0.043,2.203,2056452.0,51803647300.0,39280.562,13.898,6.06,44.0,Europe,Northern Hemisphere,Very High,23.0,,26.35,26.2
Slovenia,SVN,2014,6.592,8.364,40255.164,0.0,0.038,2.018,2058395.0,53237651266.0,40255.164,17.463,,,Europe,Northern Hemisphere,Very High,23.0,,25.92,25.7
Slovenia,SVN,2015,6.631,8.563,36270.613,0.0,0.039,2.052,2059946.0,54414237086.0,36270.613,11.518,5.848,55.0,Europe,Northern Hemisphere,Very High,23.0,,25.28,25.4
Slovenia,SVN,2016,7.019,8.761,38740.152,0.0,0.041,2.011,2061379.0,56151179265.0,38740.152,13.094,5.768,63.0,Europe,Northern Hemisphere,Very High,23.0,,26.99,24.8
Slovenia,SVN,2017,7.097,9.418,39139.125,0.001,0.041,2.044,2062410.0,58855036945.0,39139.125,11.595,5.758,62.0,Europe,Northern Hemisphere,Very High,23.0,,26.39,24.2
Slovenia,SVN,2018,7.037,9.932,39812.316,0.001,0.04,1.599,2069484.0,61476689663.0,39812.316,14.045,5.948,51.0,Europe,Northern Hemisphere,Very High,23.0,,24.63,24.6
Slovenia,SVN,2019,6.745,9.617,38399.168,0.001,0.038,1.728,2083438.0,63598215879.0,38399.168,13.753,6.118,44.0,Europe,Northern Hemisphere,Very High,23.0,,25.38,24.4
Slovenia,SVN,2020,6.123,8.765,36764.934,0.001,0.037,1.347,2102421.0,60849951865.0,36764.934,15.055,6.363,33.0,Europe,Northern Hemisphere,Very High,23.0,,25.38,24.0
Slovenia,SVN,2021,6.187,9.549,36234.727,0.001,0.035,1.298,2113495.0,65846342756.0,36234.727,14.805,6.461,29.0,Europe,Northern Hemisphere,Very High,23.0,,25.38,24.3
Sweden,SWE,2013,4.698,7.553,62865.043,0.003,0.128,0.387,9600620.0,399973749048.0,62865.043,224.344,7.48,5.0,Europe,Northern Hemisphere,Very High,7.0,,27.96,28.8
Sweden,SWE,2014,4.474,7.358,61958.484,0.003,0.122,0.445,9696438.0,410604225974.0,61958.484,231.919,,,Europe,Northern Hemisphere,Very High,7.0,,29.25,28.4
Sweden,SWE,2015,4.42,7.056,63479.047,0.003,0.122,0.512,9799483.0,429037422635.0,63479.047,274.841,7.364,8.0,Europe,Northern Hemisphere,Very High,7.0,,29.11,29.2
Sweden,SWE,2016,4.364,7.086,61411.199,0.003,0.122,0.572,9923281.0,437921057919.0,61411.199,242.278,7.291,10.0,Europe,Northern Hemisphere,Very High,7.0,,29.48,29.6
Sweden,SWE,2017,4.211,7.058,62771.066,0.003,0.118,0.685,10057864.0,449166531542.0,62771.066,255.426,7.284,10.0,Europe,Northern Hemisphere,Very High,7.0,,29.42,28.8
Sweden,SWE,2018,4.113,6.985,59869.379,0.003,0.114,0.692,10175400.0,457925387676.0,59869.379,246.462,7.314,9.0,Europe,Northern Hemisphere,Very High,7.0,,27.44,30.0
Sweden,SWE,2019,3.967,6.518,60882.551,0.003,0.11,0.75,10279120.0,467020665386.0,60882.551,265.789,7.343,7.0,Europe,Northern Hemisphere,Very High,7.0,,26.72,29.3
Sweden,SWE,2020,3.537,5.807,57977.379,0.003,0.104,0.763,10353682.0,456885314424.0,57977.379,296.72,7.353,7.0,Europe,Northern Hemisphere,Very High,7.0,,26.72,28.9
Sweden,SWE,2021,3.703,6.354,60836.348,0.003,0.105,0.828,10416134.0,481492421258.0,60836.348,307.327,7.363,7.0,Europe,Northern Hemisphere,Very High,7.0,,26.72,29.8
Eswatini,SWZ,2013,1.164,,4697.807,0.0,0.004,0.42,1130000.0,8126636123.0,4697.807,,,,Africa,Southern Hemisphere,Medium,144.0,SSA,,
Eswatini,SWZ,2014,0.671,,4833.424,0.0,0.002,0.322,1136305.0,8327527350.0,4833.424,,,,Africa,Southern Hemisphere,Medium,144.0,SSA,,
Eswatini,SWZ,2015,0.744,,4938.754,0.0,0.002,0.305,1142822.0,8445665268.0,4938.754,,,,Africa,Southern Hemisphere,Medium,144.0,SSA,,
Eswatini,SWZ,2016,0.889,,5110.425,0.0,0.003,0.541,1149516.0,8545156780.0,5110.425,,,,Africa,Southern Hemisphere,Medium,144.0,SSA,,54.6
Eswatini,SWZ,2017,0.838,,5259.742,0.0,0.003,0.641,1158198.0,8725282454.0,5259.742,,,,Africa,Southern Hemisphere,Medium,144.0,SSA,,
Eswatini,SWZ,2018,0.868,,5461.989,0.0,0.003,0.628,1168933.0,8936238936.0,5461.989,,,,Africa,Southern Hemisphere,Medium,144.0,SSA,,
Eswatini,SWZ,2019,0.932,,5847.509,0.0,0.003,0.676,1179885.0,9177836965.0,5847.509,,,,Africa,Southern Hemisphere,Medium,144.0,SSA,,
Eswatini,SWZ,2020,0.829,,5728.297,0.0,0.003,0.356,1192734.0,9034694873.0,5728.297,,,,Africa,Southern Hemisphere,Medium,144.0,SSA,,
Eswatini,SWZ,2021,0.82,,5502.061,0.0,0.003,0.255,1206598.0,9746927305.0,5502.061,,,,Africa,Southern Hemisphere,Medium,144.0,SSA,,
Sint Maarten (Dutch part),SXM,2013,19.918,,,0.0,0.002,,,,,,,,,,,,,,
Sint Maarten (Dutch part),SXM,2014,19.77,,,0.0,0.002,,,,,,,,,,,,,,
Sint Maarten (Dutch part),SXM,2015,19.84,,,0.0,0.002,,,,,,,,,,,,,,
Sint Maarten (Dutch part),SXM,2016,19.529,,,0.0,0.002,,,,,,,,,,,,,,
Sint Maarten (Dutch part),SXM,2017,18.033,,,0.0,0.002,,,,,,,,,,,,,,
Sint Maarten (Dutch part),SXM,2018,17.243,,,0.0,0.002,,,,,,,,,,,,,,
Sint Maarten (Dutch part),SXM,2019,17.046,,,0.0,0.002,,,,,,,,,,,,,,
Sint Maarten (Dutch part),SXM,2020,15.897,,,0.0,0.002,,,,,,,,,,,,,,
Sint Maarten (Dutch part),SXM,2021,16.385,,,0.0,0.002,,,,,,,,,,,,,,
Seychelles,SYC,2013,4.055,,36527.234,0.0,0.001,0.0,102108.0,2096276000.0,36527.234,,,,Africa,Southern Hemisphere,High,72.0,SSA,,46.8
Seychelles,SYC,2014,4.376,,41677.82,0.0,0.001,0.0,104663.0,2231000000.0,41677.82,,,,Africa,Southern Hemisphere,High,72.0,SSA,,
Seychelles,SYC,2015,4.646,,42146.875,0.0,0.001,0.0,107247.0,2363480000.0,42146.875,,,,Africa,Southern Hemisphere,High,72.0,SSA,,
Seychelles,SYC,2016,5.037,,45840.832,0.0,0.002,0.0,109836.0,2658740126.0,45840.832,,,,Africa,Southern Hemisphere,High,72.0,SSA,,
Seychelles,SYC,2017,5.116,,46686.66,0.0,0.002,0.0,112443.0,2824383463.0,46686.66,,,,Africa,Southern Hemisphere,High,72.0,SSA,,
Seychelles,SYC,2018,5.191,,36782.391,0.0,0.002,0.0,115053.0,2983293782.0,36782.391,,,,Africa,Southern Hemisphere,High,72.0,SSA,,32.1
Seychelles,SYC,2019,5.014,,32611.264,0.0,0.002,0.0,117662.0,3137071789.0,32611.264,,,,Africa,Southern Hemisphere,High,72.0,SSA,,
Seychelles,SYC,2020,4.965,,29880.9,0.0,0.002,0.0,120299.0,2871729130.0,29880.9,,,,Africa,Southern Hemisphere,High,72.0,SSA,,
Seychelles,SYC,2021,4.975,,27693.805,0.0,0.002,0.0,123000.0,2944095268.0,27693.805,,,,Africa,Southern Hemisphere,High,72.0,SSA,,
Syria,SYR,2013,1.581,,6875.813,0.001,0.097,-0.002,21666921.0,72894799336.0,6875.813,,3.892,148.0,Asia,Northern Hemisphere,Medium,150.0,AS,2.4,
Syria,SYR,2014,1.72,,6556.045,0.001,0.098,-0.023,20273661.0,65379097607.0,6556.045,,,,Asia,Northern Hemisphere,Medium,150.0,AS,2.23,
Syria,SYR,2015,1.602,,6244.624,0.001,0.088,-0.025,19424615.0,63295273863.0,6244.624,,3.006,156.0,Asia,Northern Hemisphere,Medium,150.0,AS,2.16,
Syria,SYR,2016,1.519,,6111.273,0.001,0.082,-0.01,19193835.0,59731474595.0,6111.273,,3.069,156.0,Asia,Northern Hemisphere,Medium,150.0,AS,2.07,
Syria,SYR,2017,1.793,,6155.312,0.001,0.096,-0.03,19224671.0,59296820428.0,6155.312,,3.462,152.0,Asia,Northern Hemisphere,Medium,150.0,AS,2.21,
Syria,SYR,2018,1.623,,6743.14,0.001,0.086,-0.055,19577849.0,60171975441.0,6743.14,,3.462,150.0,Asia,Northern Hemisphere,Medium,150.0,AS,1.88,
Syria,SYR,2019,1.645,,5840.697,0.001,0.09,-0.036,20353536.0,62427096792.0,5840.697,,3.462,149.0,Asia,Northern Hemisphere,Medium,150.0,AS,1.91,
Syria,SYR,2020,1.537,,5342.43,0.001,0.092,-0.162,21049431.0,55872251610.0,5342.43,,,,Asia,Northern Hemisphere,Medium,150.0,AS,1.91,
Syria,SYR,2021,1.503,,5139.623,0.001,0.088,-0.256,21628837.0,54251957890.0,5139.623,,,,Asia,Northern Hemisphere,Medium,150.0,AS,1.91,
Turks and Caicos Islands,TCA,2013,8.487,,22879.973,0.0,0.001,,33675.0,,22879.973,,,,,,,,,,
Turks and Caicos Islands,TCA,2014,8.774,,23599.273,0.0,0.001,,35077.0,,23599.273,,,,,,,,,,
Turks and Caicos Islands,TCA,2015,8.602,,23289.197,0.0,0.001,,36632.0,,23289.197,,,,,,,,,,
Turks and Caicos Islands,TCA,2016,8.505,,23014.893,0.0,0.001,,38342.0,,23014.893,,,,,,,,,,
Turks and Caicos Islands,TCA,2017,8.809,,23919.867,0.0,0.001,,39931.0,,23919.867,,,,,,,,,,
Turks and Caicos Islands,TCA,2018,8.636,,44844.117,0.0,0.001,,41580.0,,44844.117,,,,,,,,,,
Turks and Caicos Islands,TCA,2019,8.398,,43592.02,0.0,0.001,,43191.0,,43592.02,,,,,,,,,,
Turks and Caicos Islands,TCA,2020,8.086,,41699.66,0.0,0.001,,44405.0,,41699.66,,,,,,,,,,
Turks and Caicos Islands,TCA,2021,8.095,,41892.797,0.0,0.001,,45262.0,,41892.797,,,,,,,,,,
Chad,TCD,2013,0.152,,292.356,0.0,0.006,2.826,13691081.0,22902174388.0,292.356,,4.056,141.0,Africa,Northern Hemisphere,Low,190.0,SSA,7.14,
Chad,TCD,2014,0.154,,293.203,0.0,0.006,1.779,14188680.0,24480827952.0,293.203,,,,Africa,Northern Hemisphere,Low,190.0,SSA,7.51,
Chad,TCD,2015,0.161,,287.977,0.0,0.007,1.699,14647626.0,24914134960.0,287.977,,3.667,149.0,Africa,Northern Hemisphere,Low,190.0,SSA,8.02,
Chad,TCD,2016,0.158,,275.642,0.0,0.007,1.12,15114652.0,23529405356.0,275.642,,3.763,144.0,Africa,Northern Hemisphere,Low,190.0,SSA,8.32,
Chad,TCD,2017,0.15,,429.908,0.0,0.007,0.874,15622756.0,22969403286.0,429.908,,3.936,137.0,Africa,Northern Hemisphere,Low,190.0,SSA,8.41,
Chad,TCD,2018,0.148,,425.102,0.0,0.006,0.669,16156535.0,23510339039.0,425.102,,4.301,131.0,Africa,Northern Hemisphere,Low,190.0,SSA,8.16,37.5
Chad,TCD,2019,0.138,,421.295,0.0,0.006,0.567,16685223.0,24314153239.0,421.295,,4.35,132.0,Africa,Northern Hemisphere,Low,190.0,SSA,8.26,
Chad,TCD,2020,0.137,,429.683,0.001,0.007,0.515,17224686.0,23793345004.0,429.683,,4.423,127.0,Africa,Northern Hemisphere,Low,190.0,SSA,8.26,
Chad,TCD,2021,0.15,,462.586,0.001,0.007,0.47,17828274.0,23531147275.0,462.586,,4.355,128.0,Africa,Northern Hemisphere,Low,190.0,SSA,8.26,
Togo,TGO,2013,0.224,0.164,1294.385,0.0,0.005,0.621,6798851.0,9242968000.0,1387.025,,2.936,156.0,Africa,Northern Hemisphere,Low,162.0,SSA,4.41,
Togo,TGO,2014,0.199,0.176,1169.673,0.0,0.004,0.542,6937647.0,9806234000.0,1259.841,,,,Africa,Northern Hemisphere,Low,162.0,SSA,4.6,
Togo,TGO,2015,0.235,0.234,797.565,0.0,0.005,0.386,7071500.0,10346240000.0,864.3,,2.839,158.0,Africa,Northern Hemisphere,Low,162.0,SSA,4.87,43.0
Togo,TGO,2016,0.292,0.289,1101.07,0.0,0.006,0.311,7200883.0,10960546310.0,1201.594,,3.303,155.0,Africa,Northern Hemisphere,Low,162.0,SSA,4.42,
Togo,TGO,2017,0.237,0.221,1012.922,0.0,0.005,0.46,7324379.0,11420230383.0,1114.258,,3.495,150.0,Africa,Northern Hemisphere,Low,162.0,SSA,4.16,
Togo,TGO,2018,0.246,0.954,1197.802,0.0,0.006,0.307,7458205.0,11989462252.0,1326.376,,3.999,139.0,Africa,Northern Hemisphere,Low,162.0,SSA,4.06,42.5
Togo,TGO,2019,0.279,0.944,1120.136,0.0,0.006,0.175,7619916.0,12579682405.0,1244.081,,4.085,139.0,Africa,Northern Hemisphere,Low,162.0,SSA,4.14,
Togo,TGO,2020,0.317,0.87,1042.038,0.0,0.008,0.163,7788058.0,12720130961.0,1160.004,,4.187,135.0,Africa,Northern Hemisphere,Low,162.0,SSA,4.14,
Togo,TGO,2021,0.295,0.941,1246.703,0.0,0.007,0.159,7936185.0,13482266787.0,1394.713,,4.107,136.0,Africa,Northern Hemisphere,Low,162.0,SSA,4.14,37.9
Thailand,THA,2013,3.776,4.227,18796.785,0.009,0.748,0.959,69845112.0,962095812070.0,18796.785,49.835,6.371,36.0,Asia,Northern Hemisphere,Very High,66.0,EAP,11.91,37.8
Thailand,THA,2014,3.881,3.93,19328.395,0.009,0.768,1.1,70216362.0,971562808709.0,19328.395,57.466,,,Asia,Northern Hemisphere,Very High,66.0,EAP,10.81,37.0
Thailand,THA,2015,3.928,3.888,19526.947,0.009,0.783,0.889,70540787.0,1002011619070.0,19526.947,57.81,6.455,34.0,Asia,Northern Hemisphere,Very High,66.0,EAP,10.49,36.0
Thailand,THA,2016,4.009,4.027,19835.943,0.009,0.803,0.787,70859835.0,1036430730493.0,19835.943,64.814,6.474,33.0,Asia,Northern Hemisphere,Very High,66.0,EAP,10.4,36.7
Thailand,THA,2017,3.982,4.079,20133.205,0.01,0.788,0.754,71160183.0,1079732734924.0,20133.205,76.063,6.424,32.0,Asia,Northern Hemisphere,Very High,66.0,EAP,10.74,36.4
Thailand,THA,2018,4.039,4.28,20712.488,0.01,0.785,1.247,71376081.0,1125329902301.0,20712.488,94.116,6.072,46.0,Asia,Northern Hemisphere,Very High,66.0,EAP,11.32,36.4
Thailand,THA,2019,3.941,4.246,20689.293,0.01,0.76,1.887,71522264.0,1149130685920.0,20689.293,102.623,6.008,52.0,Asia,Northern Hemisphere,Very High,66.0,EAP,11.75,34.9
Thailand,THA,2020,3.796,4.189,19257.477,0.01,0.773,2.008,71641484.0,1078332670656.0,19257.477,95.962,5.999,54.0,Asia,Northern Hemisphere,Very High,66.0,EAP,11.75,35.0
Thailand,THA,2021,3.724,4.313,19334.578,0.01,0.725,1.254,71727338.0,1095187026392.0,19334.578,97.35,5.985,54.0,Asia,Northern Hemisphere,Very High,66.0,EAP,11.75,34.9
Tajikistan,TJK,2013,0.354,1.339,3851.428,0.0,0.008,0.239,8216733.0,27385180748.0,3851.428,,4.38,125.0,Asia,Northern Hemisphere,Medium,122.0,ECA,3.82,
Tajikistan,TJK,2014,0.547,2.392,4155.931,0.0,0.013,0.311,8425559.0,29219994834.0,4155.931,,,,Asia,Northern Hemisphere,Medium,122.0,ECA,4.68,
Tajikistan,TJK,2015,0.614,1.112,3965.986,0.0,0.015,0.348,8643839.0,30973186706.0,3965.986,,4.786,106.0,Asia,Northern Hemisphere,Medium,122.0,ECA,4.73,34.0
Tajikistan,TJK,2016,0.679,1.572,4194.635,0.0,0.017,0.382,8865623.0,33110336724.0,4194.635,,4.996,100.0,Asia,Northern Hemisphere,Medium,122.0,ECA,4.93,
Tajikistan,TJK,2017,0.757,1.534,4154.551,0.0,0.019,0.204,9085942.0,35461181351.0,4154.551,,5.041,96.0,Asia,Northern Hemisphere,Medium,122.0,ECA,5.48,
Tajikistan,TJK,2018,0.868,1.277,4368.406,0.0,0.022,0.111,9307345.0,38156222428.0,4368.406,,5.352,80.0,Asia,Northern Hemisphere,Medium,122.0,ECA,5.47,
Tajikistan,TJK,2019,0.914,1.247,4632.589,0.0,0.023,0.07,9529970.0,40979787244.0,4632.589,,5.467,74.0,Asia,Northern Hemisphere,Medium,122.0,ECA,5.75,
Tajikistan,TJK,2020,0.967,1.185,4753.297,0.0,0.027,0.044,9749312.0,42778793597.0,4753.297,,5.556,71.0,Asia,Northern Hemisphere,Medium,122.0,ECA,5.75,
Tajikistan,TJK,2021,0.942,1.131,4666.234,0.0,0.025,0.025,9966912.0,46800009054.0,4666.234,,5.466,78.0,Asia,Northern Hemisphere,Medium,122.0,ECA,5.75,32.4
Turkmenistan,TKM,2013,10.833,,45064.047,0.001,0.182,-0.382,5939348.0,87286119372.0,45064.047,0.013,5.628,59.0,Asia,Northern Hemisphere,High,91.0,ECA,7.7,
Turkmenistan,TKM,2014,10.337,,46697.828,0.001,0.177,-0.013,6075286.0,90639646545.0,46697.828,0.016,,,Asia,Northern Hemisphere,High,91.0,ECA,8.3,
Turkmenistan,TKM,2015,10.15,,51843.594,0.001,0.178,0.564,6215773.0,93346148579.0,51843.594,0.021,5.548,70.0,Asia,Northern Hemisphere,High,91.0,ECA,8.56,
Turkmenistan,TKM,2016,9.763,,54821.168,0.002,0.175,0.148,6360041.0,92434154525.0,54821.168,0.025,5.658,65.0,Asia,Northern Hemisphere,High,91.0,ECA,7.81,
Turkmenistan,TKM,2017,9.675,,49726.68,0.002,0.175,-0.005,6507065.0,96785037864.0,49726.68,0.025,5.822,59.0,Asia,Northern Hemisphere,High,91.0,ECA,7.5,
Turkmenistan,TKM,2018,9.211,,54902.934,0.002,0.167,-0.04,6655523.0,97638670425.0,54902.934,0.025,5.636,68.0,Asia,Northern Hemisphere,High,91.0,ECA,12.84,
Turkmenistan,TKM,2019,9.15,,51540.266,0.002,0.168,-0.078,6803943.0,94329707021.0,51540.266,0.025,5.247,87.0,Asia,Northern Hemisphere,High,91.0,ECA,13.13,
Turkmenistan,TKM,2020,9.051,,63923.27,0.002,0.179,-0.091,6949915.0,91559235694.0,63923.27,0.025,5.119,95.0,Asia,Northern Hemisphere,High,91.0,ECA,13.13,
Turkmenistan,TKM,2021,12.929,,62717.742,0.002,0.249,-0.092,7092042.0,95789282239.0,62717.742,0.025,5.066,97.0,Asia,Northern Hemisphere,High,91.0,ECA,13.13,
East Timor,TLS,2013,0.535,,1638.827,0.0,0.002,2.994,1158697.0,,1638.827,,,,Asia,Southern Hemisphere,Medium,140.0,EAP,,
East Timor,TLS,2014,0.531,,1843.689,0.0,0.002,2.742,1181913.0,,1843.689,,,,Asia,Southern Hemisphere,Medium,140.0,EAP,,28.7
East Timor,TLS,2015,0.49,,1772.924,0.0,0.002,2.502,1205133.0,,1772.924,,,,Asia,Southern Hemisphere,Medium,140.0,EAP,,
East Timor,TLS,2016,0.523,,1701.149,0.0,0.002,2.462,1228314.0,,1701.149,,,,Asia,Southern Hemisphere,Medium,140.0,EAP,,
East Timor,TLS,2017,0.554,,1702.687,0.0,0.002,3.859,1251711.0,,1702.687,,,,Asia,Southern Hemisphere,Medium,140.0,EAP,,
East Timor,TLS,2018,0.484,,1759.182,0.0,0.002,2.674,1275962.0,,1759.182,,,,Asia,Southern Hemisphere,Medium,140.0,EAP,,
East Timor,TLS,2019,0.519,,2086.275,0.0,0.002,2.821,1300946.0,,2086.275,,,,Asia,Southern Hemisphere,Medium,140.0,EAP,,
East Timor,TLS,2020,0.487,,1961.227,0.0,0.002,3.282,1326051.0,,1961.227,,,,Asia,Southern Hemisphere,Medium,140.0,EAP,,
East Timor,TLS,2021,0.459,,1886.52,0.0,0.002,4.131,1350142.0,,1886.52,,,,Asia,Southern Hemisphere,Medium,140.0,EAP,,
Tonga,TON,2013,1.026,,4671.367,0.0,0.0,0.919,107093.0,,4671.367,,,,Oceania,Southern Hemisphere,High,91.0,EAP,,
Tonga,TON,2014,0.997,,5078.453,0.0,0.0,0.897,106627.0,,5078.453,,,,Oceania,Southern Hemisphere,High,91.0,EAP,,
Tonga,TON,2015,1.001,,5324.334,0.0,0.0,0.651,106110.0,,5324.334,,,,Oceania,Southern Hemisphere,High,91.0,EAP,,33.5
Tonga,TON,2016,1.319,,5667.734,0.0,0.0,0.525,105536.0,,5667.734,,,,Oceania,Southern Hemisphere,High,91.0,EAP,,
Tonga,TON,2017,1.356,,6738.132,0.0,0.0,0.439,105373.0,,6738.132,,,,Oceania,Southern Hemisphere,High,91.0,EAP,,
Tonga,TON,2018,1.249,,5828.601,0.0,0.0,0.372,105590.0,,5828.601,,,,Oceania,Southern Hemisphere,High,91.0,EAP,,
Tonga,TON,2019,1.525,,6422.865,0.0,0.0,0.318,105688.0,,6422.865,,,,Oceania,Southern Hemisphere,High,91.0,EAP,,
Tonga,TON,2020,1.317,,7485.477,0.0,0.0,0.271,105721.0,,7485.477,,,,Oceania,Southern Hemisphere,High,91.0,EAP,,
Tonga,TON,2021,1.32,,7542.833,0.0,0.0,0.233,105504.0,,7542.833,,,,Oceania,Southern Hemisphere,High,91.0,EAP,,27.1
Trinidad and Tobago,TTO,2013,32.421,10.174,161807.719,0.001,0.13,-0.41,1412658.0,44309506041.0,161807.719,0.016,6.519,31.0,America,Northern Hemisphere,Very High,57.0,LAC,,
Trinidad and Tobago,TTO,2014,32.978,13.63,161022.281,0.001,0.132,-0.338,1421135.0,45781910542.0,161022.281,0.016,,,America,Northern Hemisphere,Very High,57.0,LAC,,
Trinidad and Tobago,TTO,2015,31.86,16.194,155078.094,0.001,0.129,-0.239,1429190.0,45435797433.0,155078.094,0.016,6.168,41.0,America,Northern Hemisphere,Very High,57.0,LAC,,
Trinidad and Tobago,TTO,2016,27.743,19.762,136234.078,0.001,0.113,-0.22,1437031.0,42362516644.0,136234.078,0.016,6.168,43.0,America,Northern Hemisphere,Very High,57.0,LAC,,
Trinidad and Tobago,TTO,2017,27.882,17.156,143272.672,0.001,0.112,-0.207,1445265.0,40368511597.0,143272.672,0.016,6.168,38.0,America,Northern Hemisphere,Very High,57.0,LAC,,
Trinidad and Tobago,TTO,2018,27.41,15.582,131952.172,0.001,0.11,-0.19,1470522.0,40016907555.0,131952.172,0.016,6.192,38.0,America,Northern Hemisphere,Very High,57.0,LAC,,
Trinidad and Tobago,TTO,2019,27.446,17.343,131459.0,0.001,0.11,-0.174,1484898.0,40060922958.0,131459.0,0.015,6.192,39.0,America,Northern Hemisphere,Very High,57.0,LAC,,
Trinidad and Tobago,TTO,2020,23.661,17.359,114341.891,0.001,0.1,-0.16,1481026.0,36985045051.0,114341.891,0.015,6.192,42.0,America,Northern Hemisphere,Very High,57.0,LAC,,
Trinidad and Tobago,TTO,2021,24.46,13.924,116369.273,0.001,0.099,-0.146,1487715.0,36605213818.0,116369.273,0.015,,,America,Northern Hemisphere,Very High,57.0,LAC,,
Tunisia,TUN,2013,2.583,1.884,8780.315,0.0,0.082,-0.126,11141365.0,118235775346.0,8780.315,,4.826,104.0,Africa,Northern Hemisphere,High,97.0,AS,9.36,
Tunisia,TUN,2014,2.65,1.991,9543.288,0.0,0.084,-0.14,11274295.0,121889250523.0,9543.288,,,,Africa,Northern Hemisphere,High,97.0,AS,9.69,
Tunisia,TUN,2015,2.752,2.092,9753.874,0.0,0.089,-0.029,11402270.0,123069138453.0,9753.874,,4.739,107.0,Africa,Northern Hemisphere,High,97.0,AS,10.02,32.8
Tunisia,TUN,2016,2.686,2.104,9623.396,0.0,0.088,0.251,11528676.0,124443824545.0,9623.396,,5.045,98.0,Africa,Northern Hemisphere,High,97.0,AS,10.24,
Tunisia,TUN,2017,2.719,2.084,10090.97,0.001,0.088,0.053,11650504.0,127228891219.0,10090.97,,4.805,102.0,Africa,Northern Hemisphere,High,97.0,AS,9.93,
Tunisia,TUN,2018,2.645,2.631,10194.451,0.001,0.085,0.023,11765515.0,130568635947.0,10194.451,,4.592,111.0,Africa,Northern Hemisphere,High,97.0,AS,8.98,
Tunisia,TUN,2019,2.575,2.531,10254.706,0.001,0.082,0.014,11875084.0,132642060864.0,10254.706,,4.461,124.0,Africa,Northern Hemisphere,High,97.0,AS,9.17,
Tunisia,TUN,2020,2.409,2.416,9381.091,0.001,0.082,0.014,11974058.0,120945694784.0,9381.091,,4.392,128.0,Africa,Northern Hemisphere,High,97.0,AS,9.17,
Tunisia,TUN,2021,2.617,2.617,10189.536,0.001,0.086,0.019,12048625.0,126273349199.0,10189.536,,4.596,122.0,Africa,Northern Hemisphere,High,97.0,AS,9.17,33.7
Turkey,TUR,2013,4.589,5.294,18483.398,0.005,0.994,-0.054,76403032.0,1551491738617.0,18483.398,182.671,5.345,77.0,Asia,Northern Hemisphere,Very High,48.0,ECA,17.97,40.2
Turkey,TUR,2014,4.706,5.306,18636.939,0.005,1.036,-0.16,78036154.0,1628131977724.0,18636.939,137.518,,,Asia,Northern Hemisphere,Very High,48.0,ECA,17.76,41.2
Turkey,TUR,2015,4.845,5.401,19859.234,0.006,1.095,-0.052,80014222.0,1727192876718.0,19859.234,215.766,5.332,76.0,Asia,Northern Hemisphere,Very High,48.0,ECA,18.16,42.9
Turkey,TUR,2016,4.967,5.361,20443.309,0.006,1.146,-0.112,81652087.0,1784590365590.0,20443.309,231.891,5.389,78.0,Asia,Northern Hemisphere,Very High,48.0,ECA,16.4,41.9
Turkey,TUR,2017,5.183,5.554,21512.551,0.006,1.197,-0.088,83083667.0,1918472081554.0,21512.551,224.584,5.5,69.0,Asia,Northern Hemisphere,Very High,48.0,ECA,16.48,43.5
Turkey,TUR,2018,5.021,5.311,21179.322,0.006,1.154,-0.457,84415966.0,1975637604336.0,21179.322,251.254,5.483,74.0,Asia,Northern Hemisphere,Very High,48.0,ECA,17.43,42.4
Turkey,TUR,2019,4.763,4.907,21663.299,0.006,1.096,-0.33,85357670.0,1991116616493.0,21663.299,337.335,5.373,79.0,Asia,Northern Hemisphere,Very High,48.0,ECA,17.49,43.8
Turkey,TUR,2020,4.836,4.892,21161.5,0.007,1.184,-0.003,86091691.0,2029749392174.0,21161.5,327.603,5.132,93.0,Asia,Northern Hemisphere,Very High,48.0,ECA,17.49,43.0
Turkey,TUR,2021,5.276,5.168,22505.564,0.007,1.241,0.23,86686254.0,2260196231771.0,22505.564,304.751,4.948,104.0,Asia,Northern Hemisphere,Very High,48.0,ECA,17.49,44.4
Tuvalu,TUV,2013,0.664,,0.0,0.0,0.0,0.0,11028.0,,0.0,,,,Oceania,Southern Hemisphere,Medium,130.0,EAP,,
Tuvalu,TUV,2014,0.666,,0.0,0.0,0.0,0.0,11007.0,,0.0,,,,Oceania,Southern Hemisphere,Medium,130.0,EAP,,
Tuvalu,TUV,2015,0.667,,0.0,0.0,0.0,0.0,10985.0,,0.0,,,,Oceania,Southern Hemisphere,Medium,130.0,EAP,,
Tuvalu,TUV,2016,0.669,,0.0,0.0,0.0,0.0,10951.0,,0.0,,,,Oceania,Southern Hemisphere,Medium,130.0,EAP,,
Tuvalu,TUV,2017,0.673,,0.0,0.0,0.0,0.0,10892.0,,0.0,,,,Oceania,Southern Hemisphere,Medium,130.0,EAP,,
Tuvalu,TUV,2018,1.02,,0.0,0.0,0.0,0.0,10775.0,,0.0,,,,Oceania,Southern Hemisphere,Medium,130.0,EAP,,
Tuvalu,TUV,2019,1.037,,0.0,0.0,0.0,0.0,10603.0,,0.0,,,,Oceania,Southern Hemisphere,Medium,130.0,EAP,,
Tuvalu,TUV,2020,1.055,,0.0,0.0,0.0,0.0,10423.0,,0.0,,,,Oceania,Southern Hemisphere,Medium,130.0,EAP,,
Tuvalu,TUV,2021,1.076,,0.0,0.0,0.0,0.0,10214.0,,0.0,,,,Oceania,Southern Hemisphere,Medium,130.0,EAP,,
Taiwan,TWN,2013,11.726,12.25,55716.605,0.003,0.778,,23416870.0,930852328389.0,55716.605,25.551,6.221,42.0,,,,,,,
Taiwan,TWN,2014,11.799,12.709,56826.914,0.003,0.781,,23472811.0,974779255338.0,56826.914,22.451,,,,,,,,,
Taiwan,TWN,2015,11.741,11.296,56650.766,0.003,0.78,,23529260.0,989069527295.0,56650.766,23.399,6.298,38.0,,,,,,,
Taiwan,TWN,2016,11.88,11.906,56802.785,0.004,0.792,,23586140.0,1010482869589.0,56802.785,28.894,6.379,34.0,,,,,,,
Taiwan,TWN,2017,12.091,12.218,56732.984,0.004,0.794,,23632950.0,1043939947916.0,56732.984,27.952,6.422,33.0,,,,,,,
Taiwan,TWN,2018,12.01,12.158,57252.355,0.004,0.774,,23659308.0,1073034529603.0,57252.355,28.299,6.441,26.0,,,,,,,
Taiwan,TWN,2019,11.604,12.133,56101.125,0.004,0.741,,23674137.0,1105912366266.0,56101.125,34.586,6.446,25.0,,,,,,,
Taiwan,TWN,2020,11.514,11.756,54479.203,0.004,0.775,,23663461.0,1143369531447.0,54479.203,34.401,6.455,25.0,,,,,,,
Taiwan,TWN,2021,12.048,12.377,58168.164,0.004,0.77,,23558330.0,1218008773904.0,58168.164,40.074,6.584,24.0,,,,,,,
Tanzania,TZA,2013,0.23,0.404,934.002,0.002,0.032,2.293,48824134.0,116340969671.0,934.002,,3.77,151.0,Africa,Southern Hemisphere,Low,160.0,SSA,1.8,
Tanzania,TZA,2014,0.218,0.389,919.426,0.002,0.031,2.396,50351506.0,124173043529.0,919.426,,,,Africa,Southern Hemisphere,Low,160.0,SSA,1.93,
Tanzania,TZA,2015,0.246,0.398,938.619,0.002,0.036,2.154,52020958.0,131823350494.0,938.619,,3.781,146.0,Africa,Southern Hemisphere,Low,160.0,SSA,1.74,
Tanzania,TZA,2016,0.251,0.358,995.273,0.002,0.038,2.019,53824012.0,140875654933.0,995.273,,3.666,149.0,Africa,Southern Hemisphere,Low,160.0,SSA,1.62,
Tanzania,TZA,2017,0.243,0.33,866.516,0.003,0.038,2.045,55652888.0,150417154803.0,866.516,,3.349,153.0,Africa,Southern Hemisphere,Low,160.0,SSA,1.63,
Tanzania,TZA,2018,0.248,0.351,983.479,0.003,0.039,1.892,57437134.0,160884699826.0,983.479,,3.303,153.0,Africa,Southern Hemisphere,Low,160.0,SSA,1.61,40.5
Tanzania,TZA,2019,0.274,0.359,1046.091,0.003,0.044,1.763,59174889.0,172128919031.0,1046.091,,3.231,153.0,Africa,Southern Hemisphere,Low,160.0,SSA,1.58,
Tanzania,TZA,2020,0.262,0.352,974.78,0.003,0.045,1.274,60972803.0,180418650860.0,974.78,,3.476,148.0,Africa,Southern Hemisphere,Low,160.0,SSA,1.58,
Tanzania,TZA,2021,0.281,0.381,1071.708,0.003,0.048,0.967,62830410.0,189343959556.0,1071.708,,3.623,142.0,Africa,Southern Hemisphere,Low,160.0,SSA,1.58,
Uganda,UGA,2013,0.106,0.163,540.982,0.001,0.011,0.345,35337050.0,66855286085.0,540.982,,4.443,120.0,Africa,Northern Hemisphere,Low,166.0,SSA,2.09,
Uganda,UGA,2014,0.112,0.173,617.843,0.001,0.012,0.283,36395542.0,70696115682.0,617.843,,,,Africa,Northern Hemisphere,Low,166.0,SSA,2.27,
Uganda,UGA,2015,0.121,0.172,612.356,0.001,0.013,0.208,37531444.0,76356053069.0,612.356,,3.931,141.0,Africa,Northern Hemisphere,Low,166.0,SSA,2.25,
Uganda,UGA,2016,0.124,0.175,617.14,0.001,0.014,0.197,38799153.0,76477462940.0,617.14,,3.739,145.0,Africa,Northern Hemisphere,Low,166.0,SSA,2.02,42.8
Uganda,UGA,2017,0.135,0.189,645.049,0.001,0.015,0.164,40177384.0,81700865546.0,645.049,,4.081,133.0,Africa,Northern Hemisphere,Low,166.0,SSA,1.91,
Uganda,UGA,2018,0.133,0.186,671.422,0.001,0.015,0.156,41565839.0,86196050499.0,671.422,,4.161,135.0,Africa,Northern Hemisphere,Low,166.0,SSA,1.8,
Uganda,UGA,2019,0.134,0.181,663.337,0.001,0.016,0.143,42999636.0,92903828922.0,663.337,,4.189,136.0,Africa,Northern Hemisphere,Low,166.0,SSA,1.92,42.7
Uganda,UGA,2020,0.125,0.168,613.902,0.001,0.016,0.128,44457148.0,91695146192.0,613.902,,4.432,126.0,Africa,Northern Hemisphere,Low,166.0,SSA,1.92,
Uganda,UGA,2021,0.136,0.187,656.094,0.001,0.017,0.116,45910931.0,97200521048.0,656.094,,4.636,119.0,Africa,Northern Hemisphere,Low,166.0,SSA,1.92,
Ukraine,UKR,2013,6.45,5.458,29691.408,0.017,0.843,0.216,46126760.0,472286166147.0,29691.408,39.204,5.057,87.0,Europe,Northern Hemisphere,High,77.0,ECA,10.11,24.6
Ukraine,UKR,2014,5.606,4.248,26284.715,0.017,0.727,0.156,45972379.0,441233307180.0,26284.715,26.423,,,Europe,Northern Hemisphere,High,77.0,ECA,9.36,24.0
Ukraine,UKR,2015,4.889,3.657,21915.693,0.017,0.632,0.409,45784904.0,398045419167.0,21915.693,18.461,4.681,111.0,Europe,Northern Hemisphere,High,77.0,ECA,9.47,25.5
Ukraine,UKR,2016,5.132,4.187,23017.719,0.017,0.661,0.203,45616831.0,407666198456.0,23017.719,23.772,4.324,123.0,Europe,Northern Hemisphere,High,77.0,ECA,10.48,25.0
Ukraine,UKR,2017,4.914,4.395,21466.02,0.017,0.621,0.211,45436037.0,417287091525.0,21466.02,27.809,4.096,132.0,Europe,Northern Hemisphere,High,77.0,ECA,10.83,26.0
Ukraine,UKR,2018,5.13,4.718,22384.719,0.017,0.631,0.177,45208903.0,431842093109.0,22384.719,33.007,4.103,138.0,Europe,Northern Hemisphere,High,77.0,ECA,11.26,26.1
Ukraine,UKR,2019,4.942,4.657,21301.547,0.018,0.599,0.137,44957451.0,445656664440.0,21301.547,30.631,4.332,133.0,Europe,Northern Hemisphere,High,77.0,ECA,11.91,26.6
Ukraine,UKR,2020,4.635,4.353,20556.209,0.018,0.589,0.123,44680008.0,428931213784.0,20556.209,42.929,4.561,123.0,Europe,Northern Hemisphere,High,77.0,ECA,11.91,25.6
Ukraine,UKR,2021,4.755,4.583,21105.271,0.018,0.571,0.108,44298642.0,443313281092.0,21105.271,54.635,4.875,110.0,Europe,Northern Hemisphere,High,77.0,ECA,11.91,
Uruguay,URY,2013,2.239,3.468,14380.91,0.001,0.021,5.062,3345335.0,62217298965.0,14380.91,,6.355,37.0,America,Southern Hemisphere,Very High,58.0,LAC,39.83,40.5
Uruguay,URY,2014,1.991,3.088,13823.321,0.001,0.019,3.588,3356343.0,64232518554.0,13823.321,,,,America,Southern Hemisphere,Very High,58.0,LAC,22.77,40.1
Uruguay,URY,2015,2.001,2.899,14522.445,0.001,0.019,1.247,3368022.0,64470831197.0,14522.445,,6.485,32.0,America,Southern Hemisphere,Very High,58.0,LAC,22.88,40.1
Uruguay,URY,2016,1.93,2.622,14546.091,0.001,0.018,0.771,3379279.0,65560386931.0,14546.091,,6.545,29.0,America,Southern Hemisphere,Very High,58.0,LAC,22.0,39.7
Uruguay,URY,2017,1.815,2.699,13547.438,0.001,0.017,0.733,3388444.0,66627711123.0,13547.438,,6.454,28.0,America,Southern Hemisphere,Very High,58.0,LAC,22.05,39.5
Uruguay,URY,2018,1.936,2.865,13547.212,0.001,0.018,0.683,3394538.0,66946183643.0,13547.212,,6.379,31.0,America,Southern Hemisphere,Very High,58.0,LAC,19.09,39.7
Uruguay,URY,2019,1.886,2.807,14307.822,0.001,0.017,0.573,3397206.0,67180494669.0,14307.822,,6.293,33.0,America,Southern Hemisphere,Very High,58.0,LAC,17.49,39.7
Uruguay,URY,2020,1.906,2.758,12850.293,0.001,0.018,0.441,3398966.0,63072414563.0,12850.293,,6.44,26.0,America,Southern Hemisphere,Very High,58.0,LAC,17.49,40.2
Uruguay,URY,2021,2.305,3.105,13325.694,0.001,0.021,0.363,3396693.0,65848852721.0,13325.694,,6.431,31.0,America,Southern Hemisphere,Very High,58.0,LAC,17.49,40.8
United States,USA,2013,17.099,17.612,80374.148,0.221,15.516,0.007,320110752.0,16122472460312.0,80374.148,1763.835,7.082,17.0,America,Northern Hemisphere,Very High,21.0,,28.09,40.9
United States,USA,2014,17.119,17.821,80453.969,0.224,15.596,0.232,323115377.0,16491319003554.0,80453.969,1815.237,,,America,Northern Hemisphere,Very High,21.0,,28.23,41.7
United States,USA,2015,16.461,17.458,78949.203,0.226,15.164,0.165,326126496.0,16937633974582.0,78949.203,1850.341,7.119,15.0,America,Northern Hemisphere,Very High,21.0,,28.33,41.5
United States,USA,2016,15.935,16.884,78155.102,0.228,14.82,0.32,329179423.0,17220065720000.0,78155.102,2045.8,7.104,13.0,America,Northern Hemisphere,Very High,21.0,,28.06,41.3
United States,USA,2017,15.639,16.635,77729.664,0.231,14.442,0.495,332204657.0,17606124654726.0,77729.664,2248.143,6.993,14.0,America,Northern Hemisphere,Very High,21.0,,28.12,41.4
United States,USA,2018,16.001,16.966,79893.953,0.233,14.595,0.297,335056492.0,18124692769570.0,79893.953,2300.448,6.886,18.0,America,Northern Hemisphere,Very High,21.0,,29.14,41.8
United States,USA,2019,15.5,16.519,78683.469,0.236,14.118,0.29,337790069.0,18540552700117.0,78683.469,2369.579,6.892,19.0,America,Northern Hemisphere,Very High,21.0,,29.65,41.9
United States,USA,2020,13.817,15.034,72562.672,0.238,13.34,0.255,339436156.0,18027359681343.0,72562.672,2477.656,6.94,18.0,America,Northern Hemisphere,Very High,21.0,,29.65,40.0
United States,USA,2021,14.758,16.138,76307.383,0.24,13.617,0.264,340161438.0,19099378164000.0,76307.383,2610.055,6.951,19.0,America,Northern Hemisphere,Very High,21.0,,29.65,39.7
Uzbekistan,UZB,2013,3.781,,18355.062,0.003,0.319,-0.114,29724065.0,239100684823.0,18355.062,16.036,5.623,60.0,Asia,Northern Hemisphere,High,101.0,ECA,6.29,
Uzbekistan,UZB,2014,3.557,,18733.039,0.003,0.303,-0.071,30222994.0,255536474727.0,18733.039,15.738,,,Asia,Northern Hemisphere,High,101.0,ECA,6.55,
Uzbekistan,UZB,2015,3.362,,17566.381,0.003,0.292,-0.062,30749349.0,273983640646.0,17566.381,15.242,6.003,44.0,Asia,Northern Hemisphere,High,101.0,ECA,6.21,
Uzbekistan,UZB,2016,3.511,,16645.014,0.003,0.31,-0.059,31284565.0,290236358613.0,16645.014,17.247,5.987,49.0,Asia,Northern Hemisphere,High,101.0,ECA,6.75,
Uzbekistan,UZB,2017,3.422,,16899.996,0.003,0.303,-0.049,31819172.0,302992216928.0,16899.996,19.84,5.971,47.0,Asia,Northern Hemisphere,High,101.0,ECA,6.18,
Uzbekistan,UZB,2018,3.161,,16649.682,0.003,0.279,-0.048,32373489.0,320808179800.0,16649.682,14.687,6.096,44.0,Asia,Northern Hemisphere,High,101.0,ECA,6.24,
Uzbekistan,UZB,2019,3.275,,16483.426,0.003,0.291,-0.04,32964700.0,339998944961.0,16483.426,16.051,6.174,41.0,Asia,Northern Hemisphere,High,101.0,ECA,6.12,
Uzbekistan,UZB,2020,3.22,,16072.522,0.003,0.308,-0.035,33586373.0,346785285756.0,16072.522,12.361,6.258,38.0,Asia,Northern Hemisphere,High,101.0,ECA,6.12,
Uzbekistan,UZB,2021,3.597,,16818.205,0.003,0.334,-0.032,34243696.0,372457828275.0,16818.205,12.464,6.179,42.0,Asia,Northern Hemisphere,High,101.0,ECA,6.12,32.9
Vatican,VAT,2013,,,,,,,,,,,,,,,,,,,
Vatican,VAT,2014,,,,,,,,,,,,,,,,,,,
Vatican,VAT,2015,,,,,,,,,,,,,,,,,,,
Vatican,VAT,2016,,,,,,,,,,,,,,,,,,,
Vatican,VAT,2017,,,,,,,,,,,,,,,,,,,
Vatican,VAT,2018,,,,,,,,,,,,,,,,,,,
Vatican,VAT,2019,,,,,,,,,,,,,,,,,,,
Vatican,VAT,2020,,,,,,,,,,,,,,,,,,,
Vatican,VAT,2021,,,,,,,,,,,,,,,,,,,
Saint Vincent and the Grenadines,VCT,2013,1.999,,8331.03,0.0,0.001,2.328,108156.0,,8331.03,,,,America,Northern Hemisphere,High,89.0,LAC,,
Saint Vincent and the Grenadines,VCT,2014,2.385,,8823.812,0.0,0.001,0.32,107555.0,,8823.812,,,,America,Northern Hemisphere,High,89.0,LAC,,
Saint Vincent and the Grenadines,VCT,2015,2.192,,9015.487,0.0,0.001,-0.207,106975.0,,9015.487,,,,America,Northern Hemisphere,High,89.0,LAC,,
Saint Vincent and the Grenadines,VCT,2016,2.274,,9070.232,0.0,0.001,-0.418,106365.0,,9070.232,,,,America,Northern Hemisphere,High,89.0,LAC,,
Saint Vincent and the Grenadines,VCT,2017,2.011,,10490.862,0.0,0.001,-0.529,105674.0,,10490.862,,,,America,Northern Hemisphere,High,89.0,LAC,,
Saint Vincent and the Grenadines,VCT,2018,2.304,,10144.432,0.0,0.001,-0.597,104939.0,,10144.432,,,,America,Northern Hemisphere,High,89.0,LAC,,
Saint Vincent and the Grenadines,VCT,2019,2.11,,9379.387,0.0,0.001,-0.638,104183.0,,9379.387,,,,America,Northern Hemisphere,High,89.0,LAC,,
Saint Vincent and the Grenadines,VCT,2020,2.3,,10105.646,0.0,0.001,-0.66,103540.0,,10105.646,,,,America,Northern Hemisphere,High,89.0,LAC,,
Saint Vincent and the Grenadines,VCT,2021,2.28,,10010.844,0.0,0.001,-0.686,102848.0,,10010.844,,,,America,Northern Hemisphere,High,89.0,LAC,,
Venezuela,VEN,2013,6.634,4.651,34668.449,0.006,0.563,0.511,29912195.0,538100828642.0,34668.449,208.669,7.039,20.0,America,Northern Hemisphere,Medium,120.0,LAC,18.86,
Venezuela,VEN,2014,5.817,5.551,33490.961,0.006,0.496,0.378,30254080.0,517147151484.0,33490.961,205.011,,,America,Northern Hemisphere,Medium,120.0,LAC,18.39,
Venezuela,VEN,2015,5.44,3.987,31703.463,0.006,0.47,0.426,30573968.0,484975458402.0,31703.463,189.59,6.81,23.0,America,Northern Hemisphere,Medium,120.0,LAC,26.19,
Venezuela,VEN,2016,4.964,3.413,28931.045,0.006,0.432,0.368,30765719.0,402335647692.0,28931.045,158.482,6.084,44.0,America,Northern Hemisphere,Medium,120.0,LAC,15.61,
Venezuela,VEN,2017,4.551,3.055,28560.934,0.006,0.387,0.45,30565331.0,339285602968.0,28560.934,175.391,5.25,82.0,America,Northern Hemisphere,Medium,120.0,LAC,16.01,
Venezuela,VEN,2018,3.732,0.578,24419.027,0.006,0.303,0.339,29807591.0,272599019803.0,24419.027,162.523,4.806,102.0,America,Northern Hemisphere,Medium,120.0,LAC,9.69,
Venezuela,VEN,2019,3.643,1.486,22702.531,0.006,0.284,0.355,28938096.0,197170883456.0,22702.531,155.572,4.707,108.0,America,Northern Hemisphere,Medium,120.0,LAC,9.6,
Venezuela,VEN,2020,2.844,2.528,18557.822,0.006,0.23,0.335,28444080.0,138029481377.0,18557.822,165.955,5.053,99.0,America,Northern Hemisphere,Medium,120.0,LAC,9.6,
Venezuela,VEN,2021,3.361,2.858,21392.791,0.006,0.257,0.297,28237830.0,138656126606.0,21392.791,167.159,4.892,107.0,America,Northern Hemisphere,Medium,120.0,LAC,9.6,
British Virgin Islands,VGB,2013,6.698,,22992.465,0.0,0.001,,31727.0,,22992.465,,,,,,,,,,
British Virgin Islands,VGB,2014,6.553,,22467.686,0.0,0.001,,32988.0,,22467.686,,,,,,,,,,
British Virgin Islands,VGB,2015,6.474,,21548.275,0.0,0.001,,34523.0,,21548.275,,,,,,,,,,
British Virgin Islands,VGB,2016,6.7,,22235.967,0.0,0.001,,33904.0,,22235.967,,,,,,,,,,
British Virgin Islands,VGB,2017,5.486,,21665.006,0.0,0.0,,32724.0,,21665.006,,,,,,,,,,
British Virgin Islands,VGB,2018,4.543,,19300.41,0.0,0.0,,34682.0,,19300.41,,,,,,,,,,
British Virgin Islands,VGB,2019,5.03,,20971.912,0.0,0.0,,36423.0,,20971.912,,,,,,,,,,
British Virgin Islands,VGB,2020,4.831,,20171.9,0.0,0.001,,37161.0,,20171.9,,,,,,,,,,
British Virgin Islands,VGB,2021,4.842,,20222.768,0.0,0.0,,37833.0,,20222.768,,,,,,,,,,
Vietnam,VNM,2013,1.672,1.348,7244.138,0.005,0.429,1.329,90573103.0,488172621311.0,7244.138,148.249,5.533,63.0,Asia,Northern Hemisphere,High,115.0,EAP,7.8,
Vietnam,VNM,2014,1.964,1.535,7894.68,0.005,0.508,4.148,91679582.0,519523061605.0,7894.68,158.557,,,Asia,Northern Hemisphere,High,115.0,EAP,9.85,34.8
Vietnam,VNM,2015,2.299,1.778,8731.432,0.005,0.603,2.457,92823254.0,555822142751.0,8731.432,142.626,5.36,75.0,Asia,Northern Hemisphere,High,115.0,EAP,10.03,
Vietnam,VNM,2016,2.351,1.845,9326.302,0.005,0.624,1.809,94000115.0,593006635951.0,9326.302,161.555,5.061,96.0,Asia,Northern Hemisphere,High,115.0,EAP,8.09,35.3
Vietnam,VNM,2017,2.392,1.807,9981.674,0.006,0.633,1.496,95176978.0,634161327073.0,9981.674,216.395,5.074,94.0,Asia,Northern Hemisphere,High,115.0,EAP,8.16,
Vietnam,VNM,2018,2.655,1.963,11210.952,0.006,0.695,1.824,96237319.0,681501440291.0,11210.952,209.46,5.103,95.0,Asia,Northern Hemisphere,High,115.0,EAP,8.12,35.7
Vietnam,VNM,2019,3.492,2.52,12433.123,0.006,0.915,1.364,97173778.0,731653148132.0,12433.123,178.467,5.175,94.0,Asia,Northern Hemisphere,High,115.0,EAP,8.52,
Vietnam,VNM,2020,3.697,2.65,12527.92,0.006,1.031,1.212,98079196.0,752629620043.0,12527.92,209.976,5.353,83.0,Asia,Northern Hemisphere,High,115.0,EAP,8.52,36.8
Vietnam,VNM,2021,3.176,2.247,12365.529,0.006,0.852,1.125,98935101.0,771912038182.0,12365.529,267.416,5.411,79.0,Asia,Northern Hemisphere,High,115.0,EAP,8.52,
Vanuatu,VUT,2013,0.432,,2464.299,0.0,0.0,-4.305,254495.0,,2464.299,,,,Oceania,Southern Hemisphere,Medium,140.0,EAP,,
Vanuatu,VUT,2014,0.605,,2750.514,0.0,0.0,-5.098,260247.0,,2750.514,,,,Oceania,Southern Hemisphere,Medium,140.0,EAP,,
Vanuatu,VUT,2015,0.496,,2523.688,0.0,0.0,-4.983,266115.0,,2523.688,,,,Oceania,Southern Hemisphere,Medium,140.0,EAP,,
Vanuatu,VUT,2016,0.552,,2495.041,0.0,0.0,-5.01,272097.0,,2495.041,,,,Oceania,Southern Hemisphere,Medium,140.0,EAP,,
Vanuatu,VUT,2017,0.5,,2717.123,0.0,0.0,2.446,278518.0,,2717.123,,,,Oceania,Southern Hemisphere,Medium,140.0,EAP,,
Vanuatu,VUT,2018,0.617,,3390.237,0.0,0.0,-1.902,285273.0,,3390.237,,,,Oceania,Southern Hemisphere,Medium,140.0,EAP,,
Vanuatu,VUT,2019,0.565,,3189.936,0.0,0.0,-3.009,291995.0,,3189.936,,,,Oceania,Southern Hemisphere,Medium,140.0,EAP,,32.3
Vanuatu,VUT,2020,0.687,,3630.974,0.0,0.001,-3.246,298867.0,,3630.974,,,,Oceania,Southern Hemisphere,Medium,140.0,EAP,,
Vanuatu,VUT,2021,0.707,,3738.69,0.0,0.001,-3.237,305882.0,,3738.69,,,,Oceania,Southern Hemisphere,Medium,140.0,EAP,,
Wallis and Futuna,WLF,2013,2.052,,,0.0,0.0,,,,,,,,,,,,,,
Wallis and Futuna,WLF,2014,2.08,,,0.0,0.0,,,,,,,,,,,,,,
Wallis and Futuna,WLF,2015,2.105,,,0.0,0.0,,,,,,,,,,,,,,
Wallis and Futuna,WLF,2016,2.127,,,0.0,0.0,,,,,,,,,,,,,,
Wallis and Futuna,WLF,2017,2.147,,,0.0,0.0,,,,,,,,,,,,,,
Wallis and Futuna,WLF,2018,2.169,,,0.0,0.0,,,,,,,,,,,,,,
Wallis and Futuna,WLF,2019,2.19,,,0.0,0.0,,,,,,,,,,,,,,
Wallis and Futuna,WLF,2020,2.518,,,0.0,0.0,,,,,,,,,,,,,,
Wallis and Futuna,WLF,2021,2.529,,,0.0,0.0,,,,,,,,,,,,,,
Samoa,WSM,2013,0.961,,5777.379,0.0,0.001,2.734,198284.0,,5777.379,,,,Oceania,Southern Hemisphere,High,111.0,EAP,,38.7
Samoa,WSM,2014,1.007,,5826.455,0.0,0.001,3.32,200051.0,,5826.455,,,,Oceania,Southern Hemisphere,High,111.0,EAP,,
Samoa,WSM,2015,1.126,,6696.765,0.0,0.001,1.897,201794.0,,6696.765,,,,Oceania,Southern Hemisphere,High,111.0,EAP,,
Samoa,WSM,2016,1.17,,7039.85,0.0,0.001,0.874,203509.0,,7039.85,,,,Oceania,Southern Hemisphere,High,111.0,EAP,,
Samoa,WSM,2017,1.142,,6965.174,0.0,0.001,0.082,205423.0,,6965.174,,,,Oceania,Southern Hemisphere,High,111.0,EAP,,
Samoa,WSM,2018,1.13,,6951.594,0.0,0.001,-0.46,207595.0,,6951.594,,,,Oceania,Southern Hemisphere,High,111.0,EAP,,
Samoa,WSM,2019,1.24,,7488.415,0.0,0.001,-0.504,209794.0,,7488.415,,,,Oceania,Southern Hemisphere,High,111.0,EAP,,
Samoa,WSM,2020,1.106,,6422.969,0.0,0.001,-0.534,211957.0,,6422.969,,,,Oceania,Southern Hemisphere,High,111.0,EAP,,
Samoa,WSM,2021,1.251,,6439.443,0.0,0.001,-0.555,213792.0,,6439.443,,,,Oceania,Southern Hemisphere,High,111.0,EAP,,
Yemen,YEM,2013,0.931,,3495.781,0.0,0.077,-0.037,29312955.0,104781489392.0,3495.781,,4.054,142.0,Asia,Northern Hemisphere,Low,183.0,AS,3.6,
Yemen,YEM,2014,0.88,,3208.763,0.0,0.075,-0.041,30226311.0,104583458743.0,3208.763,,,,Asia,Northern Hemisphere,Low,183.0,AS,3.55,36.7
Yemen,YEM,2015,0.453,,1674.842,0.0,0.04,-0.055,31159378.0,75305316956.0,1674.842,,4.077,136.0,Asia,Northern Hemisphere,Low,183.0,AS,3.39,
Yemen,YEM,2016,0.313,,1297.834,0.0,0.028,0.029,32109023.0,68245442015.0,1297.834,,3.724,147.0,Asia,Northern Hemisphere,Low,183.0,AS,3.48,
Yemen,YEM,2017,0.278,,1159.859,0.0,0.026,0.005,33090923.0,64784033932.0,1159.859,,3.593,146.0,Asia,Northern Hemisphere,Low,183.0,AS,3.06,
Yemen,YEM,2018,0.338,,1109.118,0.0,0.031,-0.003,34085181.0,65271212493.0,1109.118,,3.355,152.0,Asia,Northern Hemisphere,Low,183.0,AS,2.84,
Yemen,YEM,2019,0.336,,1085.564,0.0,0.032,-0.004,35111416.0,66185009341.0,1085.564,,3.38,151.0,Asia,Northern Hemisphere,Low,183.0,AS,2.89,
Yemen,YEM,2020,0.298,,918.665,0.0,0.031,-0.004,36134867.0,60559285911.0,918.665,,3.527,146.0,Asia,Northern Hemisphere,Low,183.0,AS,2.89,
Yemen,YEM,2021,0.286,,863.311,0.0,0.029,-0.002,37140234.0,59953691816.0,863.311,,3.658,141.0,Asia,Northern Hemisphere,Low,183.0,AS,2.89,
South Africa,ZAF,2013,8.343,6.529,26163.137,0.01,1.293,0.149,54678789.0,677278303675.0,26163.137,5.677,4.963,96.0,Africa,Southern Hemisphere,High,109.0,SSA,10.09,
South Africa,ZAF,2014,8.663,6.509,26046.393,0.01,1.358,0.081,55594840.0,686853872664.0,26046.393,11.72,,,Africa,Southern Hemisphere,High,109.0,SSA,8.41,59.6
South Africa,ZAF,2015,8.065,6.175,24952.885,0.01,1.292,0.072,56723536.0,695933197143.0,24952.885,18.241,4.642,113.0,Africa,Southern Hemisphere,High,109.0,SSA,8.06,
South Africa,ZAF,2016,7.982,6.189,25848.275,0.01,1.291,0.036,57259550.0,700558003750.0,25848.275,21.906,4.459,116.0,Africa,Southern Hemisphere,High,109.0,SSA,7.55,
South Africa,ZAF,2017,7.634,6.028,25594.477,0.011,1.223,-0.019,57635158.0,708670169977.0,25594.477,31.805,4.829,101.0,Africa,Southern Hemisphere,High,109.0,SSA,7.76,
South Africa,ZAF,2018,7.742,6.063,24053.697,0.011,1.235,0.005,58613001.0,719458334697.0,24053.697,32.227,4.724,105.0,Africa,Southern Hemisphere,High,109.0,SSA,7.6,
South Africa,ZAF,2019,7.9,6.167,24698.113,0.011,1.269,0.04,59587880.0,721641639539.0,24698.113,32.905,4.722,106.0,Africa,Southern Hemisphere,High,109.0,SSA,7.55,
South Africa,ZAF,2020,7.188,5.537,23110.006,0.011,1.238,0.046,60562374.0,675871755463.0,23110.006,36.073,4.814,109.0,Africa,Southern Hemisphere,High,109.0,SSA,7.55,
South Africa,ZAF,2021,7.145,5.334,22855.135,0.011,1.192,0.053,61502602.0,709077881289.0,22855.135,45.54,4.956,103.0,Africa,Southern Hemisphere,High,109.0,SSA,7.55,
Zambia,ZMB,2013,0.287,0.566,1627.473,0.002,0.013,5.967,15399000.0,53291123090.0,1627.473,,5.006,91.0,Africa,Southern Hemisphere,Medium,154.0,SSA,4.68,
Zambia,ZMB,2014,0.332,0.624,1736.249,0.002,0.015,5.357,15895320.0,55794746119.0,1736.249,,,,Africa,Southern Hemisphere,Medium,154.0,SSA,3.92,
Zambia,ZMB,2015,0.337,0.584,1731.999,0.002,0.016,4.95,16399092.0,57423952993.0,1731.999,,5.129,85.0,Africa,Southern Hemisphere,Medium,154.0,SSA,3.36,55.8
Zambia,ZMB,2016,0.353,0.548,1727.783,0.002,0.017,5.136,16914428.0,59592851316.0,1727.783,,4.795,106.0,Africa,Southern Hemisphere,Medium,154.0,SSA,3.12,
Zambia,ZMB,2017,0.428,0.58,1958.433,0.002,0.021,4.967,17441328.0,61680980857.0,1958.433,,4.514,116.0,Africa,Southern Hemisphere,Medium,154.0,SSA,3.21,
Zambia,ZMB,2018,0.482,0.592,2070.469,0.002,0.024,4.403,17973574.0,64169815579.0,2070.469,,4.377,125.0,Africa,Southern Hemisphere,Medium,154.0,SSA,2.8,
Zambia,ZMB,2019,0.478,0.602,1962.268,0.002,0.024,3.953,18513839.0,65094496543.0,1962.268,,4.107,138.0,Africa,Southern Hemisphere,Medium,154.0,SSA,2.38,
Zambia,ZMB,2020,0.524,0.518,2019.728,0.002,0.028,3.585,19059394.0,63281615083.0,2019.728,,3.759,141.0,Africa,Southern Hemisphere,Medium,154.0,SSA,2.38,
Zambia,ZMB,2021,0.477,0.505,2106.333,0.002,0.025,3.383,19603610.0,66191936884.0,2106.333,,4.073,137.0,Africa,Southern Hemisphere,Medium,154.0,SSA,2.38,
Zimbabwe,ZWE,2013,0.833,0.862,3313.16,0.001,0.033,-0.048,14013811.0,23261956135.0,3313.16,,4.827,103.0,Africa,Southern Hemisphere,Medium,146.0,SSA,2.86,
Zimbabwe,ZWE,2014,0.841,0.902,3144.667,0.001,0.034,-0.16,14207367.0,23818844326.0,3144.667,,,,Africa,Southern Hemisphere,Medium,146.0,SSA,3.03,
Zimbabwe,ZWE,2015,0.835,0.925,3187.191,0.001,0.034,0.406,14399008.0,24246158745.0,3187.191,,4.61,115.0,Africa,Southern Hemisphere,Medium,146.0,SSA,2.66,
Zimbabwe,ZWE,2016,0.725,0.907,2865.785,0.001,0.03,0.015,14600297.0,24362052665.0,2865.785,,4.193,131.0,Africa,Southern Hemisphere,Medium,146.0,SSA,2.29,
Zimbabwe,ZWE,2017,0.664,0.746,2598.589,0.001,0.027,0.376,14812484.0,25576014023.0,2598.589,,3.875,138.0,Africa,Southern Hemisphere,Medium,146.0,SSA,2.26,44.3
Zimbabwe,ZWE,2018,0.746,0.822,2897.939,0.001,0.031,-0.072,15034457.0,26786271482.0,2897.939,,3.692,144.0,Africa,Southern Hemisphere,Medium,146.0,SSA,2.05,
Zimbabwe,ZWE,2019,0.672,0.761,2603.881,0.001,0.028,0.414,15271377.0,25146416205.0,2603.881,,3.663,146.0,Africa,Southern Hemisphere,Medium,146.0,SSA,1.21,50.3
Zimbabwe,ZWE,2020,0.547,0.675,2163.068,0.001,0.024,-0.038,15526887.0,23178707175.0,2163.068,,3.299,151.0,Africa,Southern Hemisphere,Medium,146.0,SSA,1.21,
Zimbabwe,ZWE,2021,0.647,0.782,2382.434,0.001,0.028,0.141,15797220.0,25140088767.0,2382.434,,3.145,148.0,Africa,Southern Hemisphere,Medium,146.0,SSA,1.21,
