numeric_code,iso_code,country,year,human_development_groups,hdi_rank_2021,undp_developing_regions,least_devpd_country,landlock_deving_country,small_island_deving_country,population,gdp,happiness_index,gini_index,income_group,happiness_index_rank_62,co2_per_capita,consumption_co2_per_capita,material_footprint_per_capita,energy_per_capita,renewables_consumption,temperature_change_from_co2,share_global_co2,land_use_change_co2_per_capita,continent,sub_continent_un,hemisphere,latitude,longitude,co2_consumption_production_gap,co2_consumption_production_ratio,happiness_per_co2,happiness_per_consumption_co2,happiness_per_material_footprint,happiness_per_1000_energy,inequality_adjusted_happiness,ineq_adj_happiness_per_co2,ineq_adj_happiness_per_consumption_co2,ineq_adj_happiness_per_material_footprint,ineq_adj_happiness_per_1000_energy,co2_per_1000_energy,material_footprint_per_1000_energy,happiness_percentile_by_year,consumption_co2_percentile_by_year,material_footprint_percentile_by_year,high_happiness_lower_consumption_co2,high_happiness_lower_material_footprint
784,ARE,United Arab Emirates,2013,Very High,26,AS,False,False,False,7831851,606587973942.0,7.144,32.5,High income,11,27.348,33.019,49.68,144520.031,0.222,0.002,0.607,-0.014,Asia,Western Asia,Northern Hemisphere,24.0,54.0,5.671,1.207,0.261,0.216,0.144,0.049,4.822,0.176,0.146,0.097,0.033,0.189,0.344,0.839,1.0,0.984,False,False
784,ARE,United Arab Emirates,2014,Very High,26,AS,False,False,False,8236880,631858461256.0,7.022,31.28,High income,13,26.045,31.416,55.49,137818.312,0.792,0.002,0.605,-0.011,Asia,Western Asia,Northern Hemisphere,24.0,54.0,5.371,1.206,0.27,0.224,0.127,0.051,4.826,0.185,0.154,0.087,0.035,0.189,0.403,0.806,1.0,0.984,False,False
784,ARE,United Arab Emirates,2015,Very High,26,AS,False,False,False,8674633,674742705535.0,6.901,30.06,High income,17,25.943,30.139,59.76,140994.875,0.761,0.002,0.636,-0.009,Asia,Western Asia,Northern Hemisphere,24.0,54.0,4.196,1.162,0.266,0.229,0.115,0.049,4.827,0.186,0.16,0.081,0.034,0.184,0.424,0.742,0.984,1.0,False,False
784,ARE,United Arab Emirates,2016,Very High,26,AS,False,False,False,9030873,712265114847.0,6.573,28.84,High income,22,25.235,28.68,64.95,140575.797,0.794,0.002,0.644,-0.007,Asia,Western Asia,Northern Hemisphere,24.0,54.0,3.445,1.137,0.26,0.229,0.101,0.047,4.677,0.185,0.163,0.072,0.033,0.18,0.462,0.661,0.984,1.0,False,False
784,ARE,United Arab Emirates,2017,Very High,26,AS,False,False,False,9234330,717500233045.0,6.648,27.62,High income,18,21.279,25.843,75.61,131237.281,1.863,0.002,0.546,-0.007,Asia,Western Asia,Northern Hemisphere,24.0,54.0,4.564,1.214,0.312,0.257,0.088,0.051,4.812,0.226,0.186,0.064,0.037,0.162,0.576,0.726,0.984,1.0,False,False
784,ARE,United Arab Emirates,2018,Very High,26,AS,False,False,False,9346870,726928170282.0,6.774,26.4,High income,17,21.837,26.453,65.97,121187.641,2.98,0.002,0.556,-0.0,Asia,Western Asia,Northern Hemisphere,24.0,54.0,4.616,1.211,0.31,0.256,0.103,0.056,4.986,0.228,0.188,0.076,0.041,0.18,0.544,0.742,0.984,1.0,False,False
784,ARE,United Arab Emirates,2019,Very High,26,AS,False,False,False,9377855,734982504070.0,6.825,26.4,High income,18,21.76,25.242,68.95,129769.297,9.049,0.002,0.55,-0.003,Asia,Western Asia,Northern Hemisphere,24.0,54.0,3.482,1.16,0.314,0.27,0.099,0.053,5.023,0.231,0.199,0.073,0.039,0.168,0.531,0.726,0.984,1.0,False,False
784,ARE,United Arab Emirates,2020,Very High,26,AS,False,False,False,9448529,698549476819.0,6.791,26.4,High income,18,22.783,23.472,68.95,125363.312,12.804,0.002,0.612,-0.001,Asia,Western Asia,Northern Hemisphere,24.0,54.0,0.689,1.03,0.298,0.289,0.098,0.054,4.998,0.219,0.213,0.072,0.04,0.182,0.55,0.726,0.984,1.0,False,False
784,ARE,United Arab Emirates,2021,Very High,26,AS,False,False,False,9789055,725904671328.0,6.561,26.4,High income,19,21.675,24.475,68.95,126734.023,15.401,0.002,0.576,-0.002,Asia,Western Asia,Northern Hemisphere,24.0,54.0,2.8,1.129,0.303,0.268,0.095,0.052,4.829,0.223,0.197,0.07,0.038,0.171,0.544,0.71,0.984,1.0,False,False
32,ARG,Argentina,2013,Very High,47,LAC,False,False,False,42582453,849088398588.0,6.562,41.1,Upper middle income,23,4.451,4.785,16.74,23705.746,101.686,0.008,0.537,2.426,America,Latin America and the Caribbean,Southern Hemisphere,-34.0,-64.0,0.334,1.075,1.474,1.371,0.392,0.277,3.865,0.868,0.808,0.231,0.163,0.188,0.706,0.645,0.242,0.435,False,False
32,ARG,Argentina,2014,Very High,47,LAC,False,False,False,43024071,827750786191.0,6.568,41.8,Upper middle income,23,4.382,4.455,16.57,23080.285,102.627,0.008,0.532,4.132,America,Latin America and the Caribbean,Southern Hemisphere,-34.0,-64.0,0.073,1.017,1.499,1.474,0.396,0.285,3.823,0.872,0.858,0.231,0.166,0.19,0.718,0.645,0.258,0.419,False,False
32,ARG,Argentina,2015,Very High,47,LAC,False,False,False,43477011,850356641236.0,6.574,42.05,Upper middle income,23,4.412,4.742,17.85,23230.486,103.185,0.008,0.542,2.562,America,Latin America and the Caribbean,Southern Hemisphere,-34.0,-64.0,0.33,1.075,1.49,1.386,0.368,0.283,3.81,0.864,0.803,0.213,0.164,0.19,0.768,0.645,0.274,0.452,False,False
32,ARG,Argentina,2016,Very High,47,LAC,False,False,False,43900312,832669278245.0,6.65,42.3,Upper middle income,20,4.328,4.337,16.95,22909.215,95.882,0.008,0.537,2.457,America,Latin America and the Caribbean,Southern Hemisphere,-34.0,-64.0,0.009,1.002,1.537,1.533,0.392,0.29,3.837,0.887,0.885,0.226,0.167,0.189,0.74,0.694,0.258,0.435,False,False
32,ARG,Argentina,2017,Very High,47,LAC,False,False,False,44288898,856142153676.0,6.599,41.4,Upper middle income,21,4.224,4.363,18.75,22511.016,103.551,0.008,0.52,1.822,America,Latin America and the Caribbean,Southern Hemisphere,-34.0,-64.0,0.139,1.033,1.562,1.512,0.352,0.293,3.867,0.915,0.886,0.206,0.172,0.188,0.833,0.677,0.242,0.484,False,False
32,ARG,Argentina,2018,Very High,47,LAC,False,False,False,44654876,833736983405.0,6.388,41.7,Upper middle income,23,4.087,4.114,16.88,22081.684,106.101,0.008,0.497,2.539,America,Latin America and the Caribbean,Southern Hemisphere,-34.0,-64.0,0.027,1.007,1.563,1.553,0.378,0.289,3.724,0.911,0.905,0.221,0.169,0.185,0.764,0.645,0.21,0.452,False,False
32,ARG,Argentina,2019,Very High,47,LAC,False,False,False,44973469,817053926667.0,6.086,43.3,Upper middle income,31,4.012,3.84,15.81,20582.312,105.008,0.009,0.487,3.597,America,Latin America and the Caribbean,Southern Hemisphere,-34.0,-64.0,-0.172,0.957,1.517,1.585,0.385,0.296,3.451,0.86,0.899,0.218,0.168,0.195,0.768,0.516,0.21,0.419,False,False
32,ARG,Argentina,2020,Very High,47,LAC,False,False,False,45191960,735814250460.0,5.975,42.7,Upper middle income,38,3.643,3.542,15.81,19117.824,101.519,0.009,0.468,2.855,America,Latin America and the Caribbean,Southern Hemisphere,-34.0,-64.0,-0.101,0.972,1.64,1.687,0.378,0.313,3.424,0.94,0.967,0.217,0.179,0.191,0.827,0.403,0.21,0.419,False,False
32,ARG,Argentina,2021,Very High,47,LAC,False,False,False,45312282,812324184006.0,5.929,42.4,Upper middle income,39,4.197,4.023,15.81,20925.615,103.147,0.009,0.516,3.484,America,Latin America and the Caribbean,Southern Hemisphere,-34.0,-64.0,-0.174,0.959,1.413,1.474,0.375,0.283,3.415,0.814,0.849,0.216,0.163,0.201,0.756,0.379,0.21,0.419,False,False
36,AUS,Australia,2013,Very High,5,NOTAPPLICABLE,False,False,False,23236271,1086068056518.0,7.35,34.4,High income,9,17.122,16.621,45.97,66946.461,95.674,0.013,1.128,7.076,Oceania,Australia and New Zealand,Southern Hemisphere,-27.0,133.0,-0.501,0.971,0.429,0.442,0.16,0.11,4.822,0.282,0.29,0.105,0.072,0.256,0.687,0.871,0.887,0.968,False,False
36,AUS,Australia,2014,Very High,5,NOTAPPLICABLE,False,False,False,23595599,1113888062929.0,7.317,34.4,High income,8,16.639,16.296,47.8,66387.727,88.418,0.013,1.107,3.546,Oceania,Australia and New Zealand,Southern Hemisphere,-27.0,133.0,-0.343,0.979,0.44,0.449,0.153,0.11,4.8,0.288,0.295,0.1,0.072,0.251,0.72,0.887,0.887,0.968,False,False
36,AUS,Australia,2015,Very High,5,NOTAPPLICABLE,False,False,False,23947997,1139303344945.0,7.284,34.05,High income,8,16.727,16.169,46.91,66879.32,95.058,0.013,1.131,1.59,Oceania,Australia and New Zealand,Southern Hemisphere,-27.0,133.0,-0.558,0.967,0.435,0.45,0.155,0.109,4.804,0.287,0.297,0.102,0.072,0.25,0.701,0.887,0.903,0.952,False,False
36,AUS,Australia,2016,Very High,5,NOTAPPLICABLE,False,False,False,24329963,1169967279612.0,7.313,33.7,High income,7,16.838,16.026,46.32,66045.68,108.587,0.013,1.157,3.922,Oceania,Australia and New Zealand,Southern Hemisphere,-27.0,133.0,-0.812,0.952,0.434,0.456,0.158,0.111,4.849,0.288,0.303,0.105,0.073,0.255,0.701,0.903,0.919,0.952,False,False
36,AUS,Australia,2017,Very High,5,NOTAPPLICABLE,False,False,False,24731044,1197832839959.0,7.284,34.0,High income,7,16.716,16.013,48.27,64778.02,101.723,0.013,1.149,3.634,Oceania,Australia and New Zealand,Southern Hemisphere,-27.0,133.0,-0.703,0.958,0.436,0.455,0.151,0.112,4.807,0.288,0.3,0.1,0.074,0.258,0.745,0.895,0.935,0.984,False,False
36,AUS,Australia,2018,Very High,5,NOTAPPLICABLE,False,False,False,25119700,1231576952488.0,7.272,34.3,High income,8,16.512,15.382,47.7,64726.418,127.007,0.014,1.129,2.028,Oceania,Australia and New Zealand,Southern Hemisphere,-27.0,133.0,-1.13,0.932,0.44,0.473,0.152,0.112,4.778,0.289,0.311,0.1,0.074,0.255,0.737,0.887,0.935,0.984,False,False
36,AUS,Australia,2019,Very High,5,NOTAPPLICABLE,False,False,False,25482714,1255505542015.0,7.228,34.05,High income,9,16.283,15.055,46.82,65938.531,140.546,0.014,1.119,1.538,Oceania,Australia and New Zealand,Southern Hemisphere,-27.0,133.0,-1.228,0.925,0.444,0.48,0.154,0.11,4.767,0.293,0.317,0.102,0.072,0.247,0.71,0.871,0.935,0.968,False,False
36,AUS,Australia,2020,Very High,5,NOTAPPLICABLE,False,False,False,25743787,1232259790388.0,7.223,33.8,High income,10,15.481,14.541,46.82,61584.258,162.166,0.014,1.134,3.649,Oceania,Australia and New Zealand,Southern Hemisphere,-27.0,133.0,-0.94,0.939,0.467,0.497,0.154,0.117,4.782,0.309,0.329,0.102,0.078,0.251,0.76,0.855,0.935,0.968,False,False
36,AUS,Australia,2021,Very High,5,NOTAPPLICABLE,False,False,False,25956417,1296705194119.0,7.183,33.8,High income,9,14.966,13.99,46.82,61230.445,193.787,0.014,1.054,2.229,Oceania,Australia and New Zealand,Southern Hemisphere,-27.0,133.0,-0.976,0.935,0.48,0.513,0.153,0.117,4.755,0.318,0.34,0.102,0.078,0.244,0.765,0.871,0.935,0.968,False,False
40,AUT,Austria,2013,Very High,25,NOTAPPLICABLE,False,False,False,8481411,352182904722.0,7.369,30.8,High income,8,7.989,10.749,27.32,48441.508,137.063,0.002,0.192,0.001,Europe,Western Europe,Northern Hemisphere,47.3333,13.3333,2.76,1.345,0.922,0.686,0.27,0.152,5.099,0.638,0.474,0.187,0.105,0.165,0.564,0.887,0.758,0.726,False,False
40,AUT,Austria,2014,Very High,25,NOTAPPLICABLE,False,False,False,8547812,354511819035.0,7.284,30.5,High income,10,7.506,10.761,27.48,46197.699,135.54,0.002,0.181,-0.005,Europe,Western Europe,Northern Hemisphere,47.3333,13.3333,3.255,1.434,0.97,0.677,0.265,0.158,5.062,0.674,0.47,0.184,0.11,0.162,0.595,0.855,0.758,0.726,False,False
40,AUT,Austria,2015,Very High,25,NOTAPPLICABLE,False,False,False,8644037,358108266932.0,7.2,30.5,High income,10,7.677,10.082,26.4,45856.262,128.618,0.002,0.187,-0.08,Europe,Western Europe,Northern Hemisphere,47.3333,13.3333,2.405,1.313,0.938,0.714,0.273,0.157,5.004,0.652,0.496,0.19,0.109,0.167,0.576,0.855,0.726,0.694,False,False
40,AUT,Austria,2016,Very High,25,NOTAPPLICABLE,False,False,False,8737920,365232738553.0,7.119,30.8,High income,10,7.693,10.155,26.89,46881.992,136.689,0.002,0.19,-0.118,Europe,Western Europe,Northern Hemisphere,47.3333,13.3333,2.462,1.32,0.925,0.701,0.265,0.152,4.926,0.64,0.485,0.183,0.105,0.164,0.574,0.855,0.742,0.694,False,False
40,AUT,Austria,2017,Very High,25,NOTAPPLICABLE,False,False,False,8798779,373481694490.0,7.006,29.7,High income,10,7.91,10.071,25.62,47457.57,136.104,0.002,0.193,-0.078,Europe,Western Europe,Northern Hemisphere,47.3333,13.3333,2.161,1.273,0.886,0.696,0.273,0.148,4.925,0.623,0.489,0.192,0.104,0.167,0.54,0.855,0.742,0.677,False,False
40,AUT,Austria,2018,Very High,25,NOTAPPLICABLE,False,False,False,8841653,382540042762.0,7.139,30.8,High income,10,7.529,10.007,25.39,46190.699,132.866,0.002,0.181,-0.044,Europe,Western Europe,Northern Hemisphere,47.3333,13.3333,2.478,1.329,0.948,0.713,0.281,0.155,4.94,0.656,0.494,0.195,0.107,0.163,0.55,0.855,0.742,0.677,False,False
40,AUT,Austria,2019,Very High,25,NOTAPPLICABLE,False,False,False,8880876,388344674039.0,7.246,30.2,High income,8,7.651,9.753,24.62,48188.984,143.464,0.002,0.183,-0.078,Europe,Western Europe,Northern Hemisphere,47.3333,13.3333,2.102,1.275,0.947,0.743,0.294,0.15,5.058,0.661,0.519,0.205,0.105,0.159,0.511,0.887,0.742,0.661,False,False
40,AUT,Austria,2020,Very High,25,NOTAPPLICABLE,False,False,False,8921402,363281092036.0,7.294,29.8,High income,7,6.97,8.833,24.62,44852.156,144.513,0.003,0.177,-0.09,Europe,Western Europe,Northern Hemisphere,47.3333,13.3333,1.863,1.267,1.046,0.826,0.296,0.163,5.12,0.735,0.58,0.208,0.114,0.155,0.549,0.903,0.742,0.661,False,False
40,AUT,Austria,2021,Very High,25,NOTAPPLICABLE,False,False,False,8967053,379835198584.0,7.268,30.7,High income,8,7.333,9.535,24.62,45314.195,138.067,0.003,0.178,-0.058,Europe,Western Europe,Northern Hemisphere,47.3333,13.3333,2.202,1.3,0.991,0.762,0.295,0.16,5.037,0.687,0.528,0.205,0.111,0.162,0.543,0.887,0.726,0.661,False,False
56,BEL,Belgium,2013,Very High,13,NOTAPPLICABLE,False,False,False,11160277,425993254852.0,6.967,27.7,High income,16,9.213,18.527,30.08,62894.422,36.852,0.005,0.291,0.208,Europe,Western Europe,Northern Hemisphere,50.8333,4.0,9.314,2.011,0.756,0.376,0.232,0.111,5.037,0.547,0.272,0.167,0.08,0.146,0.478,0.758,0.952,0.806,False,False
56,BEL,Belgium,2014,Very High,13,NOTAPPLICABLE,False,False,False,11210113,432717694183.0,6.952,28.1,High income,16,8.66,18.472,30.04,58059.273,38.442,0.006,0.274,0.293,Europe,Western Europe,Northern Hemisphere,50.8333,4.0,9.812,2.133,0.803,0.376,0.231,0.12,4.998,0.577,0.271,0.166,0.086,0.149,0.517,0.758,0.952,0.774,False,False
56,BEL,Belgium,2015,Very High,13,NOTAPPLICABLE,False,False,False,11275332,441551470878.0,6.937,27.7,High income,16,8.987,17.884,29.32,58306.633,42.857,0.006,0.286,0.391,Europe,Western Europe,Northern Hemisphere,50.8333,4.0,8.897,1.99,0.772,0.388,0.237,0.119,5.015,0.558,0.28,0.171,0.086,0.154,0.503,0.758,0.952,0.774,False,False
56,BEL,Belgium,2016,Very High,13,NOTAPPLICABLE,False,False,False,11332707,447144517813.0,6.929,27.6,High income,14,8.808,18.298,29.39,62607.219,44.179,0.006,0.282,0.252,Europe,Western Europe,Northern Hemisphere,50.8333,4.0,9.49,2.077,0.787,0.379,0.236,0.111,5.017,0.57,0.274,0.171,0.08,0.141,0.469,0.79,0.952,0.742,False,False
56,BEL,Belgium,2017,Very High,13,NOTAPPLICABLE,False,False,False,11376583,454386396677.0,6.891,27.4,High income,14,8.727,17.846,34.02,62940.031,48.534,0.006,0.276,0.358,Europe,Western Europe,Northern Hemisphere,50.8333,4.0,9.119,2.045,0.79,0.386,0.203,0.109,5.003,0.573,0.28,0.147,0.079,0.139,0.541,0.79,0.968,0.823,False,False
56,BEL,Belgium,2018,Very High,13,NOTAPPLICABLE,False,False,False,11428608,462533269863.0,6.927,27.2,High income,13,8.772,18.542,34.48,62492.762,51.595,0.006,0.273,0.326,Europe,Western Europe,Northern Hemisphere,50.8333,4.0,9.77,2.114,0.79,0.374,0.201,0.111,5.043,0.575,0.272,0.146,0.081,0.14,0.552,0.806,0.968,0.855,False,False
56,BEL,Belgium,2019,Very High,13,NOTAPPLICABLE,False,False,False,11490623,472897988852.0,6.923,27.2,High income,15,8.685,17.795,33.45,64258.418,56.982,0.006,0.269,0.338,Europe,Western Europe,Northern Hemisphere,50.8333,4.0,9.11,2.049,0.797,0.389,0.207,0.108,5.04,0.58,0.283,0.151,0.078,0.135,0.521,0.774,0.968,0.806,False,False
56,BEL,Belgium,2020,Very High,13,NOTAPPLICABLE,False,False,False,11540102,447544069854.0,6.864,26.0,High income,17,7.908,15.8,33.45,57530.324,68.902,0.006,0.26,0.293,Europe,Western Europe,Northern Hemisphere,50.8333,4.0,7.892,1.998,0.868,0.434,0.205,0.119,5.079,0.642,0.321,0.152,0.088,0.137,0.581,0.742,0.968,0.806,False,False
56,BEL,Belgium,2021,Very High,13,NOTAPPLICABLE,False,False,False,11570843,474995824355.0,6.834,26.6,High income,17,8.204,17.442,33.45,63805.598,67.433,0.006,0.257,0.255,Europe,Western Europe,Northern Hemisphere,50.8333,4.0,9.238,2.126,0.833,0.392,0.204,0.107,5.016,0.611,0.288,0.15,0.079,0.129,0.524,0.742,0.968,0.806,False,False
50,BGD,Bangladesh,2013,Medium,129,SA,True,False,False,156532134,486135250102.0,4.804,32.4,Lower middle income,57,0.414,0.41,2.91,1958.554,2.491,0.002,0.184,0.064,Asia,Southern Asia,Northern Hemisphere,24.0,90.0,-0.004,0.99,11.604,11.717,1.651,2.453,3.248,7.845,7.922,1.116,1.658,0.211,1.486,0.097,0.016,0.032,False,False
50,BGD,Bangladesh,2014,Medium,129,SA,True,False,False,157964931,516793803718.0,4.749,32.4,Lower middle income,58,0.428,0.676,2.15,2016.64,2.185,0.002,0.19,0.067,Asia,Southern Asia,Northern Hemisphere,24.0,90.0,0.248,1.579,11.096,7.025,2.209,2.355,3.21,7.5,4.749,1.493,1.592,0.212,1.066,0.081,0.016,0.016,False,False
50,BGD,Bangladesh,2015,Medium,129,SA,True,False,False,159383179,552104723056.0,4.694,32.4,Lower middle income,56,0.483,0.482,2.54,2416.201,3.053,0.002,0.217,0.079,Asia,Southern Asia,Northern Hemisphere,24.0,90.0,-0.001,0.998,9.718,9.739,1.848,1.943,3.173,6.569,6.583,1.249,1.313,0.2,1.051,0.113,0.016,0.016,False,False
50,BGD,Bangladesh,2016,Medium,129,SA,True,False,False,160811934,589932630231.0,4.643,32.4,Lower middle income,57,0.508,0.787,2.33,2404.679,2.861,0.002,0.231,0.071,Asia,Southern Asia,Northern Hemisphere,24.0,90.0,0.279,1.549,9.14,5.9,1.993,1.931,3.139,6.179,3.989,1.347,1.305,0.211,0.969,0.097,0.016,0.016,False,False
50,BGD,Bangladesh,2017,Medium,129,SA,True,False,False,162186146,630957812405.0,4.608,32.4,Lower middle income,60,0.534,0.826,2.37,2484.585,3.451,0.002,0.241,0.072,Asia,Southern Asia,Northern Hemisphere,24.0,90.0,0.292,1.547,8.629,5.579,1.944,1.855,3.115,5.833,3.771,1.314,1.254,0.215,0.954,0.048,0.016,0.016,False,False
50,BGD,Bangladesh,2018,Medium,129,SA,True,False,False,163523109,678912369102.0,4.5,32.4,Lower middle income,59,0.53,0.852,2.84,2631.359,3.046,0.002,0.236,0.104,Asia,Southern Asia,Northern Hemisphere,24.0,90.0,0.322,1.608,8.491,5.282,1.585,1.71,3.042,5.74,3.57,1.071,1.156,0.201,1.079,0.065,0.016,0.016,False,False
50,BGD,Bangladesh,2019,Medium,129,SA,True,False,False,164913060,717214595514.0,4.456,32.4,Lower middle income,59,0.575,0.901,2.88,2926.16,3.085,0.002,0.256,0.098,Asia,Southern Asia,Northern Hemisphere,24.0,90.0,0.326,1.567,7.75,4.946,1.547,1.523,3.012,5.238,3.343,1.046,1.029,0.197,0.984,0.065,0.016,0.016,False,False
50,BGD,Bangladesh,2020,Medium,129,SA,True,False,False,166298024,754358367084.0,4.833,32.4,Lower middle income,57,0.576,0.894,2.88,2750.767,2.985,0.002,0.272,0.086,Asia,Southern Asia,Northern Hemisphere,24.0,90.0,0.318,1.552,8.391,5.406,1.678,1.757,3.267,5.672,3.654,1.134,1.188,0.209,1.047,0.097,0.016,0.016,False,False
50,BGD,Bangladesh,2021,Medium,129,SA,True,False,False,167658855,807308397444.0,5.025,32.4,Lower middle income,54,0.588,0.942,2.88,2937.336,3.301,0.002,0.267,0.079,Asia,Southern Asia,Northern Hemisphere,24.0,90.0,0.354,1.602,8.546,5.334,1.745,1.711,3.397,5.777,3.606,1.18,1.156,0.2,0.98,0.145,0.016,0.016,False,False
100,BGR,Bulgaria,2013,High,68,NOTAPPLICABLE,False,False,False,7264605,109643527181.0,3.981,36.6,Upper middle income,62,5.862,5.168,17.08,27270.346,19.013,0.002,0.121,-0.968,Europe,Eastern Europe,Northern Hemisphere,43.0,25.0,-0.694,0.882,0.679,0.77,0.233,0.146,2.524,0.431,0.488,0.148,0.093,0.215,0.626,0.016,0.29,0.452,False,False
100,BGR,Bulgaria,2014,High,68,NOTAPPLICABLE,False,False,False,7223450,110703533681.0,4.1,37.4,Upper middle income,62,6.253,5.473,17.58,29286.607,20.18,0.002,0.127,-0.676,Europe,Eastern Europe,Northern Hemisphere,43.0,25.0,-0.78,0.875,0.656,0.749,0.233,0.14,2.567,0.411,0.469,0.146,0.088,0.214,0.6,0.016,0.355,0.452,False,False
100,BGR,Bulgaria,2015,High,68,NOTAPPLICABLE,False,False,False,7177515,114498611934.0,4.218,38.6,Upper middle income,61,6.705,5.711,19.12,31303.371,23.999,0.002,0.136,-0.844,Europe,Eastern Europe,Northern Hemisphere,43.0,25.0,-0.994,0.852,0.629,0.739,0.221,0.135,2.59,0.386,0.454,0.135,0.083,0.214,0.611,0.032,0.355,0.532,False,False
100,BGR,Bulgaria,2016,High,68,NOTAPPLICABLE,False,False,False,7127436,117979077002.0,4.217,40.6,Upper middle income,62,6.362,5.679,19.56,29900.988,19.781,0.002,0.128,-0.85,Europe,Eastern Europe,Northern Hemisphere,43.0,25.0,-0.683,0.893,0.663,0.743,0.216,0.141,2.505,0.394,0.441,0.128,0.084,0.213,0.654,0.016,0.355,0.548,False,False
100,BGR,Bulgaria,2017,High,68,NOTAPPLICABLE,False,False,False,7075642,121237951710.0,4.714,40.4,Upper middle income,58,6.706,5.924,19.29,30834.584,17.469,0.002,0.132,-0.859,Europe,Eastern Europe,Northern Hemisphere,43.0,25.0,-0.782,0.883,0.703,0.796,0.244,0.153,2.81,0.419,0.474,0.146,0.091,0.217,0.626,0.081,0.355,0.516,False,False
100,BGR,Bulgaria,2018,High,68,NOTAPPLICABLE,False,False,False,7024745,124492855771.0,4.933,41.3,Upper middle income,56,6.193,5.851,14.69,31149.057,26.206,0.002,0.118,-0.812,Europe,Eastern Europe,Northern Hemisphere,43.0,25.0,-0.342,0.945,0.797,0.843,0.336,0.158,2.896,0.468,0.495,0.197,0.093,0.199,0.472,0.113,0.339,0.371,False,False
100,BGR,Bulgaria,2019,High,68,NOTAPPLICABLE,False,False,False,6975466,129520075495.0,5.011,40.3,Upper middle income,56,6.049,5.725,15.02,30327.924,21.759,0.002,0.114,-0.814,Europe,Eastern Europe,Northern Hemisphere,43.0,25.0,-0.324,0.946,0.828,0.875,0.334,0.165,2.992,0.495,0.523,0.199,0.099,0.199,0.495,0.113,0.339,0.371,False,False
100,BGR,Bulgaria,2020,High,68,NOTAPPLICABLE,False,False,False,6933656,124392792956.0,5.102,40.5,Upper middle income,55,5.274,5.232,15.02,28177.615,21.521,0.002,0.104,-0.903,Europe,Eastern Europe,Northern Hemisphere,43.0,25.0,-0.042,0.992,0.967,0.975,0.34,0.181,3.036,0.576,0.58,0.202,0.108,0.187,0.533,0.129,0.339,0.371,False,False
100,BGR,Bulgaria,2021,High,68,NOTAPPLICABLE,False,False,False,6877222,133889804025.0,5.266,39.0,Upper middle income,53,6.16,5.952,15.02,32263.266,29.074,0.002,0.115,-1.112,Europe,Eastern Europe,Northern Hemisphere,43.0,25.0,-0.208,0.966,0.855,0.885,0.351,0.163,3.212,0.521,0.54,0.214,0.1,0.191,0.466,0.161,0.371,0.371,False,False
112,BLR,Belarus,2013,Very High,60,ECA,False,False,False,9464454,177632980571.0,5.504,26.6,Upper middle income,41,6.778,7.341,7.55,31085.303,0.898,0.004,0.182,0.388,Europe,Eastern Europe,Northern Hemisphere,53.0,28.0,0.563,1.083,0.812,0.75,0.729,0.177,4.04,0.596,0.55,0.535,0.13,0.218,0.243,0.355,0.5,0.113,False,False
112,BLR,Belarus,2014,Very High,60,ECA,False,False,False,9472704,180627882895.0,5.658,27.2,Upper middle income,40,6.725,7.052,7.98,31127.623,0.871,0.004,0.18,0.271,Europe,Eastern Europe,Northern Hemisphere,53.0,28.0,0.327,1.049,0.841,0.802,0.709,0.182,4.119,0.612,0.584,0.516,0.132,0.216,0.256,0.371,0.516,0.129,False,False
112,BLR,Belarus,2015,Very High,60,ECA,False,False,False,9487289,173709821418.0,5.813,25.6,Upper middle income,37,6.201,6.662,6.53,28138.871,0.922,0.004,0.166,0.344,Europe,Eastern Europe,Northern Hemisphere,53.0,28.0,0.461,1.074,0.937,0.873,0.89,0.207,4.325,0.697,0.649,0.662,0.154,0.22,0.232,0.419,0.468,0.065,False,False
112,BLR,Belarus,2016,Very High,60,ECA,False,False,False,9499066,169304543676.0,5.802,25.3,Upper middle income,38,6.126,6.981,5.63,28718.361,1.105,0.004,0.164,0.404,Europe,Eastern Europe,Northern Hemisphere,53.0,28.0,0.855,1.14,0.947,0.831,1.031,0.202,4.334,0.707,0.621,0.77,0.151,0.213,0.196,0.403,0.468,0.065,False,False
112,BLR,Belarus,2017,Very High,60,ECA,False,False,False,9495793,173606575679.0,5.569,25.4,Upper middle income,44,6.26,7.246,6.18,29259.266,2.017,0.004,0.165,0.346,Europe,Eastern Europe,Northern Hemisphere,53.0,28.0,0.986,1.158,0.89,0.769,0.901,0.19,4.154,0.664,0.573,0.672,0.142,0.214,0.211,0.306,0.5,0.048,False,False
112,BLR,Belarus,2018,Very High,60,ECA,False,False,False,9480031,179054352755.0,5.483,25.2,Upper middle income,46,6.558,7.732,6.75,32402.701,1.83,0.004,0.169,0.216,Europe,Eastern Europe,Northern Hemisphere,53.0,28.0,1.174,1.179,0.836,0.709,0.812,0.169,4.101,0.625,0.53,0.608,0.127,0.202,0.208,0.266,0.532,0.081,False,False
112,BLR,Belarus,2019,Very High,60,ECA,False,False,False,9435415,181643469714.0,5.323,25.3,Upper middle income,50,6.589,7.654,5.59,32726.744,2.231,0.004,0.168,0.021,Europe,Eastern Europe,Northern Hemisphere,53.0,28.0,1.065,1.162,0.808,0.695,0.952,0.163,3.976,0.603,0.519,0.711,0.121,0.201,0.171,0.21,0.548,0.065,False,False
112,BLR,Belarus,2020,Very High,60,ECA,False,False,False,9350943,180420997693.0,5.54,24.4,Upper middle income,47,6.323,7.107,5.59,30643.369,2.702,0.004,0.168,-0.108,Europe,Eastern Europe,Northern Hemisphere,53.0,28.0,0.784,1.124,0.876,0.78,0.991,0.181,4.188,0.662,0.589,0.749,0.137,0.206,0.182,0.258,0.565,0.065,False,False
112,BLR,Belarus,2021,Very High,60,ECA,False,False,False,9251368,184521985376.0,5.534,24.4,Upper middle income,47,6.579,7.599,5.59,33803.074,3.455,0.004,0.165,-0.184,Europe,Eastern Europe,Northern Hemisphere,53.0,28.0,1.02,1.155,0.841,0.728,0.99,0.164,4.184,0.636,0.551,0.748,0.124,0.195,0.165,0.258,0.548,0.065,False,False
76,BRA,Brazil,2013,High,87,LAC,False,False,False,198478290,3116394665745.0,6.849,52.7,Upper middle income,18,2.678,3.002,20.78,17638.982,1317.562,0.052,1.507,6.43,America,Latin America and the Caribbean,Southern Hemisphere,-10.0,-55.0,0.324,1.121,2.558,2.281,0.33,0.388,3.24,1.21,1.079,0.156,0.184,0.152,1.178,0.726,0.194,0.581,False,False
76,BRA,Brazil,2014,High,87,LAC,False,False,False,200085126,3132099937531.0,6.916,52.1,Upper middle income,17,2.781,3.065,19.96,17870.57,1317.889,0.053,1.569,6.587,America,Latin America and the Caribbean,Southern Hemisphere,-10.0,-55.0,0.284,1.102,2.487,2.256,0.346,0.387,3.313,1.191,1.081,0.166,0.185,0.156,1.117,0.742,0.194,0.532,False,False
76,BRA,Brazil,2015,High,87,LAC,False,False,False,201675534,3021043246476.0,6.983,51.9,Upper middle income,13,2.619,2.758,19.04,17530.328,1343.086,0.054,1.492,6.665,America,Latin America and the Caribbean,Southern Hemisphere,-10.0,-55.0,0.139,1.053,2.666,2.532,0.367,0.398,3.359,1.283,1.218,0.176,0.192,0.149,1.086,0.806,0.177,0.516,True,False
76,BRA,Brazil,2016,High,87,LAC,False,False,False,203218108,2922076150345.0,6.952,53.4,Upper middle income,13,2.42,2.416,18.57,16983.99,1403.47,0.054,1.389,6.202,America,Latin America and the Caribbean,Southern Hemisphere,-10.0,-55.0,-0.004,0.998,2.873,2.877,0.374,0.409,3.24,1.339,1.341,0.174,0.191,0.142,1.093,0.806,0.161,0.5,True,True
76,BRA,Brazil,2017,High,87,LAC,False,False,False,204703440,2960731613785.0,6.635,53.3,Upper middle income,19,2.429,2.475,18.89,16988.619,1406.64,0.055,1.382,5.482,America,Latin America and the Caribbean,Southern Hemisphere,-10.0,-55.0,0.046,1.019,2.732,2.681,0.351,0.391,3.099,1.276,1.252,0.164,0.182,0.143,1.112,0.71,0.161,0.5,False,False
76,BRA,Brazil,2018,High,87,LAC,False,False,False,206107265,3013541086239.0,6.419,53.9,Upper middle income,22,2.312,2.35,18.28,16915.357,1505.676,0.056,1.297,5.638,America,Latin America and the Caribbean,Southern Hemisphere,-10.0,-55.0,0.038,1.016,2.776,2.731,0.351,0.379,2.959,1.28,1.259,0.162,0.175,0.137,1.081,0.661,0.161,0.532,False,False
76,BRA,Brazil,2019,High,87,LAC,False,False,False,207455459,3050327159562.0,6.3,53.5,Upper middle income,24,2.298,2.343,18.87,17194.145,1576.005,0.057,1.285,5.966,America,Latin America and the Caribbean,Southern Hemisphere,-10.0,-55.0,0.045,1.02,2.742,2.689,0.334,0.366,2.929,1.275,1.25,0.155,0.17,0.134,1.097,0.629,0.145,0.548,False,False
76,BRA,Brazil,2020,High,87,LAC,False,False,False,208660845,2950377451264.0,6.376,48.8,Upper middle income,23,2.147,2.095,18.87,16401.875,1575.936,0.058,1.274,6.562,America,Latin America and the Caribbean,Southern Hemisphere,-10.0,-55.0,-0.052,0.976,2.97,3.043,0.338,0.389,3.265,1.521,1.558,0.173,0.199,0.131,1.15,0.645,0.129,0.548,False,False
76,BRA,Brazil,2021,High,87,LAC,False,False,False,209550291,3097565215045.0,6.33,52.9,Upper middle income,24,2.37,2.259,18.87,17089.926,1531.76,0.059,1.347,7.404,America,Latin America and the Caribbean,Southern Hemisphere,-10.0,-55.0,-0.111,0.953,2.671,2.802,0.335,0.37,2.981,1.258,1.32,0.158,0.174,0.139,1.104,0.629,0.129,0.548,False,False
124,CAN,Canada,2013,Very High,15,NOTAPPLICABLE,False,False,False,35293421,1514296485427.0,7.477,33.8,High income,6,16.11,17.468,35.0,113458.836,1090.315,0.028,1.612,3.915,America,Northern America,Northern Hemisphere,60.0,-95.0,1.358,1.084,0.464,0.428,0.214,0.066,4.95,0.307,0.283,0.141,0.044,0.142,0.308,0.919,0.903,0.839,False,False
124,CAN,Canada,2014,Very High,15,NOTAPPLICABLE,False,False,False,35634265,1557757464897.0,7.452,33.2,High income,4,15.854,16.812,33.82,112508.438,1064.06,0.028,1.593,4.357,America,Northern America,Northern Hemisphere,60.0,-95.0,0.958,1.06,0.47,0.443,0.22,0.066,4.978,0.314,0.296,0.147,0.044,0.141,0.301,0.952,0.903,0.839,False,False
124,CAN,Canada,2015,Very High,15,NOTAPPLICABLE,False,False,False,35962236,1568025782105.0,7.427,33.7,High income,4,15.655,15.939,34.42,111824.336,1095.191,0.028,1.59,4.532,America,Northern America,Northern Hemisphere,60.0,-95.0,0.284,1.018,0.474,0.466,0.216,0.066,4.924,0.315,0.309,0.143,0.044,0.14,0.308,0.952,0.887,0.855,False,False
124,CAN,Canada,2016,Very High,15,NOTAPPLICABLE,False,False,False,36353345,1583727974022.0,7.404,32.7,High income,5,15.231,15.04,35.46,109289.445,1109.252,0.029,1.564,3.842,America,Northern America,Northern Hemisphere,60.0,-95.0,-0.191,0.987,0.486,0.492,0.209,0.068,4.983,0.327,0.331,0.141,0.046,0.139,0.324,0.935,0.887,0.839,False,False
124,CAN,Canada,2017,Very High,15,NOTAPPLICABLE,False,False,False,36808498,1631871440185.0,7.316,33.3,High income,6,15.395,15.067,36.48,109394.164,1132.01,0.029,1.575,4.434,America,Northern America,Northern Hemisphere,60.0,-95.0,-0.328,0.979,0.475,0.486,0.201,0.067,4.88,0.317,0.324,0.134,0.045,0.141,0.333,0.919,0.903,0.855,False,False
124,CAN,Canada,2018,Very High,15,NOTAPPLICABLE,False,False,False,37294996,1677189073139.0,7.328,32.5,High income,6,15.42,14.925,35.84,109464.797,1109.259,0.029,1.566,3.786,America,Northern America,Northern Hemisphere,60.0,-95.0,-0.495,0.968,0.475,0.491,0.204,0.067,4.946,0.321,0.331,0.138,0.045,0.141,0.327,0.919,0.903,0.871,False,False
124,CAN,Canada,2019,Very High,15,NOTAPPLICABLE,False,False,False,37782934,1708858221312.0,7.278,31.8,High income,7,15.325,14.534,35.05,107455.625,1092.604,0.029,1.561,3.175,America,Northern America,Northern Hemisphere,60.0,-95.0,-0.791,0.948,0.475,0.501,0.208,0.068,4.964,0.324,0.342,0.142,0.046,0.143,0.326,0.903,0.919,0.855,False,False
124,CAN,Canada,2020,Very High,15,NOTAPPLICABLE,False,False,False,38171903,1622144486274.0,7.232,29.9,High income,9,13.733,13.175,35.05,100465.109,1108.259,0.03,1.491,3.199,America,Northern America,Northern Hemisphere,60.0,-95.0,-0.558,0.959,0.527,0.549,0.206,0.072,5.07,0.369,0.385,0.145,0.05,0.137,0.349,0.871,0.919,0.855,False,False
124,CAN,Canada,2021,Very High,15,NOTAPPLICABLE,False,False,False,38454058,1703443269914.0,7.103,31.1,High income,12,13.977,13.625,35.05,100431.008,1103.852,0.03,1.458,3.517,America,Northern America,Northern Hemisphere,60.0,-95.0,-0.352,0.975,0.508,0.521,0.203,0.071,4.894,0.35,0.359,0.14,0.049,0.139,0.349,0.823,0.887,0.855,False,False
756,CHE,Switzerland,2013,Very High,1,NOTAPPLICABLE,False,False,False,8091199,481081829913.0,7.65,32.5,High income,3,5.337,18.925,38.28,44387.238,105.032,0.001,0.122,0.007,Europe,Western Europe,Northern Hemisphere,47.0,8.0,13.588,3.546,1.433,0.404,0.2,0.172,5.164,0.968,0.273,0.135,0.116,0.12,0.862,0.968,0.968,0.887,False,False
756,CHE,Switzerland,2014,Very High,1,NOTAPPLICABLE,False,False,False,8190238,492386642888.0,7.618,32.5,High income,1,4.792,19.537,36.18,42054.887,104.666,0.001,0.111,-0.014,Europe,Western Europe,Northern Hemisphere,47.0,8.0,14.745,4.077,1.59,0.39,0.211,0.181,5.142,1.073,0.263,0.142,0.122,0.114,0.86,1.0,0.968,0.855,False,False
756,CHE,Switzerland,2015,Very High,1,NOTAPPLICABLE,False,False,False,8283940,500484653705.0,7.587,32.3,High income,1,4.678,19.273,33.83,40599.23,105.561,0.001,0.109,-0.012,Europe,Western Europe,Northern Hemisphere,47.0,8.0,14.595,4.12,1.622,0.394,0.224,0.187,5.136,1.098,0.266,0.152,0.127,0.115,0.833,1.0,0.968,0.839,False,False
756,CHE,Switzerland,2016,Very High,1,NOTAPPLICABLE,False,False,False,8374903,510838097521.0,7.509,33.0,High income,2,4.684,20.395,35.31,37761.055,96.95,0.001,0.111,-0.025,Europe,Western Europe,Northern Hemisphere,47.0,8.0,15.711,4.354,1.603,0.368,0.213,0.199,5.031,1.074,0.247,0.142,0.133,0.124,0.935,0.984,0.968,0.823,False,False
756,CHE,Switzerland,2017,Very High,1,NOTAPPLICABLE,False,False,False,8453630,517799793781.0,7.494,32.7,High income,3,4.523,16.002,32.82,37498.082,97.0,0.001,0.106,0.007,Europe,Western Europe,Northern Hemisphere,47.0,8.0,11.479,3.538,1.657,0.468,0.228,0.2,5.043,1.115,0.315,0.154,0.134,0.121,0.875,0.968,0.919,0.806,False,False
756,CHE,Switzerland,2018,Very High,1,NOTAPPLICABLE,False,False,False,8516341,532611137213.0,7.487,33.1,High income,4,4.338,14.932,30.44,37746.012,98.792,0.001,0.101,-0.004,Europe,Western Europe,Northern Hemisphere,47.0,8.0,10.594,3.442,1.726,0.501,0.246,0.198,5.009,1.155,0.335,0.165,0.133,0.115,0.806,0.952,0.919,0.758,False,False
756,CHE,Switzerland,2019,Very High,1,NOTAPPLICABLE,False,False,False,8577525,538693495449.0,7.48,34.0,High income,5,4.293,14.457,31.14,39166.934,106.805,0.001,0.099,-0.025,Europe,Western Europe,Northern Hemisphere,47.0,8.0,10.164,3.368,1.742,0.517,0.24,0.191,4.937,1.15,0.341,0.159,0.126,0.11,0.795,0.935,0.903,0.774,False,False
756,CHE,Switzerland,2020,Very High,1,NOTAPPLICABLE,False,False,False,8640582,525896489462.0,7.56,33.7,High income,3,3.975,12.708,31.14,35831.172,107.5,0.001,0.098,-0.035,Europe,Western Europe,Northern Hemisphere,47.0,8.0,8.733,3.197,1.902,0.595,0.243,0.211,5.012,1.261,0.394,0.161,0.14,0.111,0.869,0.968,0.887,0.774,False,False
756,CHE,Switzerland,2021,Very High,1,NOTAPPLICABLE,False,False,False,8707019,548098275898.0,7.571,33.8,High income,3,4.123,13.873,31.14,33316.562,105.486,0.001,0.097,-0.017,Europe,Western Europe,Northern Hemisphere,47.0,8.0,9.75,3.365,1.836,0.546,0.243,0.227,5.012,1.216,0.361,0.161,0.15,0.124,0.935,0.968,0.919,0.774,False,False
152,CHL,Chile,2013,Very High,42,LAC,False,False,False,17687006,371454072393.0,6.587,46.8,High income,22,4.621,5.239,11.66,23393.406,73.875,0.003,0.232,2.053,America,Latin America and the Caribbean,Southern Hemisphere,-30.0,-71.0,0.618,1.134,1.425,1.257,0.565,0.282,3.504,0.758,0.669,0.301,0.15,0.198,0.498,0.661,0.306,0.274,False,False
152,CHL,Chile,2014,Very High,42,LAC,False,False,False,17864192,378114271615.0,6.628,46.05,High income,22,4.343,4.786,10.68,22924.852,79.071,0.003,0.219,2.103,America,Latin America and the Caribbean,Southern Hemisphere,-30.0,-71.0,0.443,1.102,1.526,1.385,0.621,0.289,3.576,0.823,0.747,0.335,0.156,0.189,0.466,0.661,0.29,0.274,False,False
152,CHL,Chile,2015,Very High,42,LAC,False,False,False,18047630,386251266445.0,6.67,45.3,High income,20,4.531,4.885,11.41,22952.033,85.992,0.003,0.231,1.953,America,Latin America and the Caribbean,Southern Hemisphere,-30.0,-71.0,0.354,1.078,1.472,1.365,0.585,0.291,3.648,0.805,0.747,0.32,0.159,0.197,0.497,0.694,0.29,0.306,False,False
152,CHL,Chile,2016,Very High,42,LAC,False,False,False,18267225,393022253885.0,6.705,45.3,High income,19,4.612,4.863,12.57,23753.109,83.049,0.003,0.238,1.977,America,Latin America and the Caribbean,Southern Hemisphere,-30.0,-71.0,0.251,1.054,1.454,1.379,0.533,0.282,3.668,0.795,0.754,0.292,0.154,0.194,0.529,0.71,0.29,0.306,False,False
152,CHL,Chile,2017,Very High,42,LAC,False,False,False,18558868,398359518680.0,6.652,45.3,High income,17,4.533,4.785,12.65,24265.859,95.397,0.003,0.234,1.757,America,Latin America and the Caribbean,Southern Hemisphere,-30.0,-71.0,0.252,1.056,1.467,1.39,0.526,0.274,3.639,0.803,0.761,0.288,0.15,0.187,0.521,0.742,0.29,0.306,False,False
152,CHL,Chile,2018,Very High,42,LAC,False,False,False,18893185,414254051745.0,6.476,45.867,High income,21,4.469,4.91,13.32,24785.533,108.401,0.003,0.23,1.562,America,Latin America and the Caribbean,Southern Hemisphere,-30.0,-71.0,0.441,1.099,1.449,1.319,0.486,0.261,3.506,0.785,0.714,0.263,0.141,0.18,0.537,0.677,0.29,0.339,False,False
152,CHL,Chile,2019,Very High,42,LAC,False,False,False,19197748,417331966568.0,6.444,46.433,High income,21,4.791,5.103,13.5,24689.287,105.567,0.003,0.248,1.415,America,Latin America and the Caribbean,Southern Hemisphere,-30.0,-71.0,0.312,1.065,1.345,1.263,0.477,0.261,3.452,0.721,0.676,0.256,0.14,0.194,0.547,0.677,0.306,0.355,False,False
152,CHL,Chile,2020,Very High,42,LAC,False,False,False,19370621,391686945225.0,6.228,47.0,High income,27,4.139,4.291,13.5,22842.719,108.616,0.003,0.228,1.76,America,Latin America and the Caribbean,Southern Hemisphere,-30.0,-71.0,0.152,1.037,1.505,1.451,0.461,0.273,3.301,0.798,0.769,0.245,0.145,0.181,0.591,0.581,0.274,0.355,False,False
152,CHL,Chile,2021,Very High,42,LAC,False,False,False,19456323,437659188270.0,6.172,47.0,High income,30,4.298,4.682,13.5,24509.102,110.322,0.003,0.227,1.169,America,Latin America and the Caribbean,Southern Hemisphere,-30.0,-71.0,0.384,1.089,1.436,1.318,0.457,0.252,3.271,0.761,0.699,0.242,0.133,0.175,0.551,0.532,0.29,0.355,False,False
156,CHN,China,2013,High,79,EAP,False,False,False,1379008040,15925464549520.0,4.978,39.7,Upper middle income,54,7.21,6.256,21.37,24548.49,2852.832,0.102,28.185,0.017,Asia,Eastern Asia,Northern Hemisphere,35.0,105.0,-0.954,0.868,0.69,0.796,0.233,0.203,3.002,0.416,0.48,0.14,0.122,0.294,0.871,0.145,0.403,0.629,False,False
156,CHN,China,2014,High,79,EAP,False,False,False,1387951970,17103948867278.0,5.059,39.2,Upper middle income,52,7.188,6.283,21.77,25021.807,3344.307,0.107,28.129,-0.096,Asia,Eastern Asia,Northern Hemisphere,35.0,105.0,-0.905,0.874,0.704,0.805,0.232,0.202,3.076,0.428,0.49,0.141,0.123,0.287,0.87,0.177,0.419,0.629,False,False
156,CHN,China,2015,High,79,EAP,False,False,False,1396134171,18301224436466.0,5.14,38.6,Upper middle income,48,7.061,6.296,21.29,25166.627,3587.629,0.111,27.845,-0.02,Asia,Eastern Asia,Northern Hemisphere,35.0,105.0,-0.765,0.892,0.728,0.816,0.241,0.204,3.156,0.447,0.501,0.148,0.125,0.281,0.846,0.242,0.419,0.597,False,False
156,CHN,China,2016,High,79,EAP,False,False,False,1404052628,19545709173693.0,5.245,38.5,Upper middle income,49,6.943,6.176,21.73,25125.633,3891.976,0.116,27.543,-0.103,Asia,Eastern Asia,Northern Hemisphere,35.0,105.0,-0.767,0.89,0.755,0.849,0.241,0.209,3.226,0.465,0.522,0.148,0.128,0.276,0.865,0.226,0.387,0.629,False,False
156,CHN,China,2017,High,79,EAP,False,False,False,1412354730,20894362082435.0,5.273,39.1,Upper middle income,49,7.08,6.342,21.51,25949.135,4243.345,0.12,27.797,-0.131,Asia,Eastern Asia,Northern Hemisphere,35.0,105.0,-0.738,0.896,0.745,0.831,0.245,0.203,3.211,0.454,0.506,0.149,0.124,0.273,0.829,0.226,0.403,0.597,False,False
156,CHN,China,2018,High,79,EAP,False,False,False,1419008954,22294284747546.0,5.246,38.5,Upper middle income,53,7.292,6.655,21.34,27068.061,4659.087,0.125,28.167,-0.125,Asia,Eastern Asia,Northern Hemisphere,35.0,105.0,-0.637,0.913,0.719,0.788,0.246,0.194,3.226,0.442,0.485,0.151,0.119,0.269,0.788,0.161,0.419,0.613,False,False
156,CHN,China,2019,High,79,EAP,False,False,False,1423520357,23631941251482.0,5.191,38.2,Upper middle income,54,7.526,6.861,21.96,28231.928,5096.059,0.129,28.888,-0.163,Asia,Eastern Asia,Northern Hemisphere,35.0,105.0,-0.665,0.912,0.69,0.757,0.236,0.184,3.208,0.426,0.468,0.146,0.114,0.267,0.778,0.145,0.452,0.629,False,False
156,CHN,China,2020,High,79,EAP,False,False,False,1426106093,24151843898871.0,5.124,37.1,Upper middle income,54,7.641,6.871,21.96,29095.936,5511.566,0.134,30.993,-0.185,Asia,Eastern Asia,Northern Hemisphere,35.0,105.0,-0.77,0.899,0.671,0.746,0.233,0.176,3.223,0.422,0.469,0.147,0.111,0.263,0.755,0.145,0.516,0.629,False,False
156,CHN,China,2021,High,79,EAP,False,False,False,1426437269,26180600167672.0,5.339,35.7,Upper middle income,52,7.911,7.072,21.96,30738.947,6170.007,0.139,30.609,-0.202,Asia,Eastern Asia,Northern Hemisphere,35.0,105.0,-0.839,0.894,0.675,0.755,0.243,0.174,3.433,0.434,0.485,0.156,0.112,0.257,0.714,0.177,0.484,0.629,False,False
170,COL,Colombia,2013,High,88,LAC,False,False,False,46151583,569534665242.0,6.416,53.5,Upper middle income,25,1.873,2.262,9.84,10509.707,125.422,0.01,0.245,2.9,America,Latin America and the Caribbean,Northern Hemisphere,4.0,-72.0,0.389,1.208,3.426,2.836,0.652,0.61,2.983,1.593,1.319,0.303,0.284,0.178,0.936,0.613,0.145,0.177,False,False
170,COL,Colombia,2014,High,88,LAC,False,False,False,46565426,595158021031.0,6.446,53.6,Upper middle income,24,1.977,2.43,10.2,10964.914,127.322,0.01,0.26,2.028,America,Latin America and the Caribbean,Northern Hemisphere,4.0,-72.0,0.453,1.229,3.26,2.653,0.632,0.588,2.991,1.513,1.231,0.293,0.273,0.18,0.93,0.629,0.145,0.242,False,False
170,COL,Colombia,2015,High,88,LAC,False,False,False,46969938,612750891790.0,6.477,52.0,Upper middle income,25,1.938,2.303,9.69,10738.822,126.972,0.01,0.257,1.713,America,Latin America and the Caribbean,Northern Hemisphere,4.0,-72.0,0.365,1.188,3.342,2.812,0.668,0.603,3.109,1.604,1.35,0.321,0.29,0.18,0.902,0.613,0.145,0.226,False,False
170,COL,Colombia,2016,High,88,LAC,False,False,False,47437513,625545111723.0,6.481,51.7,Upper middle income,23,1.931,2.271,9.37,11569.512,131.799,0.01,0.259,0.971,America,Latin America and the Caribbean,Northern Hemisphere,4.0,-72.0,0.34,1.176,3.356,2.854,0.692,0.56,3.13,1.621,1.378,0.334,0.271,0.167,0.81,0.645,0.145,0.226,False,False
170,COL,Colombia,2017,High,88,LAC,False,False,False,48131076,634046295892.0,6.357,50.9,Upper middle income,27,1.734,2.06,9.0,11535.692,157.133,0.01,0.232,3.038,America,Latin America and the Caribbean,Northern Hemisphere,4.0,-72.0,0.326,1.188,3.666,3.086,0.706,0.551,3.121,1.8,1.515,0.347,0.271,0.15,0.78,0.581,0.113,0.194,False,False
170,COL,Colombia,2018,High,88,LAC,False,False,False,49024463,650303209362.0,6.26,51.6,Upper middle income,27,1.852,2.169,8.81,11652.967,156.891,0.01,0.247,2.331,America,Latin America and the Caribbean,Northern Hemisphere,4.0,-72.0,0.317,1.171,3.38,2.886,0.711,0.537,3.03,1.636,1.397,0.344,0.26,0.159,0.756,0.581,0.113,0.194,False,False
170,COL,Colombia,2019,High,88,LAC,False,False,False,49907987,671028388046.0,6.125,52.5,Upper middle income,29,1.983,2.253,9.09,11495.876,151.111,0.011,0.267,1.308,America,Latin America and the Caribbean,Northern Hemisphere,4.0,-72.0,0.27,1.136,3.089,2.719,0.674,0.533,2.909,1.467,1.291,0.32,0.253,0.172,0.791,0.548,0.113,0.194,False,False
170,COL,Colombia,2020,High,88,LAC,False,False,False,50629997,622365414246.0,6.163,54.4,Upper middle income,30,1.823,2.084,9.09,10227.39,138.213,0.011,0.263,0.632,America,Latin America and the Caribbean,Northern Hemisphere,4.0,-72.0,0.261,1.143,3.381,2.957,0.678,0.603,2.81,1.541,1.348,0.309,0.275,0.178,0.889,0.532,0.113,0.194,False,False
170,COL,Colombia,2021,High,88,LAC,False,False,False,51188174,690925195330.0,6.012,55.1,Upper middle income,35,2.027,2.285,9.09,11053.629,165.042,0.011,0.281,0.228,America,Latin America and the Caribbean,Northern Hemisphere,4.0,-72.0,0.258,1.127,2.966,2.631,0.661,0.544,2.699,1.332,1.181,0.297,0.244,0.183,0.822,0.452,0.161,0.194,False,False
196,CYP,Cyprus,2013,Very High,29,NOTAPPLICABLE,False,False,False,1183899,24918237857.0,6.466,37.0,High income,24,5.556,6.44,31.5,23885.867,1.039,0.0,0.019,-1.604,Asia,Western Asia,Northern Hemisphere,35.0,33.0,0.884,1.159,1.164,1.004,0.205,0.271,4.074,0.733,0.633,0.129,0.171,0.233,1.319,0.629,0.435,0.823,False,False
196,CYP,Cyprus,2014,Very High,29,NOTAPPLICABLE,False,False,False,1201806,24475580582.0,6.078,35.6,High income,29,5.766,7.003,32.15,23543.232,0.952,0.0,0.02,0.53,Asia,Western Asia,Northern Hemisphere,35.0,33.0,1.237,1.215,1.054,0.868,0.189,0.258,3.914,0.679,0.559,0.122,0.166,0.245,1.366,0.548,0.5,0.806,False,False
196,CYP,Cyprus,2015,Very High,29,NOTAPPLICABLE,False,False,False,1219504,25312505108.0,5.689,34.0,High income,42,5.701,6.655,32.32,23931.43,1.155,0.0,0.02,-1.09,Asia,Western Asia,Northern Hemisphere,35.0,33.0,0.954,1.167,0.998,0.855,0.176,0.238,3.755,0.659,0.564,0.116,0.157,0.238,1.351,0.339,0.452,0.823,False,False
196,CYP,Cyprus,2016,Very High,29,NOTAPPLICABLE,False,False,False,1237114,26976335005.0,5.546,32.9,High income,42,5.941,7.166,37.77,25654.014,1.202,0.0,0.021,0.085,Asia,Western Asia,Northern Hemisphere,35.0,33.0,1.225,1.206,0.934,0.774,0.147,0.216,3.721,0.626,0.519,0.099,0.145,0.232,1.472,0.339,0.532,0.855,False,False
196,CYP,Cyprus,2017,Very High,29,NOTAPPLICABLE,False,False,False,1254274,28523085691.0,5.621,31.4,High income,42,5.955,7.667,39.0,25987.689,1.22,0.0,0.021,0.493,Asia,Western Asia,Northern Hemisphere,35.0,33.0,1.712,1.287,0.944,0.733,0.144,0.216,3.856,0.648,0.503,0.099,0.148,0.229,1.501,0.339,0.581,0.903,False,False
196,CYP,Cyprus,2018,Very High,29,NOTAPPLICABLE,False,False,False,1270743,30134014224.0,5.762,32.7,High income,41,5.764,7.428,33.71,25545.797,1.29,0.0,0.02,-0.621,Asia,Western Asia,Northern Hemisphere,35.0,33.0,1.664,1.289,1.0,0.776,0.171,0.226,3.878,0.673,0.522,0.115,0.152,0.226,1.32,0.355,0.484,0.839,False,False
196,CYP,Cyprus,2019,Very High,29,NOTAPPLICABLE,False,False,False,1286669,31800247242.0,6.046,31.2,High income,33,5.693,7.193,36.58,25253.969,1.437,0.0,0.02,-0.624,Asia,Western Asia,Northern Hemisphere,35.0,33.0,1.5,1.263,1.062,0.841,0.165,0.239,4.16,0.731,0.578,0.114,0.165,0.225,1.448,0.484,0.516,0.871,False,False
196,CYP,Cyprus,2020,Very High,29,NOTAPPLICABLE,False,False,False,1302250,30409793367.0,6.159,31.7,High income,31,5.301,6.301,36.58,21717.27,1.801,0.0,0.02,-0.419,Asia,Western Asia,Northern Hemisphere,35.0,33.0,1.0,1.189,1.162,0.977,0.168,0.284,4.207,0.794,0.668,0.115,0.194,0.244,1.684,0.516,0.452,0.871,False,False
196,CYP,Cyprus,2021,Very High,29,NOTAPPLICABLE,False,False,False,1317311,32428676744.0,6.223,31.3,High income,28,5.276,6.534,36.58,22653.711,2.196,0.0,0.019,-0.619,Asia,Western Asia,Northern Hemisphere,35.0,33.0,1.258,1.238,1.179,0.952,0.17,0.275,4.275,0.81,0.654,0.117,0.189,0.233,1.615,0.565,0.419,0.871,False,False
203,CZE,Czechia,2013,Very High,32,NOTAPPLICABLE,False,False,False,10511164,276764861619.0,6.29,26.5,High income,28,10.152,10.478,20.51,46638.129,29.329,0.005,0.303,-0.718,Europe,Eastern Europe,Northern Hemisphere,49.75,15.5,0.326,1.032,0.62,0.6,0.307,0.135,4.623,0.455,0.441,0.225,0.099,0.218,0.44,0.565,0.71,0.565,False,False
203,CZE,Czechia,2014,Very High,32,NOTAPPLICABLE,False,False,False,10517223,283025537919.0,6.398,25.9,High income,26,9.911,10.008,21.13,45633.422,29.737,0.005,0.294,-0.582,Europe,Eastern Europe,Northern Hemisphere,49.75,15.5,0.097,1.01,0.646,0.639,0.303,0.14,4.741,0.478,0.474,0.224,0.104,0.217,0.463,0.597,0.726,0.597,False,False
203,CZE,Czechia,2015,Very High,32,NOTAPPLICABLE,False,False,False,10524418,298276052489.0,6.505,25.9,High income,24,9.976,10.216,21.43,44726.094,30.153,0.005,0.297,-0.445,Europe,Eastern Europe,Northern Hemisphere,49.75,15.5,0.24,1.024,0.652,0.637,0.304,0.145,4.82,0.483,0.472,0.225,0.108,0.223,0.479,0.629,0.742,0.613,False,False
203,CZE,Czechia,2016,Very High,32,NOTAPPLICABLE,False,False,False,10531946,305844147713.0,6.596,25.4,High income,21,10.125,10.247,21.4,44091.977,30.033,0.005,0.301,-0.328,Europe,Eastern Europe,Northern Hemisphere,49.75,15.5,0.122,1.012,0.651,0.644,0.308,0.15,4.921,0.486,0.48,0.23,0.112,0.23,0.485,0.677,0.758,0.597,False,False
203,CZE,Czechia,2017,Very High,32,NOTAPPLICABLE,False,False,False,10541343,321652381589.0,6.609,24.9,High income,20,10.22,10.572,22.09,46538.844,30.803,0.005,0.299,-0.485,Europe,Eastern Europe,Northern Hemisphere,49.75,15.5,0.352,1.034,0.647,0.625,0.299,0.142,4.963,0.486,0.469,0.225,0.107,0.22,0.475,0.694,0.79,0.629,False,False
203,CZE,Czechia,2018,Very High,32,NOTAPPLICABLE,False,False,False,10548934,332009886797.0,6.711,25.0,High income,18,10.079,10.931,21.41,46357.695,30.056,0.005,0.289,-0.537,Europe,Eastern Europe,Northern Hemisphere,49.75,15.5,0.852,1.085,0.666,0.614,0.313,0.145,5.033,0.499,0.46,0.235,0.109,0.217,0.462,0.726,0.806,0.629,False,False
203,CZE,Czechia,2019,Very High,32,NOTAPPLICABLE,False,False,False,10554872,342069373423.0,6.852,25.3,High income,17,9.569,10.508,21.3,45278.137,32.041,0.005,0.272,-0.539,Europe,Eastern Europe,Northern Hemisphere,49.75,15.5,0.939,1.098,0.716,0.652,0.322,0.151,5.118,0.535,0.487,0.24,0.113,0.211,0.47,0.742,0.823,0.613,False,False
203,CZE,Czechia,2020,Very High,32,NOTAPPLICABLE,False,False,False,10550129,323245433506.0,6.911,26.2,High income,16,8.688,9.648,21.3,41949.023,33.161,0.005,0.261,-0.533,Europe,Eastern Europe,Northern Hemisphere,49.75,15.5,0.96,1.11,0.795,0.716,0.324,0.165,5.1,0.587,0.529,0.239,0.122,0.207,0.508,0.758,0.823,0.613,False,False
203,CZE,Czechia,2021,Very High,32,NOTAPPLICABLE,False,False,False,10530683,334729441747.0,6.965,26.2,High income,15,9.176,10.519,21.3,44290.191,33.74,0.005,0.262,-0.54,Europe,Eastern Europe,Northern Hemisphere,49.75,15.5,1.343,1.146,0.759,0.662,0.327,0.157,5.14,0.56,0.489,0.241,0.116,0.207,0.481,0.774,0.839,0.613,False,False
276,DEU,Germany,2013,Very High,9,NOTAPPLICABLE,False,False,False,81041581,3497463140441.0,6.672,31.4,High income,20,10.263,11.47,20.36,47734.965,445.798,0.04,2.358,-0.049,Europe,Western Europe,Northern Hemisphere,51.0,9.0,1.207,1.118,0.65,0.582,0.328,0.14,4.577,0.446,0.399,0.225,0.096,0.215,0.427,0.694,0.806,0.548,False,False
276,DEU,Germany,2014,Very High,9,NOTAPPLICABLE,False,False,False,81376078,3574741315261.0,6.711,30.8,High income,19,9.74,11.155,20.7,45596.504,472.924,0.04,2.235,-0.02,Europe,Western Europe,Northern Hemisphere,51.0,9.0,1.415,1.145,0.689,0.602,0.324,0.147,4.644,0.477,0.416,0.224,0.102,0.214,0.454,0.71,0.806,0.548,False,False
276,DEU,Germany,2015,Very High,9,NOTAPPLICABLE,False,False,False,82077546,3628073946157.0,6.75,31.4,High income,19,9.757,10.959,20.06,46064.484,537.013,0.04,2.262,-0.036,Europe,Western Europe,Northern Hemisphere,51.0,9.0,1.202,1.123,0.692,0.616,0.336,0.147,4.63,0.475,0.422,0.231,0.101,0.212,0.435,0.71,0.823,0.548,False,False
276,DEU,Germany,2016,Very High,9,NOTAPPLICABLE,False,False,False,82760102,3708979940863.0,6.994,31.3,High income,12,9.642,10.998,20.5,46416.703,537.348,0.041,2.255,-0.005,Europe,Western Europe,Northern Hemisphere,51.0,9.0,1.356,1.141,0.725,0.636,0.341,0.151,4.805,0.498,0.437,0.234,0.104,0.208,0.442,0.823,0.823,0.581,False,False
276,DEU,Germany,2017,Very High,9,NOTAPPLICABLE,False,False,False,83104010,3808389445530.0,6.951,31.3,High income,13,9.441,10.851,21.29,47525.457,602.521,0.041,2.181,-0.019,Europe,Western Europe,Northern Hemisphere,51.0,9.0,1.41,1.149,0.736,0.641,0.326,0.146,4.775,0.506,0.44,0.224,0.1,0.199,0.448,0.806,0.823,0.581,False,False
276,DEU,Germany,2018,Very High,9,NOTAPPLICABLE,False,False,False,83368507,3845758522294.0,6.965,31.9,High income,12,9.101,10.701,20.23,46125.492,619.775,0.041,2.066,-0.065,Europe,Western Europe,Northern Hemisphere,51.0,9.0,1.6,1.176,0.765,0.651,0.344,0.151,4.743,0.521,0.443,0.234,0.103,0.197,0.439,0.823,0.79,0.597,False,False
276,DEU,Germany,2019,Very High,9,NOTAPPLICABLE,False,False,False,83559184,3886392581475.0,6.985,32.2,High income,14,8.481,10.129,19.4,44922.695,661.812,0.042,1.911,-0.072,Europe,Western Europe,Northern Hemisphere,51.0,9.0,1.648,1.194,0.824,0.69,0.36,0.155,4.736,0.558,0.468,0.244,0.105,0.189,0.432,0.79,0.774,0.581,False,False
276,DEU,Germany,2020,Very High,9,NOTAPPLICABLE,False,False,False,83628711,3742721113842.0,7.076,32.5,High income,14,7.739,9.299,19.4,41838.684,692.78,0.042,1.841,-0.058,Europe,Western Europe,Northern Hemisphere,51.0,9.0,1.56,1.202,0.914,0.761,0.365,0.169,4.776,0.617,0.514,0.246,0.114,0.185,0.464,0.79,0.774,0.581,False,False
276,DEU,Germany,2021,Very High,9,NOTAPPLICABLE,False,False,False,83697080,3841041747482.0,7.155,33.6,High income,11,8.101,9.965,19.4,42994.242,644.416,0.042,1.839,-0.044,Europe,Western Europe,Northern Hemisphere,51.0,9.0,1.864,1.23,0.883,0.718,0.369,0.166,4.751,0.586,0.477,0.245,0.111,0.188,0.451,0.839,0.806,0.581,False,False
208,DNK,Denmark,2013,Very High,6,NOTAPPLICABLE,False,False,False,5615333,245578374484.0,7.693,28.5,High income,1,7.437,10.098,26.63,37700.766,45.78,0.002,0.118,0.869,Europe,Northern Europe,Northern Hemisphere,56.0,10.0,2.661,1.358,1.034,0.762,0.289,0.204,5.5,0.74,0.545,0.207,0.146,0.197,0.706,1.0,0.694,0.71,False,False
208,DNK,Denmark,2014,Very High,6,NOTAPPLICABLE,False,False,False,5643795,249555233739.0,7.61,28.4,High income,2,6.657,9.826,25.85,36068.551,50.869,0.002,0.106,0.3,Europe,Northern Europe,Northern Hemisphere,56.0,10.0,3.169,1.476,1.143,0.774,0.294,0.211,5.449,0.819,0.555,0.211,0.151,0.185,0.717,0.984,0.71,0.661,False,False
208,DNK,Denmark,2015,Very High,6,NOTAPPLICABLE,False,False,False,5683698,255401297489.0,7.527,28.2,High income,2,6.177,9.355,24.7,35007.945,53.053,0.002,0.099,0.356,Europe,Northern Europe,Northern Hemisphere,56.0,10.0,3.178,1.514,1.219,0.805,0.305,0.215,5.404,0.875,0.578,0.219,0.154,0.176,0.706,0.984,0.694,0.661,False,False
208,DNK,Denmark,2016,Very High,6,NOTAPPLICABLE,False,False,False,5728196,263691544304.0,7.526,28.2,High income,1,6.445,9.589,24.35,35194.582,51.763,0.002,0.104,0.41,Europe,Northern Europe,Northern Hemisphere,56.0,10.0,3.144,1.488,1.168,0.785,0.309,0.214,5.404,0.838,0.564,0.222,0.154,0.183,0.692,1.0,0.71,0.661,False,False
208,DNK,Denmark,2017,Very High,6,NOTAPPLICABLE,False,False,False,5765164,271132202845.0,7.522,28.7,High income,2,6.013,9.542,24.86,35208.766,61.02,0.002,0.096,0.544,Europe,Northern Europe,Northern Hemisphere,56.0,10.0,3.529,1.587,1.251,0.788,0.303,0.214,5.363,0.892,0.562,0.216,0.152,0.171,0.706,0.984,0.71,0.661,False,False
208,DNK,Denmark,2018,Very High,6,NOTAPPLICABLE,False,False,False,5793824,276526484620.0,7.555,28.2,High income,3,5.973,9.817,25.98,34539.766,57.987,0.002,0.094,0.374,Europe,Northern Europe,Northern Hemisphere,56.0,10.0,3.844,1.644,1.265,0.77,0.291,0.219,5.424,0.908,0.553,0.209,0.157,0.173,0.752,0.968,0.71,0.694,False,False
208,DNK,Denmark,2019,Very High,6,NOTAPPLICABLE,False,False,False,5814618,280656364923.0,7.6,27.7,High income,2,5.323,9.119,25.86,37285.684,64.486,0.002,0.083,0.286,Europe,Northern Europe,Northern Hemisphere,56.0,10.0,3.796,1.713,1.428,0.833,0.294,0.204,5.495,1.032,0.603,0.212,0.147,0.143,0.694,0.984,0.677,0.694,False,False
208,DNK,Denmark,2020,Very High,6,NOTAPPLICABLE,False,False,False,5831529,275058379473.0,7.646,27.5,High income,2,4.853,8.292,25.86,32952.969,65.536,0.002,0.08,0.264,Europe,Northern Europe,Northern Hemisphere,56.0,10.0,3.439,1.709,1.576,0.922,0.296,0.232,5.543,1.142,0.668,0.214,0.168,0.147,0.785,0.984,0.661,0.694,False,False
208,DNK,Denmark,2021,Very High,6,NOTAPPLICABLE,False,False,False,5856774,288414406840.0,7.62,28.3,High income,2,5.055,9.154,25.86,32756.869,73.192,0.002,0.08,0.402,Europe,Northern Europe,Northern Hemisphere,56.0,10.0,4.099,1.811,1.507,0.832,0.295,0.233,5.464,1.081,0.597,0.211,0.167,0.154,0.789,0.984,0.71,0.694,False,False
218,ECU,Ecuador,2013,High,95,LAC,False,False,False,15807132,166075183974.0,5.865,46.9,Upper middle income,34,2.511,2.793,10.1,11356.213,29.342,0.003,0.112,0.689,America,Latin America and the Caribbean,Southern Hemisphere,-2.0,-77.5,0.282,1.112,2.336,2.1,0.581,0.516,3.114,1.24,1.115,0.308,0.274,0.221,0.889,0.468,0.177,0.21,False,False
218,ECU,Ecuador,2014,High,95,LAC,False,False,False,16035127,172367775440.0,5.92,45.0,Upper middle income,34,2.729,2.961,10.32,11759.381,30.702,0.003,0.123,4.348,America,Latin America and the Caribbean,Southern Hemisphere,-2.0,-77.5,0.232,1.085,2.169,1.999,0.574,0.503,3.256,1.193,1.1,0.316,0.277,0.232,0.878,0.468,0.177,0.258,False,False
218,ECU,Ecuador,2015,High,95,LAC,False,False,False,16266229,172538423301.0,5.975,46.0,Upper middle income,31,2.539,2.836,9.0,11560.524,34.864,0.003,0.117,1.1,America,Latin America and the Caribbean,Southern Hemisphere,-2.0,-77.5,0.297,1.117,2.353,2.107,0.664,0.517,3.226,1.271,1.138,0.358,0.279,0.22,0.779,0.516,0.194,0.177,False,False
218,ECU,Ecuador,2016,High,95,LAC,False,False,False,16505142,170423090933.0,5.976,45.0,Upper middle income,31,2.386,2.48,7.65,11354.271,41.754,0.003,0.111,1.056,America,Latin America and the Caribbean,Southern Hemisphere,-2.0,-77.5,0.094,1.039,2.505,2.41,0.781,0.526,3.287,1.378,1.325,0.43,0.289,0.21,0.674,0.516,0.177,0.145,False,False
218,ECU,Ecuador,2017,High,95,LAC,False,False,False,16759515,174458721084.0,6.008,44.7,Upper middle income,30,2.339,2.612,8.06,11641.728,52.167,0.003,0.109,0.616,America,Latin America and the Caribbean,Southern Hemisphere,-2.0,-77.5,0.273,1.117,2.569,2.3,0.745,0.516,3.322,1.42,1.272,0.412,0.285,0.201,0.692,0.532,0.194,0.145,False,False
218,ECU,Ecuador,2018,High,95,LAC,False,False,False,17049542,176707497535.0,5.973,45.4,Upper middle income,32,2.255,2.627,7.86,12104.737,53.275,0.003,0.105,1.852,America,Latin America and the Caribbean,Southern Hemisphere,-2.0,-77.5,0.372,1.165,2.649,2.274,0.76,0.493,3.261,1.446,1.241,0.415,0.269,0.186,0.649,0.5,0.194,0.129,False,False
218,ECU,Ecuador,2019,High,95,LAC,False,False,False,17340017,176728682555.0,6.028,45.7,Upper middle income,34,2.312,2.681,7.74,12187.595,62.988,0.003,0.108,1.511,America,Latin America and the Caribbean,Southern Hemisphere,-2.0,-77.5,0.369,1.16,2.607,2.248,0.779,0.495,3.273,1.416,1.221,0.423,0.269,0.19,0.635,0.468,0.194,0.129,False,False
218,ECU,Ecuador,2020,High,95,LAC,False,False,False,17546058,162965075602.0,5.925,47.3,Upper middle income,40,1.851,2.143,7.74,10421.851,61.972,0.003,0.092,0.717,America,Latin America and the Caribbean,Southern Hemisphere,-2.0,-77.5,0.292,1.158,3.201,2.765,0.766,0.569,3.122,1.687,1.457,0.403,0.3,0.178,0.743,0.371,0.145,0.129,False,False
218,ECU,Ecuador,2021,High,95,LAC,False,False,False,17682454,169866634253.0,5.764,45.8,Upper middle income,45,2.159,2.479,7.74,12023.042,64.753,0.003,0.104,0.507,America,Latin America and the Caribbean,Southern Hemisphere,-2.0,-77.5,0.32,1.148,2.67,2.325,0.745,0.479,3.124,1.447,1.26,0.404,0.26,0.18,0.644,0.29,0.177,0.129,False,False
818,EGY,Egypt,2013,High,97,AS,False,False,False,95333551,984556585202.0,4.273,31.8,Lower middle income,60,2.298,2.354,6.47,10209.089,37.95,0.002,0.621,0.012,Africa,Northern Africa,Northern Hemisphere,27.0,30.0,0.056,1.024,1.859,1.815,0.66,0.419,2.914,1.268,1.238,0.45,0.285,0.225,0.634,0.048,0.161,0.081,False,False
818,EGY,Egypt,2014,High,97,AS,False,False,False,97528655,1035721838706.0,4.233,31.8,Lower middle income,60,2.33,2.523,6.67,9863.477,37.544,0.002,0.641,0.022,Africa,Northern Africa,Northern Hemisphere,27.0,30.0,0.193,1.083,1.817,1.678,0.635,0.429,2.887,1.239,1.144,0.433,0.293,0.236,0.676,0.048,0.161,0.081,False,False
818,EGY,Egypt,2015,High,97,AS,False,False,False,99597334,1079611566322.0,4.194,31.8,Lower middle income,62,2.276,2.6,6.84,9800.544,39.544,0.002,0.64,0.007,Africa,Northern Africa,Northern Hemisphere,27.0,30.0,0.324,1.142,1.843,1.613,0.613,0.428,2.86,1.257,1.1,0.418,0.292,0.232,0.698,0.016,0.161,0.097,False,False
818,EGY,Egypt,2016,High,97,AS,False,False,False,101644583,1121578599865.0,4.362,31.65,Lower middle income,60,2.412,2.67,7.16,10135.914,39.768,0.003,0.693,0.022,Africa,Northern Africa,Northern Hemisphere,27.0,30.0,0.258,1.107,1.808,1.634,0.609,0.43,2.981,1.236,1.116,0.416,0.294,0.238,0.706,0.048,0.194,0.113,False,False
818,EGY,Egypt,2017,High,97,AS,False,False,False,103696055,1158060486104.0,4.735,31.5,Lower middle income,57,2.443,2.511,7.14,10325.806,38.75,0.003,0.704,0.017,Africa,Northern Africa,Northern Hemisphere,27.0,30.0,0.068,1.028,1.938,1.886,0.663,0.459,3.243,1.327,1.292,0.454,0.314,0.237,0.691,0.097,0.177,0.097,False,False
818,EGY,Egypt,2018,High,97,AS,False,False,False,105682092,1220661740193.0,4.419,31.7,Lower middle income,61,2.289,2.387,7.94,10137.438,40.955,0.003,0.659,0.023,Africa,Northern Africa,Northern Hemisphere,27.0,30.0,0.098,1.043,1.931,1.851,0.557,0.436,3.018,1.318,1.264,0.38,0.298,0.226,0.783,0.032,0.177,0.145,False,False
818,EGY,Egypt,2019,High,97,AS,False,False,False,107553159,1289253465646.0,4.166,31.9,Lower middle income,62,2.176,2.291,8.22,9749.406,48.489,0.003,0.631,0.025,Africa,Northern Africa,Northern Hemisphere,27.0,30.0,0.115,1.053,1.915,1.818,0.507,0.427,2.837,1.304,1.238,0.345,0.291,0.223,0.843,0.016,0.129,0.145,False,False
818,EGY,Egypt,2020,High,97,AS,False,False,False,109315118,1307778142529.0,4.151,30.2,Lower middle income,62,2.253,2.378,8.22,9028.072,58.677,0.003,0.701,0.028,Africa,Northern Africa,Northern Hemisphere,27.0,30.0,0.125,1.055,1.842,1.746,0.505,0.46,2.897,1.286,1.218,0.352,0.321,0.25,0.91,0.016,0.177,0.145,False,False
818,EGY,Egypt,2021,High,97,AS,False,False,False,110957005,1400985648780.0,4.283,28.5,Lower middle income,62,2.405,2.626,8.22,9564.884,62.466,0.003,0.724,0.024,Africa,Northern Africa,Northern Hemisphere,27.0,30.0,0.221,1.092,1.781,1.631,0.521,0.448,3.062,1.273,1.166,0.373,0.32,0.251,0.859,0.016,0.194,0.145,False,False
724,ESP,Spain,2013,Very High,27,NOTAPPLICABLE,False,False,False,46860394,1413362053623.0,6.322,36.2,High income,27,5.38,6.64,15.85,33685.816,300.382,0.006,0.715,-0.315,Europe,Southern Europe,Northern Hemisphere,40.0,-4.0,1.26,1.234,1.175,0.952,0.399,0.188,4.033,0.75,0.607,0.254,0.12,0.16,0.471,0.581,0.468,0.387,False,False
724,ESP,Spain,2014,Very High,27,NOTAPPLICABLE,False,False,False,46720187,1433089409797.0,6.326,36.1,High income,27,5.429,5.963,15.96,33266.539,298.185,0.007,0.715,-0.336,Europe,Southern Europe,Northern Hemisphere,40.0,-4.0,0.534,1.098,1.165,1.061,0.396,0.19,4.042,0.745,0.678,0.253,0.122,0.163,0.48,0.581,0.387,0.403,False,False
724,ESP,Spain,2015,Very High,27,NOTAPPLICABLE,False,False,False,46683683,1488098863146.0,6.329,36.2,High income,27,5.789,6.027,15.75,33697.949,264.0,0.007,0.763,-0.462,Europe,Southern Europe,Northern Hemisphere,40.0,-4.0,0.238,1.041,1.093,1.05,0.402,0.188,4.038,0.698,0.67,0.256,0.12,0.172,0.467,0.581,0.371,0.403,False,False
724,ESP,Spain,2016,Very High,27,NOTAPPLICABLE,False,False,False,46732768,1533303930046.0,6.361,35.8,High income,27,5.554,5.899,15.42,33871.598,283.168,0.007,0.733,-0.423,Europe,Southern Europe,Northern Hemisphere,40.0,-4.0,0.345,1.062,1.145,1.078,0.413,0.188,4.084,0.735,0.692,0.265,0.121,0.164,0.455,0.581,0.371,0.387,False,False
724,ESP,Spain,2017,Very High,27,NOTAPPLICABLE,False,False,False,46868594,1578931492849.0,6.403,34.7,High income,25,5.835,6.279,14.11,34181.582,242.857,0.007,0.76,-0.525,Europe,Southern Europe,Northern Hemisphere,40.0,-4.0,0.444,1.076,1.097,1.02,0.454,0.187,4.181,0.717,0.666,0.296,0.122,0.171,0.413,0.613,0.387,0.371,False,False
724,ESP,Spain,2018,Very High,27,NOTAPPLICABLE,False,False,False,47092817,1615001473949.0,6.31,34.7,High income,26,5.702,6.352,13.99,34584.289,288.54,0.007,0.731,-0.439,Europe,Southern Europe,Northern Hemisphere,40.0,-4.0,0.65,1.114,1.107,0.993,0.451,0.182,4.12,0.723,0.649,0.294,0.119,0.165,0.405,0.597,0.403,0.355,False,False
724,ESP,Spain,2019,Very High,27,NOTAPPLICABLE,False,False,False,47435121,1647042667976.0,6.354,34.3,High income,23,5.285,5.989,13.48,33390.262,267.171,0.007,0.676,-0.484,Europe,Southern Europe,Northern Hemisphere,40.0,-4.0,0.704,1.133,1.202,1.061,0.471,0.19,4.175,0.79,0.697,0.31,0.125,0.158,0.404,0.645,0.355,0.339,False,False
724,ESP,Spain,2020,Very High,27,NOTAPPLICABLE,False,False,False,47679482,1460507935923.0,6.401,34.9,High income,21,4.441,5.282,13.48,29844.283,307.592,0.007,0.602,-0.441,Europe,Southern Europe,Northern Hemisphere,40.0,-4.0,0.841,1.189,1.441,1.212,0.475,0.214,4.167,0.938,0.789,0.309,0.14,0.149,0.452,0.677,0.355,0.339,False,False
724,ESP,Spain,2021,Very High,27,NOTAPPLICABLE,False,False,False,47735670,1541121952313.0,6.491,33.9,High income,20,4.793,5.766,13.48,32091.293,336.409,0.007,0.621,-0.006,Europe,Southern Europe,Northern Hemisphere,40.0,-4.0,0.973,1.203,1.354,1.126,0.482,0.202,4.291,0.895,0.744,0.318,0.134,0.149,0.42,0.694,0.355,0.339,False,False
233,EST,Estonia,2013,Very High,31,NOTAPPLICABLE,False,False,False,1317920,30600421813.0,5.426,35.1,High income,44,14.898,13.404,36.93,58776.996,3.637,0.001,0.056,-1.324,Europe,Northern Europe,Northern Hemisphere,59.0,26.0,-1.494,0.9,0.364,0.405,0.147,0.092,3.521,0.236,0.263,0.095,0.06,0.253,0.628,0.298,0.871,0.855,False,False
233,EST,Estonia,2014,Very High,31,NOTAPPLICABLE,False,False,False,1314457,31521829560.0,5.428,34.6,High income,44,14.29,13.585,37.56,56419.855,4.161,0.001,0.053,-0.454,Europe,Northern Europe,Northern Hemisphere,59.0,26.0,-0.705,0.951,0.38,0.4,0.145,0.096,3.55,0.248,0.261,0.095,0.063,0.253,0.666,0.306,0.855,0.871,False,False
233,EST,Estonia,2015,Very High,31,NOTAPPLICABLE,False,False,False,1314580,32106015454.0,5.429,32.7,High income,43,12.004,13.033,39.23,52204.055,4.558,0.001,0.045,-0.298,Europe,Northern Europe,Northern Hemisphere,59.0,26.0,1.029,1.086,0.452,0.417,0.138,0.104,3.654,0.304,0.28,0.093,0.07,0.23,0.751,0.323,0.839,0.919,False,False
233,EST,Estonia,2016,Very High,31,NOTAPPLICABLE,False,False,False,1315850,33119083785.0,5.517,31.2,High income,44,13.248,13.002,44.31,53777.426,4.594,0.001,0.049,-1.24,Europe,Northern Europe,Northern Hemisphere,59.0,26.0,-0.246,0.981,0.416,0.424,0.125,0.103,3.796,0.287,0.292,0.086,0.071,0.246,0.824,0.306,0.855,0.935,False,False
233,EST,Estonia,2017,Very High,31,NOTAPPLICABLE,False,False,False,1317430,35037377711.0,5.611,30.4,High income,43,14.131,13.014,44.54,59573.93,5.402,0.001,0.052,-1.045,Europe,Northern Europe,Northern Hemisphere,59.0,26.0,-1.117,0.921,0.397,0.431,0.126,0.094,3.905,0.276,0.3,0.088,0.066,0.237,0.748,0.323,0.855,0.935,False,False
233,EST,Estonia,2018,Very High,31,NOTAPPLICABLE,False,False,False,1321972,36363239216.0,5.739,30.3,High income,42,13.465,14.016,36.99,58911.23,6.058,0.001,0.048,-0.832,Europe,Northern Europe,Northern Hemisphere,59.0,26.0,0.551,1.041,0.426,0.409,0.155,0.097,4.0,0.297,0.285,0.108,0.068,0.229,0.628,0.339,0.855,0.903,False,False
233,EST,Estonia,2019,Very High,31,NOTAPPLICABLE,False,False,False,1326822,37723175050.0,5.893,30.8,High income,38,9.261,11.497,37.53,47301.492,6.49,0.001,0.033,-1.021,Europe,Northern Europe,Northern Hemisphere,59.0,26.0,2.236,1.241,0.636,0.513,0.157,0.125,4.078,0.44,0.355,0.109,0.086,0.196,0.793,0.403,0.855,0.903,False,False
233,EST,Estonia,2020,Very High,31,NOTAPPLICABLE,False,False,False,1329675,37515273353.0,6.022,30.7,High income,34,6.918,9.726,37.53,44171.176,8.971,0.001,0.026,-0.741,Europe,Northern Europe,Northern Hemisphere,59.0,26.0,2.808,1.406,0.87,0.619,0.16,0.136,4.173,0.603,0.429,0.111,0.094,0.157,0.85,0.468,0.839,0.903,False,False
233,EST,Estonia,2021,Very High,31,NOTAPPLICABLE,False,False,False,1331750,40521483538.0,6.189,31.8,High income,29,7.802,10.743,37.53,46137.703,8.743,0.001,0.028,-0.713,Europe,Northern Europe,Northern Hemisphere,59.0,26.0,2.941,1.377,0.793,0.576,0.165,0.134,4.221,0.541,0.393,0.112,0.091,0.169,0.813,0.548,0.855,0.903,False,False
246,FIN,Finland,2013,Very High,11,NOTAPPLICABLE,False,False,False,5439057,202349011206.0,7.389,27.2,High income,7,9.509,12.403,38.22,62841.867,74.721,0.003,0.147,3.772,Europe,Northern Europe,Northern Hemisphere,64.0,26.0,2.894,1.304,0.777,0.596,0.193,0.118,5.379,0.566,0.434,0.141,0.086,0.151,0.608,0.903,0.839,0.871,False,False
246,FIN,Finland,2014,Very High,11,NOTAPPLICABLE,False,False,False,5461686,201610622550.0,7.398,26.8,High income,7,8.719,11.426,39.24,60388.477,78.717,0.003,0.134,3.944,Europe,Northern Europe,Northern Hemisphere,64.0,26.0,2.707,1.31,0.848,0.647,0.189,0.123,5.415,0.621,0.474,0.138,0.09,0.144,0.65,0.903,0.823,0.887,False,False
246,FIN,Finland,2015,Very High,11,NOTAPPLICABLE,False,False,False,5479719,202706706722.0,7.406,27.1,High income,5,8.065,10.303,36.9,60020.109,89.101,0.003,0.125,4.176,Europe,Northern Europe,Northern Hemisphere,64.0,26.0,2.238,1.277,0.918,0.719,0.201,0.123,5.399,0.669,0.524,0.146,0.09,0.134,0.615,0.935,0.758,0.887,False,False
246,FIN,Finland,2016,Very High,11,NOTAPPLICABLE,False,False,False,5495468,208405735062.0,7.413,27.1,High income,4,8.598,10.775,38.35,60792.52,85.3,0.003,0.134,4.319,Europe,Northern Europe,Northern Hemisphere,64.0,26.0,2.177,1.253,0.862,0.688,0.193,0.122,5.404,0.629,0.502,0.141,0.089,0.141,0.631,0.952,0.806,0.919,False,False
246,FIN,Finland,2017,Very High,11,NOTAPPLICABLE,False,False,False,5508398,215058877437.0,7.469,27.4,High income,4,8.107,10.769,37.39,59403.098,90.141,0.003,0.124,4.79,Europe,Northern Europe,Northern Hemisphere,64.0,26.0,2.662,1.328,0.921,0.694,0.2,0.126,5.422,0.669,0.503,0.145,0.091,0.136,0.629,0.952,0.806,0.871,False,False
246,FIN,Finland,2018,Very High,11,NOTAPPLICABLE,False,False,False,5515730,217509947213.0,7.632,27.3,High income,1,8.292,11.144,37.83,60525.258,92.022,0.003,0.125,5.076,Europe,Northern Europe,Northern Hemisphere,64.0,26.0,2.852,1.344,0.92,0.685,0.202,0.126,5.548,0.669,0.498,0.147,0.092,0.137,0.625,1.0,0.823,0.935,False,False
246,FIN,Finland,2019,Very High,11,NOTAPPLICABLE,False,False,False,5521754,220173891564.0,7.769,27.7,High income,1,7.687,10.248,36.73,59218.777,92.01,0.003,0.114,5.115,Europe,Northern Europe,Northern Hemisphere,64.0,26.0,2.561,1.333,1.011,0.758,0.212,0.131,5.617,0.731,0.548,0.153,0.095,0.13,0.62,1.0,0.806,0.887,False,False
246,FIN,Finland,2020,Very High,11,NOTAPPLICABLE,False,False,False,5529616,214988893865.0,7.809,27.1,High income,1,6.821,9.247,36.73,56776.078,100.422,0.003,0.107,5.12,Europe,Northern Europe,Northern Hemisphere,64.0,26.0,2.426,1.356,1.145,0.844,0.213,0.138,5.693,0.835,0.616,0.155,0.1,0.12,0.647,1.0,0.758,0.887,False,False
246,FIN,Finland,2021,Very High,11,NOTAPPLICABLE,False,False,False,5541069,221538476826.0,7.842,27.7,High income,1,6.825,9.889,36.73,57854.73,110.278,0.003,0.103,5.503,Europe,Northern Europe,Northern Hemisphere,64.0,26.0,3.064,1.449,1.149,0.793,0.214,0.136,5.67,0.831,0.573,0.154,0.098,0.118,0.635,1.0,0.79,0.887,False,False
250,FRA,France,2013,Very High,28,NOTAPPLICABLE,False,False,False,64387736,2414733629218.0,6.764,32.5,High income,19,5.591,7.507,20.95,45428.73,284.361,0.016,1.021,-0.216,Europe,Western Europe,Northern Hemisphere,46.0,2.0,1.916,1.343,1.21,0.901,0.323,0.149,4.566,0.817,0.608,0.218,0.101,0.123,0.461,0.71,0.532,0.597,False,False
250,FRA,France,2014,Very High,28,NOTAPPLICABLE,False,False,False,64692495,2437822780219.0,6.67,32.3,High income,20,5.067,6.936,20.75,43247.398,272.726,0.016,0.924,-0.208,Europe,Western Europe,Northern Hemisphere,46.0,2.0,1.869,1.369,1.316,0.962,0.321,0.154,4.516,0.891,0.651,0.218,0.104,0.117,0.48,0.694,0.468,0.565,False,False
250,FRA,France,2015,Very High,28,NOTAPPLICABLE,False,False,False,64916337,2464953810985.0,6.575,32.7,High income,22,5.116,6.696,20.15,43493.316,266.623,0.016,0.938,-0.096,Europe,Western Europe,Northern Hemisphere,46.0,2.0,1.58,1.309,1.285,0.982,0.326,0.151,4.425,0.865,0.661,0.22,0.102,0.118,0.463,0.661,0.484,0.565,False,False
250,FRA,France,2016,Very High,28,NOTAPPLICABLE,False,False,False,65086853,2491956183265.0,6.478,31.9,High income,24,5.155,6.99,19.79,42506.238,282.738,0.016,0.948,-0.171,Europe,Western Europe,Northern Hemisphere,46.0,2.0,1.835,1.356,1.257,0.927,0.327,0.152,4.412,0.856,0.631,0.223,0.104,0.121,0.466,0.629,0.484,0.565,False,False
250,FRA,France,2017,Very High,28,NOTAPPLICABLE,False,False,False,65284775,2549057506683.0,6.442,31.6,High income,23,5.183,6.939,19.7,42218.559,266.731,0.016,0.941,0.287,Europe,Western Europe,Northern Hemisphere,46.0,2.0,1.756,1.339,1.243,0.928,0.327,0.153,4.406,0.85,0.635,0.224,0.104,0.123,0.467,0.645,0.452,0.548,False,False
250,FRA,France,2018,Very High,28,NOTAPPLICABLE,False,False,False,65519537,2596599107835.0,6.489,32.4,High income,19,4.931,6.961,17.61,42589.262,316.88,0.016,0.88,-0.207,Europe,Western Europe,Northern Hemisphere,46.0,2.0,2.03,1.412,1.316,0.932,0.368,0.152,4.387,0.89,0.63,0.249,0.103,0.116,0.413,0.71,0.452,0.484,False,False
250,FRA,France,2019,Very High,28,NOTAPPLICABLE,False,False,False,65729460,2644453795826.0,6.592,31.2,High income,20,4.812,6.734,17.1,41554.387,316.482,0.016,0.853,0.172,Europe,Western Europe,Northern Hemisphere,46.0,2.0,1.922,1.399,1.37,0.979,0.385,0.159,4.535,0.942,0.673,0.265,0.109,0.116,0.412,0.694,0.435,0.468,False,False
250,FRA,France,2020,Very High,28,NOTAPPLICABLE,False,False,False,65905273,2438594133224.0,6.664,30.7,High income,19,4.272,6.054,17.1,37087.555,336.373,0.017,0.801,-0.031,Europe,Western Europe,Northern Hemisphere,46.0,2.0,1.782,1.417,1.56,1.101,0.39,0.18,4.618,1.081,0.763,0.27,0.125,0.115,0.461,0.71,0.419,0.468,False,False
250,FRA,France,2021,Very High,28,NOTAPPLICABLE,False,False,False,66083547,2604822841790.0,6.69,31.5,High income,18,4.65,6.661,17.1,39307.219,330.825,0.017,0.833,-0.129,Europe,Western Europe,Northern Hemisphere,46.0,2.0,2.011,1.432,1.439,1.004,0.391,0.17,4.583,0.986,0.688,0.268,0.117,0.118,0.435,0.726,0.435,0.468,False,False
826,GBR,United Kingdom,2013,Very High,18,NOTAPPLICABLE,False,False,False,64389386,2296252599482.0,6.883,32.7,High income,17,7.418,9.704,17.86,37094.207,158.219,0.034,1.354,0.275,Europe,Northern Europe,Northern Hemisphere,54.0,-2.0,2.286,1.308,0.928,0.709,0.385,0.186,4.632,0.624,0.477,0.259,0.125,0.2,0.481,0.742,0.677,0.468,False,False
826,GBR,United Kingdom,2014,Very High,18,NOTAPPLICABLE,False,False,False,64865914,2369725553442.0,6.875,33.1,High income,18,6.765,9.325,19.09,34774.93,190.845,0.034,1.237,0.207,Europe,Northern Europe,Northern Hemisphere,54.0,-2.0,2.56,1.378,1.016,0.737,0.36,0.198,4.599,0.68,0.493,0.241,0.132,0.195,0.549,0.726,0.661,0.516,False,False
826,GBR,United Kingdom,2015,Very High,18,NOTAPPLICABLE,False,False,False,65382107,2426435869267.0,6.867,33.3,High income,18,6.461,9.131,18.97,34863.777,239.227,0.034,1.193,0.343,Europe,Northern Europe,Northern Hemisphere,54.0,-2.0,2.67,1.413,1.063,0.752,0.362,0.197,4.58,0.709,0.502,0.241,0.131,0.185,0.544,0.726,0.661,0.5,False,False
826,GBR,United Kingdom,2016,Very High,18,NOTAPPLICABLE,False,False,False,65893359,2478973016876.0,6.725,33.1,High income,18,6.062,8.844,18.27,34099.367,237.927,0.034,1.129,0.324,Europe,Northern Europe,Northern Hemisphere,54.0,-2.0,2.782,1.459,1.109,0.76,0.368,0.197,4.499,0.742,0.509,0.246,0.132,0.178,0.536,0.726,0.661,0.484,False,False
826,GBR,United Kingdom,2017,Very High,18,NOTAPPLICABLE,False,False,False,66354473,2539548543933.0,6.714,32.6,High income,16,5.838,8.414,18.2,33924.512,277.959,0.035,1.077,0.187,Europe,Northern Europe,Northern Hemisphere,54.0,-2.0,2.576,1.441,1.15,0.798,0.369,0.198,4.525,0.775,0.538,0.249,0.133,0.172,0.536,0.758,0.629,0.468,False,True
826,GBR,United Kingdom,2018,Very High,18,NOTAPPLICABLE,False,False,False,66752473,2582848171416.0,6.814,33.7,High income,16,5.689,8.168,18.01,33653.051,311.597,0.035,1.034,0.35,Europe,Northern Europe,Northern Hemisphere,54.0,-2.0,2.479,1.436,1.198,0.834,0.378,0.202,4.518,0.794,0.553,0.251,0.134,0.169,0.535,0.758,0.581,0.516,False,False
826,GBR,United Kingdom,2019,Very High,18,NOTAPPLICABLE,False,False,False,67110958,2624285076706.0,7.054,32.8,High income,12,5.435,7.819,17.85,32676.998,341.011,0.035,0.984,0.158,Europe,Northern Europe,Northern Hemisphere,54.0,-2.0,2.384,1.439,1.298,0.902,0.395,0.216,4.74,0.872,0.606,0.266,0.145,0.166,0.546,0.823,0.565,0.508,False,False
826,GBR,United Kingdom,2020,Very High,18,NOTAPPLICABLE,False,False,False,67351860,2334804059780.0,7.165,32.7,High income,11,4.844,6.977,17.85,29440.059,374.262,0.035,0.928,0.136,Europe,Northern Europe,Northern Hemisphere,54.0,-2.0,2.133,1.44,1.479,1.027,0.401,0.243,4.822,0.995,0.691,0.27,0.164,0.165,0.606,0.839,0.532,0.508,False,False
826,GBR,United Kingdom,2021,Very High,18,NOTAPPLICABLE,False,False,False,67668788,2512190098029.0,7.064,32.4,High income,14,5.059,7.649,17.85,29422.24,344.991,0.035,0.929,0.03,Europe,Northern Europe,Northern Hemisphere,54.0,-2.0,2.59,1.512,1.396,0.924,0.396,0.24,4.775,0.944,0.624,0.268,0.162,0.172,0.607,0.79,0.565,0.508,False,False
300,GRC,Greece,2013,Very High,33,NOTAPPLICABLE,False,False,False,10967534,241650188710.0,5.435,36.1,High income,43,7.45,7.657,19.36,29934.105,38.441,0.002,0.232,-1.868,Europe,Southern Europe,Northern Hemisphere,39.0,22.0,0.207,1.028,0.73,0.71,0.281,0.182,3.473,0.466,0.454,0.179,0.116,0.249,0.647,0.323,0.565,0.516,False,False
300,GRC,Greece,2014,Very High,33,NOTAPPLICABLE,False,False,False,10893169,242799798246.0,5.146,35.8,High income,48,7.219,7.368,18.79,28266.357,32.873,0.002,0.222,-1.711,Europe,Southern Europe,Northern Hemisphere,39.0,22.0,0.149,1.021,0.713,0.698,0.274,0.182,3.304,0.458,0.448,0.176,0.117,0.255,0.665,0.242,0.565,0.5,False,False
300,GRC,Greece,2015,Very High,33,NOTAPPLICABLE,False,False,False,10820902,242323725826.0,4.857,36.0,High income,54,6.924,7.005,17.81,28807.496,39.583,0.002,0.212,-1.947,Europe,Southern Europe,Northern Hemisphere,39.0,22.0,0.081,1.012,0.701,0.693,0.273,0.169,3.108,0.449,0.444,0.175,0.108,0.24,0.618,0.145,0.516,0.435,False,False
300,GRC,Greece,2016,Very High,33,NOTAPPLICABLE,False,False,False,10775506,241143085639.0,5.033,35.0,High income,55,6.622,7.041,16.77,28489.859,39.518,0.002,0.202,-2.179,Europe,Southern Europe,Northern Hemisphere,39.0,22.0,0.419,1.063,0.76,0.715,0.3,0.177,3.271,0.494,0.465,0.195,0.115,0.232,0.589,0.129,0.5,0.419,False,False
300,GRC,Greece,2017,Very High,33,NOTAPPLICABLE,False,False,False,10753532,243776808141.0,5.227,34.4,High income,53,6.96,7.327,15.94,29962.0,36.637,0.002,0.208,-2.328,Europe,Southern Europe,Northern Hemisphere,39.0,22.0,0.367,1.053,0.751,0.713,0.328,0.174,3.429,0.493,0.468,0.215,0.114,0.232,0.532,0.161,0.532,0.403,False,False
300,GRC,Greece,2018,Very High,33,NOTAPPLICABLE,False,False,False,10730846,247844015413.0,5.358,32.9,High income,50,6.689,7.587,14.94,30199.467,42.326,0.002,0.195,-0.135,Europe,Southern Europe,Northern Hemisphere,39.0,22.0,0.898,1.134,0.801,0.706,0.359,0.177,3.595,0.537,0.474,0.241,0.119,0.221,0.495,0.21,0.516,0.403,False,False
300,GRC,Greece,2019,Very High,33,NOTAPPLICABLE,False,False,False,10718581,252514250712.0,5.287,33.1,High income,51,6.133,7.026,15.17,29564.295,42.361,0.002,0.177,-2.258,Europe,Southern Europe,Northern Hemisphere,39.0,22.0,0.893,1.146,0.862,0.752,0.349,0.179,3.537,0.577,0.503,0.233,0.12,0.207,0.513,0.194,0.468,0.387,False,False
300,GRC,Greece,2020,Very High,33,NOTAPPLICABLE,False,False,False,10699370,229777821500.0,5.515,33.6,High income,48,5.194,6.41,15.17,25885.273,46.031,0.002,0.158,-1.752,Europe,Southern Europe,Northern Hemisphere,39.0,22.0,1.216,1.234,1.062,0.86,0.364,0.213,3.662,0.705,0.571,0.241,0.141,0.201,0.586,0.242,0.468,0.387,False,False
300,GRC,Greece,2021,Very High,33,NOTAPPLICABLE,False,False,False,10579561,249158215293.0,5.723,32.9,High income,46,5.438,6.765,15.17,28596.289,57.441,0.002,0.156,-1.811,Europe,Southern Europe,Northern Hemisphere,39.0,22.0,1.327,1.244,1.052,0.846,0.377,0.2,3.84,0.706,0.568,0.253,0.134,0.19,0.53,0.274,0.468,0.387,False,False
191,HRV,Croatia,2013,Very High,40,NOTAPPLICABLE,False,False,False,4242403,80064089923.0,5.661,32.0,High income,39,4.337,5.675,16.33,22645.891,24.161,0.001,0.052,-0.323,Europe,Southern Europe,Northern Hemisphere,45.1667,15.5,1.338,1.309,1.305,0.998,0.347,0.25,3.849,0.887,0.678,0.236,0.17,0.192,0.721,0.387,0.355,0.403,False,False
191,HRV,Croatia,2014,Very High,40,NOTAPPLICABLE,False,False,False,4219485,79720242860.0,5.71,32.1,High income,39,4.183,4.778,15.32,22753.666,25.72,0.001,0.05,-0.097,Europe,Southern Europe,Northern Hemisphere,45.1667,15.5,0.595,1.142,1.365,1.195,0.373,0.251,3.877,0.927,0.811,0.253,0.17,0.184,0.673,0.387,0.274,0.387,False,False
191,HRV,Croatia,2015,Very High,40,NOTAPPLICABLE,False,False,False,4183732,81731110395.0,5.759,31.1,High income,40,4.253,5.364,15.74,21755.668,19.449,0.001,0.05,-0.201,Europe,Southern Europe,Northern Hemisphere,45.1667,15.5,1.111,1.261,1.354,1.074,0.366,0.265,3.968,0.933,0.74,0.252,0.182,0.195,0.723,0.371,0.323,0.387,False,False
191,HRV,Croatia,2016,Very High,40,NOTAPPLICABLE,False,False,False,4136438,84640158587.0,5.488,30.9,High income,45,4.371,5.587,16.97,22901.484,21.289,0.001,0.051,-0.799,Europe,Southern Europe,Northern Hemisphere,45.1667,15.5,1.216,1.278,1.256,0.982,0.323,0.24,3.792,0.868,0.679,0.223,0.166,0.191,0.741,0.29,0.339,0.452,False,False
191,HRV,Croatia,2017,Very High,40,NOTAPPLICABLE,False,False,False,4079198,87528490789.0,5.293,30.4,High income,48,4.587,5.713,16.48,23235.795,18.124,0.001,0.052,-0.911,Europe,Southern Europe,Northern Hemisphere,45.1667,15.5,1.126,1.245,1.154,0.926,0.321,0.228,3.684,0.803,0.645,0.224,0.159,0.197,0.709,0.242,0.323,0.427,False,False
191,HRV,Croatia,2018,Very High,40,NOTAPPLICABLE,False,False,False,4024868,89979865983.0,5.321,29.7,High income,51,4.396,6.142,16.81,24388.486,25.074,0.001,0.048,-0.619,Europe,Southern Europe,Northern Hemisphere,45.1667,15.5,1.746,1.397,1.21,0.866,0.317,0.218,3.741,0.851,0.609,0.223,0.153,0.18,0.689,0.194,0.387,0.435,False,False
191,HRV,Croatia,2019,Very High,40,NOTAPPLICABLE,False,False,False,3986338,93057982684.0,5.432,28.9,High income,47,4.47,6.038,17.06,24035.391,22.018,0.001,0.048,-0.186,Europe,Southern Europe,Northern Hemisphere,45.1667,15.5,1.568,1.351,1.215,0.9,0.318,0.226,3.862,0.864,0.64,0.226,0.161,0.186,0.71,0.258,0.371,0.452,False,False
191,HRV,Croatia,2020,Very High,40,NOTAPPLICABLE,False,False,False,3953956,85073361985.0,5.505,29.5,High income,49,4.267,5.817,17.06,23110.643,22.578,0.001,0.048,-0.589,Europe,Southern Europe,Northern Hemisphere,45.1667,15.5,1.55,1.363,1.29,0.946,0.323,0.238,3.881,0.91,0.667,0.227,0.168,0.185,0.738,0.226,0.403,0.452,False,False
191,HRV,Croatia,2021,Very High,40,NOTAPPLICABLE,False,False,False,3924607,96194363488.0,5.882,28.9,High income,41,4.434,6.046,17.06,25050.172,27.782,0.001,0.047,-0.884,Europe,Southern Europe,Northern Hemisphere,45.1667,15.5,1.612,1.364,1.327,0.973,0.345,0.235,4.182,0.943,0.692,0.245,0.167,0.177,0.681,0.355,0.387,0.452,False,False
348,HUN,Hungary,2013,Very High,46,NOTAPPLICABLE,False,False,False,9889344,209511661762.0,4.775,31.5,High income,58,4.397,6.013,13.24,24070.496,9.747,0.002,0.123,-0.986,Europe,Eastern Europe,Northern Hemisphere,47.0,20.0,1.616,1.368,1.086,0.794,0.361,0.198,3.271,0.744,0.544,0.247,0.136,0.183,0.55,0.081,0.371,0.339,False,False
348,HUN,Hungary,2014,Very High,46,NOTAPPLICABLE,False,False,False,9862843,218378634753.0,4.788,30.9,High income,57,4.425,5.953,14.93,24158.225,11.428,0.002,0.123,-0.941,Europe,Eastern Europe,Northern Hemisphere,47.0,20.0,1.528,1.345,1.082,0.804,0.321,0.198,3.309,0.748,0.556,0.222,0.137,0.183,0.618,0.097,0.371,0.371,False,False
348,HUN,Hungary,2015,Very High,46,NOTAPPLICABLE,False,False,False,9839211,226474616785.0,4.8,30.4,High income,55,4.733,6.031,13.55,25514.207,11.477,0.002,0.132,-0.828,Europe,Eastern Europe,Northern Hemisphere,47.0,20.0,1.298,1.274,1.014,0.796,0.354,0.188,3.341,0.706,0.554,0.247,0.131,0.186,0.531,0.129,0.387,0.355,False,False
348,HUN,Hungary,2016,Very High,46,NOTAPPLICABLE,False,False,False,9810529,231459349147.0,5.145,30.3,High income,51,4.795,6.182,13.92,26042.918,11.612,0.002,0.133,-0.743,Europe,Eastern Europe,Northern Hemisphere,47.0,20.0,1.387,1.289,1.073,0.832,0.37,0.198,3.586,0.748,0.58,0.258,0.138,0.184,0.535,0.194,0.403,0.355,False,False
348,HUN,Hungary,2017,Very High,46,NOTAPPLICABLE,False,False,False,9785608,241347220007.0,5.324,30.6,High income,47,5.051,6.737,13.85,27519.338,11.941,0.002,0.137,-0.764,Europe,Eastern Europe,Northern Hemisphere,47.0,20.0,1.686,1.334,1.054,0.79,0.384,0.193,3.695,0.732,0.548,0.267,0.134,0.184,0.503,0.258,0.435,0.339,False,False
348,HUN,Hungary,2018,Very High,46,NOTAPPLICABLE,False,False,False,9774395,254289117363.0,5.62,30.6,High income,44,5.051,6.822,14.75,27746.227,13.069,0.002,0.134,-0.73,Europe,Eastern Europe,Northern Hemisphere,47.0,20.0,1.771,1.351,1.113,0.824,0.381,0.203,3.9,0.772,0.572,0.264,0.141,0.182,0.532,0.306,0.435,0.387,False,False
348,HUN,Hungary,2019,Very High,46,NOTAPPLICABLE,False,False,False,9770346,266658311342.0,5.758,30.6,High income,41,5.031,6.661,15.27,28135.389,15.402,0.002,0.133,-1.452,Europe,Eastern Europe,Northern Hemisphere,47.0,20.0,1.63,1.324,1.145,0.864,0.377,0.205,3.996,0.794,0.6,0.262,0.142,0.179,0.543,0.355,0.419,0.403,False,False
348,HUN,Hungary,2020,Very High,46,NOTAPPLICABLE,False,False,False,9749459,254563881936.0,6.0,30.6,High income,36,4.832,6.203,15.27,27727.416,18.299,0.002,0.134,-0.513,Europe,Eastern Europe,Northern Hemisphere,47.0,20.0,1.371,1.284,1.242,0.967,0.393,0.216,4.164,0.862,0.671,0.273,0.15,0.174,0.551,0.435,0.435,0.403,False,False
348,HUN,Hungary,2021,Very High,46,NOTAPPLICABLE,False,False,False,9707848,272892486007.0,5.992,30.6,High income,36,4.978,6.737,15.27,29250.391,21.808,0.003,0.131,-0.728,Europe,Eastern Europe,Northern Hemisphere,47.0,20.0,1.759,1.353,1.204,0.889,0.392,0.205,4.158,0.835,0.617,0.272,0.142,0.17,0.522,0.435,0.452,0.403,False,False
360,IDN,Indonesia,2013,High,114,EAP,False,False,False,255852464,2437876929100.0,5.348,38.9,Upper middle income,46,1.929,1.991,6.5,7131.105,82.807,0.034,1.399,4.843,Asia,South-eastern Asia,Southern Hemisphere,-5.0,120.0,0.062,1.032,2.772,2.686,0.823,0.75,3.268,1.694,1.641,0.503,0.458,0.271,0.911,0.274,0.129,0.097,False,False
360,IDN,Indonesia,2014,High,114,EAP,False,False,False,258877395,2559933272409.0,5.374,38.8,Upper middle income,45,1.924,1.97,6.53,7171.866,87.533,0.035,1.404,5.172,Asia,South-eastern Asia,Southern Hemisphere,-5.0,120.0,0.046,1.024,2.793,2.728,0.823,0.749,3.289,1.709,1.67,0.504,0.459,0.268,0.911,0.29,0.113,0.065,False,False
360,IDN,Indonesia,2015,High,114,EAP,False,False,False,261799249,2684763880628.0,5.399,38.2,Upper middle income,44,2.105,2.083,6.65,7243.952,76.045,0.036,1.557,6.847,Asia,South-eastern Asia,Southern Hemisphere,-5.0,120.0,-0.022,0.99,2.565,2.592,0.812,0.745,3.337,1.585,1.602,0.502,0.461,0.291,0.918,0.306,0.113,0.081,False,False
360,IDN,Indonesia,2016,High,114,EAP,False,False,False,264627429,2819889903036.0,5.314,36.9,Upper middle income,47,2.071,2.073,6.34,7120.307,109.633,0.036,1.548,3.304,Asia,South-eastern Asia,Southern Hemisphere,-5.0,120.0,0.002,1.001,2.566,2.563,0.838,0.746,3.353,1.619,1.617,0.529,0.471,0.291,0.89,0.258,0.113,0.081,False,False
360,IDN,Indonesia,2017,High,114,EAP,False,False,False,267346654,2962852274581.0,5.262,36.4,Upper middle income,51,2.136,2.123,6.48,7569.616,111.897,0.037,1.587,2.923,Asia,South-eastern Asia,Southern Hemisphere,-5.0,120.0,-0.013,0.994,2.463,2.479,0.812,0.695,3.347,1.567,1.577,0.517,0.442,0.282,0.856,0.194,0.129,0.065,False,False
360,IDN,Indonesia,2018,High,114,EAP,False,False,False,269951847,3116158974437.0,5.093,36.3,Upper middle income,55,2.25,2.248,6.66,7896.082,171.458,0.038,1.653,2.919,Asia,South-eastern Asia,Southern Hemisphere,-5.0,120.0,-0.002,0.999,2.264,2.266,0.765,0.645,3.244,1.442,1.443,0.487,0.411,0.285,0.843,0.129,0.145,0.065,False,False
360,IDN,Indonesia,2019,High,114,EAP,False,False,False,272489381,3272568062078.0,5.192,35.4,Upper middle income,53,2.441,2.438,6.77,8271.658,194.482,0.038,1.793,3.739,Asia,South-eastern Asia,Southern Hemisphere,-5.0,120.0,-0.003,0.999,2.127,2.13,0.767,0.628,3.354,1.374,1.376,0.495,0.405,0.295,0.818,0.161,0.161,0.081,False,False
360,IDN,Indonesia,2020,High,114,EAP,False,False,False,274814861,3204972631957.0,5.286,35.3,Upper middle income,52,2.268,2.292,6.77,7700.858,225.746,0.039,1.773,2.438,Asia,South-eastern Asia,Southern Hemisphere,-5.0,120.0,0.024,1.011,2.331,2.306,0.781,0.686,3.42,1.508,1.492,0.505,0.444,0.295,0.879,0.177,0.161,0.081,False,False
360,IDN,Indonesia,2021,High,114,EAP,False,False,False,276758056,3323654666991.0,5.345,35.5,Upper middle income,51,2.287,2.267,6.77,7937.188,243.844,0.04,1.717,2.503,Asia,South-eastern Asia,Southern Hemisphere,-5.0,120.0,-0.02,0.991,2.337,2.358,0.79,0.673,3.448,1.508,1.521,0.509,0.434,0.288,0.853,0.194,0.145,0.081,False,False
372,IRL,Ireland,2013,Very High,8,NOTAPPLICABLE,False,False,False,4624686,222738952818.0,7.076,33.5,High income,14,8.061,9.516,25.38,35677.523,15.832,0.001,0.106,1.074,Europe,Northern Europe,Northern Hemisphere,53.0,-8.0,1.455,1.18,0.878,0.744,0.279,0.198,4.706,0.584,0.495,0.185,0.132,0.226,0.711,0.79,0.645,0.661,False,False
372,IRL,Ireland,2014,Very High,8,NOTAPPLICABLE,False,False,False,4658236,236178350686.0,7.008,31.9,High income,14,7.911,9.6,26.37,35325.18,17.889,0.001,0.104,0.709,Europe,Northern Europe,Northern Hemisphere,53.0,-8.0,1.689,1.214,0.886,0.73,0.266,0.198,4.772,0.603,0.497,0.181,0.135,0.224,0.746,0.79,0.677,0.71,False,False
372,IRL,Ireland,2015,Very High,8,NOTAPPLICABLE,False,False,False,4702497,249955928768.0,6.94,31.8,High income,15,8.233,9.314,27.92,36983.117,21.597,0.001,0.109,1.214,Europe,Northern Europe,Northern Hemisphere,53.0,-8.0,1.081,1.131,0.843,0.745,0.249,0.188,4.733,0.575,0.508,0.17,0.128,0.223,0.755,0.774,0.677,0.71,False,False
372,IRL,Ireland,2016,Very High,8,NOTAPPLICABLE,False,False,False,4753506,255118282428.0,6.907,32.8,High income,15,8.492,9.442,32.19,38268.473,20.85,0.001,0.114,1.34,Europe,Northern Europe,Northern Hemisphere,53.0,-8.0,0.95,1.112,0.813,0.732,0.215,0.18,4.642,0.547,0.492,0.144,0.121,0.222,0.841,0.774,0.694,0.806,False,False
372,IRL,Ireland,2017,Very High,8,NOTAPPLICABLE,False,False,False,4810258,266528546717.0,6.977,31.4,High income,12,8.116,9.492,31.29,37987.566,24.831,0.001,0.109,1.324,Europe,Northern Europe,Northern Hemisphere,53.0,-8.0,1.376,1.17,0.86,0.735,0.223,0.184,4.786,0.59,0.504,0.153,0.126,0.214,0.824,0.823,0.694,0.758,False,False
372,IRL,Ireland,2018,Very High,8,NOTAPPLICABLE,False,False,False,4872559,282500483309.0,6.977,30.6,High income,11,7.988,9.507,37.25,38347.988,28.057,0.001,0.106,1.118,Europe,Northern Europe,Northern Hemisphere,53.0,-8.0,1.519,1.19,0.873,0.734,0.187,0.182,4.842,0.606,0.509,0.13,0.126,0.208,0.971,0.839,0.694,0.919,False,False
372,IRL,Ireland,2019,Very High,8,NOTAPPLICABLE,False,False,False,4933493,294503693886.0,7.021,30.3,High income,13,7.54,9.37,49.25,38065.551,32.338,0.001,0.1,0.858,Europe,Northern Europe,Northern Hemisphere,53.0,-8.0,1.83,1.243,0.931,0.749,0.143,0.184,4.894,0.649,0.522,0.099,0.129,0.198,1.294,0.806,0.71,0.984,False,False
372,IRL,Ireland,2020,Very High,8,NOTAPPLICABLE,False,False,False,4982602,274762344680.0,7.094,29.2,High income,13,7.035,7.986,49.25,35439.918,36.334,0.001,0.1,0.174,Europe,Northern Europe,Northern Hemisphere,53.0,-8.0,0.951,1.135,1.008,0.888,0.144,0.2,5.023,0.714,0.629,0.102,0.142,0.199,1.39,0.806,0.645,0.984,False,False
372,IRL,Ireland,2021,Very High,8,NOTAPPLICABLE,False,False,False,5028428,287639621097.0,7.085,29.4,High income,13,7.452,8.353,49.25,35772.973,31.71,0.001,0.102,0.36,Europe,Northern Europe,Northern Hemisphere,53.0,-8.0,0.901,1.121,0.951,0.848,0.144,0.198,5.002,0.671,0.599,0.102,0.14,0.208,1.377,0.806,0.661,0.984,False,False
364,IRN,Iran,2013,High,76,SA,False,False,False,80414689,1287095594893.0,4.643,34.0,Upper middle income,59,7.586,6.043,12.06,33255.664,38.024,0.007,1.729,-0.293,Asia,Southern Asia,Northern Hemisphere,32.0,53.0,-1.543,0.797,0.612,0.768,0.385,0.14,3.064,0.404,0.507,0.254,0.092,0.228,0.363,0.065,0.387,0.306,False,False
364,IRN,Iran,2014,High,76,SA,False,False,False,81502045,1352737013920.0,4.664,34.8,Upper middle income,59,7.904,6.462,11.88,34196.25,37.562,0.007,1.816,-0.316,Asia,Southern Asia,Northern Hemisphere,32.0,53.0,-1.442,0.818,0.59,0.722,0.393,0.136,3.041,0.385,0.471,0.256,0.089,0.231,0.347,0.065,0.435,0.306,False,False
364,IRN,Iran,2015,High,76,SA,False,False,False,82619365,1331012211481.0,4.686,35.3,Upper middle income,57,7.77,7.109,11.06,33441.344,33.961,0.008,1.813,-0.283,Asia,Southern Asia,Northern Hemisphere,32.0,53.0,-0.661,0.915,0.603,0.659,0.424,0.14,3.032,0.39,0.427,0.274,0.091,0.232,0.331,0.097,0.565,0.29,False,False
364,IRN,Iran,2016,High,76,SA,False,False,False,83812230,1413723685657.0,4.813,35.9,Upper middle income,56,7.692,6.342,10.9,34845.238,39.221,0.008,1.822,-0.285,Asia,Southern Asia,Northern Hemisphere,32.0,53.0,-1.35,0.824,0.626,0.759,0.442,0.138,3.085,0.401,0.486,0.283,0.089,0.221,0.313,0.113,0.435,0.29,False,False
364,IRN,Iran,2017,High,76,SA,False,False,False,85026761,1486668357750.0,4.692,36.7,Upper middle income,59,8.19,6.678,10.96,35561.832,44.166,0.008,1.936,-0.284,Asia,Southern Asia,Northern Hemisphere,32.0,53.0,-1.512,0.815,0.573,0.703,0.428,0.132,2.97,0.363,0.445,0.271,0.084,0.23,0.308,0.065,0.419,0.29,False,False
364,IRN,Iran,2018,High,76,SA,False,False,False,86117999,1483607175221.0,4.707,37.4,Upper middle income,58,7.716,6.11,12.53,36251.887,26.966,0.008,1.809,0.624,Asia,Southern Asia,Northern Hemisphere,32.0,53.0,-1.606,0.792,0.61,0.77,0.376,0.13,2.947,0.382,0.482,0.235,0.081,0.213,0.346,0.081,0.371,0.323,False,False
364,IRN,Iran,2019,High,76,SA,False,False,False,87051649,1438754460224.0,4.548,36.5,Upper middle income,58,8.354,7.061,13.16,37875.234,86.908,0.009,1.961,0.236,Asia,Southern Asia,Northern Hemisphere,32.0,53.0,-1.293,0.845,0.544,0.644,0.346,0.12,2.888,0.346,0.409,0.219,0.076,0.221,0.347,0.081,0.484,0.323,False,False
364,IRN,Iran,2020,High,76,SA,False,False,False,87723448,1446203709942.0,4.672,35.8,Upper middle income,59,8.499,7.432,13.16,39001.836,61.588,0.009,2.121,0.108,Asia,Southern Asia,Northern Hemisphere,32.0,53.0,-1.067,0.874,0.55,0.629,0.355,0.12,2.999,0.353,0.404,0.228,0.077,0.218,0.337,0.065,0.597,0.323,False,False
364,IRN,Iran,2021,High,76,SA,False,False,False,88455490,1525523070071.0,4.721,35.5,Upper middle income,60,8.813,7.491,13.16,38159.27,38.438,0.009,2.114,0.024,Asia,Southern Asia,Northern Hemisphere,32.0,53.0,-1.322,0.85,0.536,0.63,0.359,0.124,3.045,0.346,0.406,0.231,0.08,0.231,0.345,0.048,0.516,0.323,False,False
376,ISR,Israel,2013,Very High,22,NOTAPPLICABLE,False,False,False,7749369,235885601546.0,7.301,39.9,High income,10,8.142,10.911,25.55,34478.062,1.558,0.001,0.179,0.091,Asia,Western Asia,Northern Hemisphere,31.5,34.75,2.769,1.34,0.897,0.669,0.286,0.212,4.388,0.539,0.402,0.172,0.127,0.236,0.741,0.855,0.774,0.677,False,False
376,ISR,Israel,2014,Very High,22,NOTAPPLICABLE,False,False,False,7897173,245129958334.0,7.29,39.8,High income,9,7.633,10.947,26.0,33001.949,2.572,0.001,0.17,0.011,Asia,Western Asia,Northern Hemisphere,31.5,34.75,3.314,1.434,0.955,0.666,0.28,0.221,4.389,0.575,0.401,0.169,0.133,0.231,0.788,0.871,0.774,0.694,False,False
376,ISR,Israel,2015,Very High,22,NOTAPPLICABLE,False,False,False,8052916,251223879854.0,7.278,39.7,High income,9,7.815,10.559,28.57,34152.684,3.489,0.001,0.178,-0.012,Asia,Western Asia,Northern Hemisphere,31.5,34.75,2.744,1.351,0.931,0.689,0.255,0.213,4.389,0.562,0.416,0.154,0.129,0.229,0.837,0.871,0.806,0.742,False,False
376,ISR,Israel,2016,Very High,22,NOTAPPLICABLE,False,False,False,8210006,262584215516.0,7.267,39.0,High income,9,7.45,10.697,26.49,34174.199,4.893,0.001,0.173,0.486,Asia,Western Asia,Northern Hemisphere,31.5,34.75,3.247,1.436,0.975,0.679,0.274,0.213,4.433,0.595,0.414,0.167,0.13,0.218,0.775,0.871,0.79,0.677,False,False
376,ISR,Israel,2017,Very High,22,NOTAPPLICABLE,False,False,False,8361796,273812314306.0,7.213,38.2,High income,9,7.038,10.104,28.61,34165.57,4.995,0.001,0.164,0.231,Asia,Western Asia,Northern Hemisphere,31.5,34.75,3.066,1.436,1.025,0.714,0.252,0.211,4.458,0.633,0.441,0.156,0.13,0.206,0.837,0.871,0.758,0.726,False,False
376,ISR,Israel,2018,Very High,22,NOTAPPLICABLE,False,False,False,8510067,284956472967.0,7.19,38.6,High income,9,7.049,10.644,29.83,34337.16,5.518,0.001,0.163,0.116,Asia,Western Asia,Northern Hemisphere,31.5,34.75,3.595,1.51,1.02,0.675,0.241,0.209,4.415,0.626,0.415,0.148,0.129,0.205,0.869,0.871,0.774,0.742,False,False
376,ISR,Israel,2019,Very High,22,NOTAPPLICABLE,False,False,False,8657466,296799271432.0,7.139,38.3,High income,10,6.809,10.213,30.76,34826.125,8.737,0.001,0.159,0.088,Asia,Western Asia,Northern Hemisphere,31.5,34.75,3.404,1.5,1.048,0.699,0.232,0.205,4.405,0.647,0.431,0.143,0.126,0.196,0.883,0.855,0.79,0.742,False,False
376,ISR,Israel,2020,Very High,22,NOTAPPLICABLE,False,False,False,8800380,291287719910.0,7.129,37.8,High income,12,6.737,9.605,30.76,32400.352,11.447,0.001,0.169,0.046,Asia,Western Asia,Northern Hemisphere,31.5,34.75,2.868,1.426,1.058,0.742,0.232,0.22,4.434,0.658,0.462,0.144,0.137,0.208,0.949,0.823,0.806,0.742,False,False
376,ISR,Israel,2021,Very High,22,NOTAPPLICABLE,False,False,False,8942925,316373426613.0,7.157,37.9,High income,10,6.592,10.113,30.76,32656.467,14.236,0.001,0.16,0.02,Asia,Western Asia,Northern Hemisphere,31.5,34.75,3.521,1.534,1.086,0.708,0.233,0.219,4.444,0.674,0.439,0.144,0.136,0.202,0.942,0.855,0.823,0.742,False,False
380,ITA,Italy,2013,Very High,30,NOTAPPLICABLE,False,False,False,60653864,2010255414011.0,6.021,34.9,High income,32,6.091,8.057,13.74,30716.307,313.725,0.01,1.047,-0.703,Europe,Southern Europe,Northern Hemisphere,42.8333,12.8333,1.966,1.323,0.989,0.747,0.438,0.196,3.92,0.644,0.487,0.285,0.128,0.198,0.447,0.5,0.597,0.363,False,False
380,ITA,Italy,2014,Very High,30,NOTAPPLICABLE,False,False,False,60664169,2010164047423.0,5.985,34.7,High income,31,5.759,7.732,13.37,29940.508,333.739,0.01,0.985,-0.72,Europe,Southern Europe,Northern Hemisphere,42.8333,12.8333,1.973,1.343,1.039,0.774,0.448,0.2,3.908,0.679,0.505,0.292,0.131,0.192,0.447,0.516,0.581,0.339,False,False
380,ITA,Italy,2015,Very High,30,NOTAPPLICABLE,False,False,False,60575314,2025809415322.0,5.948,35.4,High income,32,5.964,7.607,13.16,30350.078,304.388,0.011,1.02,-0.637,Europe,Southern Europe,Northern Hemisphere,42.8333,12.8333,1.643,1.275,0.997,0.782,0.452,0.196,3.842,0.644,0.505,0.292,0.127,0.197,0.434,0.5,0.597,0.323,False,False
380,ITA,Italy,2016,Very High,30,NOTAPPLICABLE,False,False,False,60478103,2052012434345.0,5.977,35.2,High income,30,5.922,7.671,13.48,30333.92,299.222,0.011,1.012,-0.549,Europe,Southern Europe,Northern Hemisphere,42.8333,12.8333,1.749,1.295,1.009,0.779,0.443,0.197,3.873,0.654,0.505,0.287,0.128,0.195,0.444,0.532,0.597,0.323,False,False
380,ITA,Italy,2017,Very High,30,NOTAPPLICABLE,False,False,False,60390317,2086237040647.0,5.964,35.9,High income,32,5.84,7.613,13.55,30594.736,287.981,0.011,0.98,-0.665,Europe,Southern Europe,Northern Hemisphere,42.8333,12.8333,1.773,1.304,1.021,0.783,0.44,0.195,3.823,0.655,0.502,0.282,0.125,0.191,0.443,0.5,0.548,0.323,False,False
380,ITA,Italy,2018,Very High,30,NOTAPPLICABLE,False,False,False,60277496,2105551772855.0,6.0,35.2,High income,31,5.791,7.744,12.33,30853.664,315.249,0.011,0.95,-0.012,Europe,Southern Europe,Northern Hemisphere,42.8333,12.8333,1.953,1.337,1.036,0.775,0.487,0.194,3.888,0.671,0.502,0.315,0.126,0.188,0.4,0.516,0.548,0.29,False,False
380,ITA,Italy,2019,Very High,30,NOTAPPLICABLE,False,False,False,60130136,2115725732767.0,6.223,34.6,High income,25,5.648,7.492,11.85,30599.51,318.252,0.011,0.916,-0.381,Europe,Southern Europe,Northern Hemisphere,42.8333,12.8333,1.844,1.326,1.102,0.831,0.525,0.203,4.07,0.721,0.543,0.343,0.133,0.185,0.387,0.613,0.532,0.274,False,False
380,ITA,Italy,2020,Very High,30,NOTAPPLICABLE,False,False,False,59912763,1925751927111.0,6.387,35.2,High income,22,5.051,6.714,11.85,27764.078,320.361,0.011,0.861,-0.477,Europe,Southern Europe,Northern Hemisphere,42.8333,12.8333,1.663,1.329,1.265,0.951,0.539,0.23,4.139,0.819,0.616,0.349,0.149,0.182,0.427,0.661,0.5,0.274,False,False
380,ITA,Italy,2021,Very High,30,NOTAPPLICABLE,False,False,False,59729353,2060299944789.0,6.483,34.8,High income,21,5.624,7.564,11.85,29887.174,319.47,0.011,0.911,0.04,Europe,Southern Europe,Northern Hemisphere,42.8333,12.8333,1.94,1.345,1.153,0.857,0.547,0.217,4.227,0.752,0.559,0.357,0.141,0.188,0.396,0.677,0.532,0.274,False,False
392,JPN,Japan,2013,Very High,19,NOTAPPLICABLE,False,False,False,127723642,4621006950566.0,6.064,31.5,High income,30,10.271,11.643,22.8,43658.484,324.029,0.028,3.719,-0.054,Asia,Eastern Asia,Northern Hemisphere,36.0,138.0,1.372,1.134,0.59,0.521,0.266,0.139,4.154,0.404,0.357,0.182,0.095,0.235,0.522,0.532,0.823,0.645,False,False
392,JPN,Japan,2014,Very High,19,NOTAPPLICABLE,False,False,False,127486601,4634693421103.0,6.026,31.3,High income,30,9.886,11.013,22.42,42606.789,357.539,0.028,3.553,-0.042,Asia,Eastern Asia,Northern Hemisphere,36.0,138.0,1.127,1.114,0.61,0.547,0.269,0.141,4.14,0.419,0.376,0.185,0.097,0.232,0.526,0.532,0.79,0.645,False,False
392,JPN,Japan,2015,Very High,19,NOTAPPLICABLE,False,False,False,127275868,4707025000790.0,5.987,30.7,High income,29,9.585,10.378,20.3,42138.867,410.581,0.029,3.446,-0.035,Asia,Eastern Asia,Northern Hemisphere,36.0,138.0,0.793,1.083,0.625,0.577,0.295,0.142,4.149,0.433,0.4,0.204,0.098,0.227,0.482,0.548,0.774,0.581,False,False
392,JPN,Japan,2016,Very High,19,NOTAPPLICABLE,False,False,False,127159950,4742508721138.0,5.921,31.8,High income,32,9.436,10.403,19.28,41646.914,400.425,0.029,3.39,-0.036,Asia,Eastern Asia,Northern Hemisphere,36.0,138.0,0.967,1.102,0.627,0.569,0.307,0.142,4.038,0.428,0.388,0.209,0.097,0.227,0.463,0.5,0.774,0.532,False,False
392,JPN,Japan,2017,Very High,19,NOTAPPLICABLE,False,False,False,127064686,4821960242931.0,5.92,31.8,High income,34,9.321,10.145,19.47,42137.562,427.926,0.03,3.292,-0.009,Asia,Eastern Asia,Northern Hemisphere,36.0,138.0,0.824,1.088,0.635,0.584,0.304,0.14,4.037,0.433,0.398,0.207,0.096,0.221,0.462,0.468,0.774,0.532,False,False
392,JPN,Japan,2018,Very High,19,NOTAPPLICABLE,False,False,False,126913432,4852985093686.0,5.915,32.9,High income,37,8.971,10.041,18.89,41899.98,457.705,0.03,3.099,0.008,Asia,Eastern Asia,Northern Hemisphere,36.0,138.0,1.07,1.119,0.659,0.589,0.313,0.141,3.969,0.442,0.395,0.21,0.095,0.214,0.451,0.419,0.758,0.548,False,False
392,JPN,Japan,2019,Very High,19,NOTAPPLICABLE,False,False,False,126699421,4833467877373.0,5.886,33.0,High income,39,8.698,9.832,18.18,41086.219,459.348,0.031,2.972,-0.02,Asia,Eastern Asia,Northern Hemisphere,36.0,138.0,1.134,1.13,0.677,0.599,0.324,0.143,3.944,0.453,0.401,0.217,0.096,0.212,0.442,0.387,0.758,0.532,False,False
392,JPN,Japan,2020,Very High,19,NOTAPPLICABLE,False,False,False,126304533,4626661481209.0,5.871,32.3,High income,43,8.213,9.372,18.18,38203.219,501.689,0.031,2.95,0.011,Asia,Eastern Asia,Northern Hemisphere,36.0,138.0,1.159,1.141,0.715,0.626,0.323,0.154,3.975,0.484,0.424,0.219,0.104,0.215,0.476,0.323,0.79,0.532,False,False
392,JPN,Japan,2021,Very High,19,NOTAPPLICABLE,False,False,False,125679342,4725883595048.0,5.94,32.3,High income,38,8.422,9.706,18.18,40020.164,540.688,0.032,2.871,0.036,Asia,Eastern Asia,Northern Hemisphere,36.0,138.0,1.284,1.152,0.705,0.612,0.327,0.148,4.021,0.477,0.414,0.221,0.1,0.21,0.454,0.403,0.774,0.532,False,False
398,KAZ,Kazakhstan,2013,Very High,56,ECA,False,True,False,17556502,400574375261.0,5.671,27.1,Upper middle income,38,14.441,11.432,38.56,41671.484,19.785,0.009,0.719,-0.934,Asia,Central Asia,Northern Hemisphere,48.0,68.0,-3.009,0.792,0.393,0.496,0.147,0.136,4.134,0.286,0.362,0.107,0.099,0.347,0.925,0.403,0.79,0.903,False,False
398,KAZ,Kazakhstan,2014,Very High,56,ECA,False,True,False,17816285,417799078586.0,5.763,27.0,Upper middle income,38,16.79,12.234,39.4,43168.984,21.062,0.009,0.843,-0.209,Asia,Central Asia,Northern Hemisphere,48.0,68.0,-4.556,0.729,0.343,0.471,0.146,0.133,4.207,0.251,0.344,0.107,0.097,0.389,0.913,0.403,0.839,0.903,False,False
398,KAZ,Kazakhstan,2015,Very High,56,ECA,False,True,False,18084175,421977118608.0,5.855,26.8,Upper middle income,33,16.758,13.829,44.26,35163.887,23.918,0.01,0.856,-0.675,Asia,Central Asia,Northern Hemisphere,48.0,68.0,-2.929,0.825,0.349,0.423,0.132,0.167,4.286,0.256,0.31,0.097,0.122,0.477,1.259,0.484,0.871,0.935,False,False
398,KAZ,Kazakhstan,2016,Very High,56,ECA,False,True,False,18363600,425774884998.0,5.919,27.2,Upper middle income,33,16.431,12.428,37.86,38735.684,30.117,0.01,0.853,-0.697,Asia,Central Asia,Northern Hemisphere,48.0,68.0,-4.003,0.756,0.36,0.476,0.156,0.153,4.309,0.262,0.347,0.114,0.111,0.424,0.977,0.484,0.839,0.871,False,False
398,KAZ,Kazakhstan,2017,Very High,56,ECA,False,True,False,18651931,442384368842.0,5.819,27.5,Upper middle income,39,17.034,12.835,34.22,41010.547,29.113,0.01,0.883,-0.547,Asia,Central Asia,Northern Hemisphere,48.0,68.0,-4.199,0.753,0.342,0.453,0.17,0.142,4.219,0.248,0.329,0.123,0.103,0.415,0.834,0.387,0.839,0.839,False,False
398,KAZ,Kazakhstan,2018,Very High,56,ECA,False,True,False,18932725,460522121041.0,5.79,27.8,Upper middle income,40,17.408,12.028,32.72,41684.305,27.129,0.01,0.897,-0.843,Asia,Central Asia,Northern Hemisphere,48.0,68.0,-5.38,0.691,0.333,0.481,0.177,0.139,4.18,0.24,0.348,0.128,0.1,0.418,0.785,0.371,0.839,0.79,False,False
398,KAZ,Kazakhstan,2019,Very High,56,ECA,False,True,False,19209556,481245619523.0,5.809,28.0,Upper middle income,40,15.411,10.997,34.41,41578.891,27.471,0.01,0.798,-0.432,Asia,Central Asia,Northern Hemisphere,48.0,68.0,-4.414,0.714,0.377,0.528,0.169,0.14,4.182,0.271,0.38,0.122,0.101,0.371,0.828,0.371,0.839,0.839,False,False
398,KAZ,Kazakhstan,2020,Very High,56,ECA,False,True,False,19482116,468733212615.0,6.058,28.7,Upper middle income,33,14.464,11.216,34.41,37774.996,29.467,0.01,0.801,-0.308,Asia,Central Asia,Northern Hemisphere,48.0,68.0,-3.248,0.775,0.419,0.54,0.176,0.16,4.319,0.299,0.385,0.126,0.114,0.383,0.911,0.484,0.855,0.839,False,False
398,KAZ,Kazakhstan,2021,Very High,56,ECA,False,True,False,19743607,487951301251.0,6.152,29.2,Upper middle income,32,12.404,9.691,34.41,41644.129,31.004,0.01,0.664,-0.46,Asia,Central Asia,Northern Hemisphere,48.0,68.0,-2.713,0.781,0.496,0.635,0.179,0.148,4.356,0.351,0.449,0.127,0.105,0.298,0.826,0.5,0.758,0.839,False,False
410,KOR,South Korea,2013,Very High,19,NOTAPPLICABLE,False,False,False,50071168,1700045113031.0,6.267,31.2,High income,29,12.674,13.376,21.21,64755.305,32.286,0.006,1.799,-0.101,Asia,Eastern Asia,Northern Hemisphere,37.0,127.5,0.702,1.055,0.494,0.469,0.295,0.097,4.312,0.34,0.322,0.203,0.067,0.196,0.328,0.548,0.855,0.613,False,False
410,KOR,South Korea,2014,Very High,19,NOTAPPLICABLE,False,False,False,50539055,1754480590300.0,6.126,31.2,High income,28,12.453,13.746,21.49,64689.973,41.046,0.007,1.775,-0.043,Asia,Eastern Asia,Northern Hemisphere,37.0,127.5,1.293,1.104,0.492,0.446,0.285,0.095,4.215,0.338,0.307,0.196,0.065,0.193,0.332,0.565,0.871,0.613,False,False
410,KOR,South Korea,2015,Very High,19,NOTAPPLICABLE,False,False,False,50983909,1803763858886.0,5.984,33.2,High income,30,12.439,13.265,21.49,65128.559,48.042,0.007,1.791,-0.037,Asia,Eastern Asia,Northern Hemisphere,37.0,127.5,0.826,1.066,0.481,0.451,0.278,0.092,3.997,0.321,0.301,0.186,0.061,0.191,0.33,0.532,0.855,0.629,False,False
410,KOR,South Korea,2016,Very High,19,NOTAPPLICABLE,False,False,False,51297836,1856920794289.0,5.835,35.2,High income,35,12.435,13.05,21.6,67038.734,56.572,0.007,1.802,-0.084,Asia,Eastern Asia,Northern Hemisphere,37.0,127.5,0.615,1.049,0.469,0.447,0.27,0.087,3.781,0.304,0.29,0.175,0.056,0.185,0.322,0.444,0.871,0.613,False,False
410,KOR,South Korea,2017,Very High,19,NOTAPPLICABLE,False,False,False,51486268,1915599559593.0,5.838,34.9,High income,37,12.713,13.631,22.72,67581.461,68.386,0.008,1.819,-0.089,Asia,Eastern Asia,Northern Hemisphere,37.0,127.5,0.918,1.072,0.459,0.428,0.257,0.086,3.801,0.299,0.279,0.167,0.056,0.188,0.336,0.419,0.871,0.645,False,False
410,KOR,South Korea,2018,Very High,19,NOTAPPLICABLE,False,False,False,51640894,1971285914824.0,5.875,33.7,High income,38,12.977,14.508,21.65,68987.422,84.679,0.008,1.824,-0.057,Asia,Eastern Asia,Northern Hemisphere,37.0,127.5,1.531,1.118,0.453,0.405,0.271,0.085,3.895,0.3,0.268,0.18,0.056,0.188,0.314,0.403,0.887,0.645,False,False
410,KOR,South Korea,2019,Very High,19,NOTAPPLICABLE,False,False,False,51767844,2015521635585.0,5.895,33.2,High income,37,12.481,14.209,22.01,67917.344,98.352,0.008,1.742,-0.093,Asia,Eastern Asia,Northern Hemisphere,37.0,127.5,1.728,1.138,0.472,0.415,0.268,0.087,3.938,0.316,0.277,0.179,0.058,0.184,0.324,0.419,0.887,0.645,False,False
410,KOR,South Korea,2020,Very High,19,NOTAPPLICABLE,False,False,False,51858481,2001231642062.0,5.872,32.7,High income,42,11.524,13.152,22.01,65364.605,117.038,0.008,1.7,-0.106,Asia,Eastern Asia,Northern Hemisphere,37.0,127.5,1.628,1.141,0.51,0.446,0.267,0.09,3.952,0.343,0.3,0.18,0.06,0.176,0.337,0.339,0.903,0.645,False,False
410,KOR,South Korea,2021,Very High,19,NOTAPPLICABLE,False,False,False,51848401,2084182684453.0,5.845,32.9,High income,43,11.882,13.84,22.01,68918.578,138.026,0.009,1.671,-0.13,Asia,Eastern Asia,Northern Hemisphere,37.0,127.5,1.958,1.165,0.492,0.422,0.266,0.085,3.922,0.33,0.283,0.178,0.057,0.172,0.319,0.323,0.903,0.645,False,False
144,LKA,Sri Lanka,2013,High,73,SA,False,False,False,21358829,220937614421.0,4.151,39.3,Lower middle income,61,0.662,1.571,3.52,3708.73,18.441,0.001,0.04,0.706,Asia,Southern Asia,Northern Hemisphere,7.0,81.0,0.909,2.373,6.27,2.642,1.179,1.119,2.52,3.807,1.604,0.716,0.679,0.178,0.949,0.032,0.081,0.048,False,False
144,LKA,Sri Lanka,2014,High,73,SA,False,False,False,21547454,235029015924.0,4.211,39.3,Lower middle income,61,0.792,1.721,5.73,3986.135,12.504,0.001,0.048,0.594,Asia,Southern Asia,Northern Hemisphere,7.0,81.0,0.929,2.173,5.317,2.447,0.735,1.056,2.556,3.227,1.485,0.446,0.641,0.199,1.437,0.032,0.081,0.048,False,False
144,LKA,Sri Lanka,2015,High,73,SA,False,False,False,21729975,244914328998.0,4.271,39.3,Lower middle income,60,0.883,1.784,6.2,4201.579,16.31,0.001,0.054,0.738,Asia,Southern Asia,Northern Hemisphere,7.0,81.0,0.901,2.02,4.837,2.394,0.689,1.017,2.592,2.935,1.453,0.418,0.617,0.21,1.476,0.048,0.097,0.048,False,False
144,LKA,Sri Lanka,2016,High,73,SA,False,False,False,21910763,257292293131.0,4.415,39.3,Lower middle income,59,1.02,1.986,4.55,4603.753,11.932,0.001,0.063,0.663,Asia,Southern Asia,Northern Hemisphere,7.0,81.0,0.966,1.947,4.328,2.223,0.97,0.959,2.68,2.627,1.349,0.589,0.582,0.222,0.988,0.065,0.097,0.048,False,False
144,LKA,Sri Lanka,2017,High,73,SA,False,False,False,22087525,273915973018.0,4.44,38.767,Lower middle income,61,1.004,1.953,7.29,4832.206,11.766,0.001,0.062,0.982,Asia,Southern Asia,Northern Hemisphere,7.0,81.0,0.949,1.945,4.422,2.273,0.609,0.919,2.719,2.708,1.392,0.373,0.563,0.208,1.509,0.032,0.097,0.113,False,False
144,LKA,Sri Lanka,2018,High,73,SA,False,False,False,22253116,280243422762.0,4.471,38.233,Lower middle income,60,0.905,1.916,4.33,5049.593,17.832,0.001,0.055,0.624,Asia,Southern Asia,Northern Hemisphere,7.0,81.0,1.011,2.117,4.94,2.334,1.033,0.885,2.762,3.052,1.442,0.638,0.547,0.179,0.857,0.048,0.081,0.048,False,False
144,LKA,Sri Lanka,2019,High,73,SA,False,False,False,22410552,279626891521.0,4.366,37.7,Lower middle income,60,0.942,1.926,4.36,5043.847,14.378,0.001,0.057,0.487,Asia,Southern Asia,Northern Hemisphere,7.0,81.0,0.984,2.045,4.635,2.267,1.001,0.866,2.72,2.887,1.412,0.624,0.539,0.187,0.864,0.048,0.065,0.048,False,False
144,LKA,Sri Lanka,2020,High,73,SA,False,False,False,22561808,269918239631.0,4.327,37.7,Lower middle income,61,0.905,1.855,4.36,4653.029,15.486,0.001,0.058,0.415,Asia,Southern Asia,Northern Hemisphere,7.0,81.0,0.95,2.05,4.781,2.333,0.992,0.93,2.696,2.979,1.453,0.618,0.579,0.194,0.937,0.032,0.081,0.048,False,False
144,LKA,Sri Lanka,2021,High,73,SA,False,False,False,22700377,278898406287.0,4.325,37.7,Lower middle income,61,0.917,2.015,4.36,4795.043,22.572,0.001,0.056,0.368,Asia,Southern Asia,Northern Hemisphere,7.0,81.0,1.098,2.197,4.716,2.146,0.992,0.902,2.694,2.938,1.337,0.618,0.562,0.191,0.909,0.032,0.081,0.048,False,False
440,LTU,Lithuania,2013,Very High,35,NOTAPPLICABLE,False,False,False,2958359,63937849304.0,5.426,35.3,High income,44,4.444,6.935,39.23,21436.043,4.775,0.001,0.037,0.324,Europe,Northern Europe,Northern Hemisphere,56.0,24.0,2.491,1.561,1.221,0.782,0.138,0.253,3.511,0.79,0.506,0.089,0.164,0.207,1.83,0.298,0.484,0.919,False,False
440,LTU,Lithuania,2014,Very High,35,NOTAPPLICABLE,False,False,False,2933171,66199372603.0,5.63,37.7,High income,41,4.379,7.053,41.49,20866.352,4.81,0.001,0.036,-0.236,Europe,Northern Europe,Northern Hemisphere,56.0,24.0,2.674,1.611,1.286,0.798,0.136,0.27,3.507,0.801,0.497,0.085,0.168,0.21,1.988,0.355,0.532,0.935,False,False
440,LTU,Lithuania,2015,Very High,35,NOTAPPLICABLE,False,False,False,2905771,67539660018.0,5.833,37.4,High income,35,4.489,6.951,36.91,22063.779,5.307,0.001,0.037,-1.137,Europe,Northern Europe,Northern Hemisphere,56.0,24.0,2.462,1.548,1.299,0.839,0.158,0.264,3.651,0.813,0.525,0.099,0.165,0.203,1.673,0.452,0.5,0.903,False,False
440,LTU,Lithuania,2016,Very High,35,NOTAPPLICABLE,False,False,False,2869109,69240911932.0,5.813,38.4,High income,37,4.566,7.546,37.99,22908.295,6.195,0.001,0.037,-1.38,Europe,Northern Europe,Northern Hemisphere,56.0,24.0,2.98,1.653,1.273,0.77,0.153,0.254,3.581,0.784,0.475,0.094,0.156,0.199,1.658,0.419,0.565,0.887,False,False
440,LTU,Lithuania,2017,Very High,35,NOTAPPLICABLE,False,False,False,2829317,72206131673.0,5.902,37.3,High income,35,4.693,7.884,39.93,24440.611,7.492,0.001,0.037,-0.929,Europe,Northern Europe,Northern Hemisphere,56.0,24.0,3.191,1.68,1.258,0.749,0.148,0.241,3.701,0.789,0.469,0.093,0.151,0.192,1.634,0.452,0.597,0.919,False,False
440,LTU,Lithuania,2018,Very High,35,NOTAPPLICABLE,False,False,False,2802485,75089601435.0,5.952,35.7,High income,33,4.787,8.521,38.38,25323.756,6.737,0.001,0.037,-0.031,Europe,Northern Europe,Northern Hemisphere,56.0,24.0,3.734,1.78,1.243,0.699,0.155,0.235,3.827,0.799,0.449,0.1,0.151,0.189,1.516,0.484,0.613,0.952,False,False
440,LTU,Lithuania,2019,Very High,35,NOTAPPLICABLE,False,False,False,2795057,78562641002.0,6.149,35.3,High income,28,4.883,8.023,40.13,25257.848,7.331,0.001,0.037,-0.639,Europe,Northern Europe,Northern Hemisphere,56.0,24.0,3.14,1.643,1.259,0.766,0.153,0.243,3.978,0.815,0.496,0.099,0.157,0.193,1.589,0.565,0.597,0.935,False,False
440,LTU,Lithuania,2020,Very High,35,NOTAPPLICABLE,False,False,False,2795766,78545278418.0,6.215,36.0,High income,28,4.829,7.346,40.13,25143.193,7.943,0.001,0.038,-0.658,Europe,Northern Europe,Northern Hemisphere,56.0,24.0,2.517,1.521,1.287,0.846,0.155,0.247,3.978,0.824,0.542,0.099,0.158,0.192,1.596,0.565,0.581,0.935,False,False
440,LTU,Lithuania,2021,Very High,35,NOTAPPLICABLE,False,False,False,2794490,83242845981.0,6.255,36.7,High income,27,4.93,8.076,40.13,25102.789,8.384,0.001,0.037,-0.81,Europe,Northern Europe,Northern Hemisphere,56.0,24.0,3.146,1.638,1.269,0.775,0.156,0.249,3.959,0.803,0.49,0.099,0.158,0.196,1.599,0.581,0.629,0.935,False,False
442,LUX,Luxembourg,2013,Very High,17,NOTAPPLICABLE,False,False,False,543358,29514812514.0,7.054,32.0,High income,15,18.999,18.064,62.16,84092.562,1.621,0.0,0.029,0.328,Europe,Western Europe,Northern Hemisphere,49.75,6.1667,-0.935,0.951,0.371,0.391,0.113,0.084,4.797,0.252,0.266,0.077,0.057,0.226,0.739,0.774,0.935,1.0,False,False
442,LUX,Luxembourg,2014,Very High,17,NOTAPPLICABLE,False,False,False,556285,30289014849.0,7.0,31.2,High income,15,17.629,17.319,57.31,79589.086,1.876,0.0,0.028,0.328,Europe,Western Europe,Northern Hemisphere,49.75,6.1667,-0.31,0.982,0.397,0.404,0.122,0.088,4.816,0.273,0.278,0.084,0.061,0.222,0.72,0.774,0.919,1.0,False,False
442,LUX,Luxembourg,2015,Very High,17,NOTAPPLICABLE,False,False,False,569540,30976491415.0,6.946,32.9,High income,14,16.389,16.438,51.55,75560.039,2.107,0.0,0.026,0.236,Europe,Western Europe,Northern Hemisphere,49.75,6.1667,0.049,1.003,0.424,0.423,0.135,0.092,4.661,0.284,0.284,0.09,0.062,0.217,0.682,0.79,0.919,0.984,False,False
442,LUX,Luxembourg,2016,Very High,17,NOTAPPLICABLE,False,False,False,583511,32518554202.0,6.871,31.7,High income,16,15.556,15.283,46.52,72765.094,2.246,0.0,0.026,0.278,Europe,Western Europe,Northern Hemisphere,49.75,6.1667,-0.273,0.982,0.442,0.45,0.148,0.094,4.693,0.302,0.307,0.101,0.064,0.214,0.639,0.758,0.903,0.968,False,False
442,LUX,Luxembourg,2017,Very High,17,NOTAPPLICABLE,False,False,False,596506,32946911821.0,6.863,34.5,High income,15,15.509,14.93,46.69,74357.836,2.889,0.0,0.026,0.275,Europe,Western Europe,Northern Hemisphere,49.75,6.1667,-0.579,0.963,0.443,0.46,0.147,0.092,4.495,0.29,0.301,0.096,0.06,0.209,0.628,0.774,0.887,0.968,False,False
442,LUX,Luxembourg,2018,Very High,17,NOTAPPLICABLE,False,False,False,608109,33348602359.0,6.91,35.4,High income,14,15.715,14.363,42.21,76353.008,3.227,0.0,0.026,0.229,Europe,Western Europe,Northern Hemisphere,49.75,6.1667,-1.352,0.914,0.44,0.481,0.164,0.091,4.464,0.284,0.311,0.106,0.058,0.206,0.553,0.79,0.871,0.968,False,False
442,LUX,Luxembourg,2019,Very High,17,NOTAPPLICABLE,False,False,False,620167,34122291521.0,7.09,34.2,High income,11,15.722,13.648,45.47,76250.828,3.642,0.0,0.026,0.263,Europe,Western Europe,Northern Hemisphere,49.75,6.1667,-2.074,0.868,0.451,0.519,0.156,0.093,4.665,0.297,0.342,0.103,0.061,0.206,0.596,0.839,0.871,0.952,False,False
442,LUX,Luxembourg,2020,Very High,17,NOTAPPLICABLE,False,False,False,630597,33850190319.0,7.238,33.4,High income,8,12.796,11.51,45.47,64289.547,4.287,0.0,0.023,0.297,Europe,Western Europe,Northern Hemisphere,49.75,6.1667,-1.286,0.899,0.566,0.629,0.159,0.113,4.821,0.377,0.419,0.106,0.075,0.199,0.707,0.887,0.871,0.952,False,False
442,LUX,Luxembourg,2021,Very High,17,NOTAPPLICABLE,False,False,False,640276,35577396523.0,7.324,32.7,High income,7,13.134,12.485,45.47,67493.578,4.278,0.0,0.023,0.209,Europe,Western Europe,Northern Hemisphere,49.75,6.1667,-0.649,0.951,0.558,0.587,0.161,0.109,4.929,0.375,0.395,0.108,0.073,0.195,0.674,0.903,0.871,0.952,False,False
428,LVA,Latvia,2013,Very High,39,NOTAPPLICABLE,False,False,False,2013004,41350512828.0,5.046,35.5,High income,51,3.661,6.327,29.67,22147.385,9.57,0.001,0.021,-0.067,Europe,Northern Europe,Northern Hemisphere,57.0,25.0,2.666,1.728,1.378,0.798,0.17,0.228,3.255,0.889,0.514,0.11,0.147,0.165,1.34,0.194,0.419,0.774,False,False
428,LVA,Latvia,2014,Very High,39,NOTAPPLICABLE,False,False,False,1994153,42137028688.0,5.072,35.1,High income,51,3.597,6.088,33.02,20567.852,7.702,0.001,0.02,0.225,Europe,Northern Europe,Northern Hemisphere,57.0,25.0,2.491,1.693,1.41,0.833,0.154,0.247,3.292,0.915,0.541,0.1,0.16,0.175,1.605,0.194,0.403,0.823,False,False
428,LVA,Latvia,2015,Very High,39,NOTAPPLICABLE,False,False,False,1977874,43774190659.0,5.098,34.2,High income,51,3.672,6.382,29.74,21292.598,7.79,0.001,0.021,2.038,Europe,Northern Europe,Northern Hemisphere,57.0,25.0,2.71,1.738,1.388,0.799,0.171,0.239,3.354,0.913,0.526,0.113,0.158,0.172,1.397,0.194,0.435,0.79,False,False
428,LVA,Latvia,2016,Very High,39,NOTAPPLICABLE,False,False,False,1959863,44810998817.0,5.56,34.3,High income,41,3.679,6.356,31.17,22950.191,9.402,0.001,0.02,0.652,Europe,Northern Europe,Northern Hemisphere,57.0,25.0,2.677,1.728,1.511,0.875,0.178,0.242,3.653,0.993,0.575,0.117,0.159,0.16,1.358,0.355,0.452,0.79,False,False
428,LVA,Latvia,2017,Very High,39,NOTAPPLICABLE,False,False,False,1942599,46295495418.0,5.85,35.6,High income,36,3.714,7.18,31.53,25378.883,14.362,0.001,0.02,0.517,Europe,Northern Europe,Northern Hemisphere,57.0,25.0,3.466,1.933,1.575,0.815,0.186,0.231,3.767,1.014,0.525,0.119,0.148,0.146,1.242,0.435,0.484,0.774,False,False
428,LVA,Latvia,2018,Very High,39,NOTAPPLICABLE,False,False,False,1927586,48143398790.0,5.933,35.1,High income,36,4.069,8.229,31.52,22825.789,9.745,0.001,0.021,1.358,Europe,Northern Europe,Northern Hemisphere,57.0,25.0,4.16,2.022,1.458,0.721,0.188,0.26,3.851,0.946,0.468,0.122,0.169,0.178,1.381,0.435,0.597,0.774,False,False
428,LVA,Latvia,2019,Very High,39,NOTAPPLICABLE,False,False,False,1914267,49380620266.0,5.94,34.5,High income,36,3.988,7.874,31.04,23645.102,8.92,0.001,0.021,1.006,Europe,Northern Europe,Northern Hemisphere,57.0,25.0,3.886,1.974,1.489,0.754,0.191,0.251,3.891,0.976,0.494,0.125,0.165,0.169,1.313,0.435,0.581,0.758,False,False
428,LVA,Latvia,2020,Very High,39,NOTAPPLICABLE,False,False,False,1901119,48292861660.0,5.95,35.7,High income,39,3.682,7.061,31.04,21682.367,10.138,0.001,0.02,0.999,Europe,Northern Europe,Northern Hemisphere,57.0,25.0,3.379,1.918,1.616,0.843,0.192,0.274,3.826,1.039,0.542,0.123,0.176,0.17,1.432,0.387,0.548,0.758,False,False
428,LVA,Latvia,2021,Very High,39,NOTAPPLICABLE,False,False,False,1885593,50255494980.0,6.032,34.3,High income,34,3.828,7.931,31.04,22845.332,10.29,0.001,0.02,0.679,Europe,Northern Europe,Northern Hemisphere,57.0,25.0,4.103,2.072,1.576,0.761,0.194,0.264,3.963,1.035,0.5,0.128,0.173,0.168,1.359,0.468,0.597,0.758,False,False
504,MAR,Morocco,2013,Medium,123,AS,False,False,False,33787573,256393198875.0,4.885,39.5,Lower middle income,56,1.675,1.83,7.93,6333.073,10.23,0.001,0.16,-0.088,Africa,Northern Africa,Northern Hemisphere,32.0,-5.0,0.155,1.093,2.916,2.669,0.616,0.771,2.955,1.764,1.615,0.373,0.467,0.264,1.252,0.113,0.097,0.145,False,False
504,MAR,Morocco,2014,Medium,123,AS,False,False,False,34204784,263251716082.0,4.949,39.5,Lower middle income,54,1.672,1.791,7.53,6344.875,9.062,0.001,0.161,-0.14,Africa,Northern Africa,Northern Hemisphere,32.0,-5.0,0.119,1.071,2.96,2.763,0.657,0.78,2.994,1.791,1.672,0.398,0.472,0.264,1.187,0.145,0.097,0.097,False,False
504,MAR,Morocco,2015,Medium,123,AS,False,False,False,34607590,274689990243.0,5.013,39.5,Lower middle income,53,1.69,1.779,6.86,6381.802,11.165,0.001,0.165,0.996,Africa,Northern Africa,Northern Hemisphere,32.0,-5.0,0.089,1.053,2.966,2.818,0.731,0.786,3.033,1.795,1.705,0.442,0.475,0.265,1.075,0.161,0.081,0.113,False,False
504,MAR,Morocco,2016,Medium,123,AS,False,False,False,35023459,276121131010.0,5.151,39.5,Lower middle income,50,1.669,1.887,6.66,6376.418,11.702,0.001,0.165,0.698,Africa,Northern Africa,Northern Hemisphere,32.0,-5.0,0.218,1.131,3.086,2.73,0.773,0.808,3.116,1.867,1.651,0.468,0.489,0.262,1.044,0.21,0.081,0.097,False,False
504,MAR,Morocco,2017,Medium,123,AS,False,False,False,35446395,290087315215.0,5.235,39.5,Lower middle income,52,1.724,1.883,6.89,6595.896,11.587,0.001,0.17,0.088,Africa,Northern Africa,Northern Hemisphere,32.0,-5.0,0.159,1.092,3.037,2.78,0.76,0.794,3.167,1.837,1.682,0.46,0.48,0.261,1.045,0.177,0.081,0.081,False,False
504,MAR,Morocco,2018,Medium,123,AS,False,False,False,35839760,298981397583.0,5.254,39.5,Lower middle income,52,1.739,1.912,6.95,6747.087,16.13,0.001,0.17,-0.491,Africa,Northern Africa,Northern Hemisphere,32.0,-5.0,0.173,1.099,3.021,2.748,0.756,0.779,3.179,1.828,1.663,0.457,0.471,0.258,1.03,0.177,0.065,0.097,False,False
504,MAR,Morocco,2019,Medium,123,AS,False,False,False,36210907,307624970074.0,5.208,39.5,Lower middle income,52,1.898,2.007,6.95,7286.229,18.672,0.001,0.185,0.423,Africa,Northern Africa,Northern Hemisphere,32.0,-5.0,0.109,1.057,2.744,2.595,0.749,0.715,3.151,1.66,1.57,0.453,0.432,0.26,0.954,0.177,0.081,0.097,False,False
504,MAR,Morocco,2020,Medium,123,AS,False,False,False,36584208,285515953096.0,5.095,39.5,Lower middle income,56,1.764,1.852,6.95,6625.93,17.233,0.001,0.184,0.034,Africa,Northern Africa,Northern Hemisphere,32.0,-5.0,0.088,1.05,2.888,2.751,0.733,0.769,3.082,1.747,1.664,0.443,0.465,0.266,1.049,0.113,0.065,0.097,False,False
504,MAR,Morocco,2021,Medium,123,AS,False,False,False,36954443,308157391278.0,4.918,39.5,Lower middle income,58,1.902,2.013,6.95,7275.982,19.077,0.001,0.191,-0.086,Africa,Northern Africa,Northern Hemisphere,32.0,-5.0,0.111,1.058,2.586,2.443,0.708,0.676,2.975,1.564,1.478,0.428,0.409,0.261,0.955,0.081,0.065,0.097,False,False
484,MEX,Mexico,2013,High,86,LAC,False,False,False,118343572,1803059285337.0,7.088,48.9,Upper middle income,12,4.186,4.982,10.3,18952.084,108.269,0.012,1.404,0.265,America,Latin America and the Caribbean,Northern Hemisphere,23.0,-102.0,0.796,1.19,1.693,1.423,0.688,0.374,3.622,0.865,0.727,0.352,0.191,0.221,0.543,0.823,0.274,0.242,True,True
484,MEX,Mexico,2014,High,86,LAC,False,False,False,119784265,1854551091374.0,7.138,48.9,Upper middle income,11,4.041,4.894,10.12,18621.592,143.018,0.013,1.365,0.312,America,Latin America and the Caribbean,Northern Hemisphere,23.0,-102.0,0.853,1.211,1.766,1.459,0.705,0.383,3.648,0.903,0.745,0.36,0.196,0.217,0.543,0.839,0.323,0.226,True,True
484,MEX,Mexico,2015,High,86,LAC,False,False,False,121072310,1916008739051.0,7.187,47.9,Upper middle income,11,3.96,4.727,9.81,18215.734,129.053,0.013,1.354,0.215,America,Latin America and the Caribbean,Northern Hemisphere,23.0,-102.0,0.767,1.194,1.815,1.52,0.733,0.395,3.744,0.945,0.792,0.382,0.206,0.217,0.539,0.839,0.258,0.242,True,True
484,MEX,Mexico,2016,High,86,LAC,False,False,False,122251344,1961906742138.0,6.778,46.9,Upper middle income,17,3.917,4.679,9.74,18618.848,130.223,0.013,1.353,-0.238,America,Latin America and the Caribbean,Northern Hemisphere,23.0,-102.0,0.762,1.195,1.73,1.449,0.696,0.364,3.599,0.919,0.769,0.37,0.193,0.21,0.523,0.742,0.274,0.242,False,False
484,MEX,Mexico,2017,High,86,LAC,False,False,False,123400052,2007719438156.0,6.578,46.45,Upper middle income,22,3.763,4.544,10.05,18879.297,134.188,0.013,1.291,-0.157,America,Latin America and the Caribbean,Northern Hemisphere,23.0,-102.0,0.781,1.208,1.748,1.448,0.655,0.348,3.523,0.936,0.775,0.351,0.187,0.199,0.532,0.661,0.274,0.242,False,False
484,MEX,Mexico,2018,High,86,LAC,False,False,False,124573713,2051539127317.0,6.488,46.0,Upper middle income,20,3.76,4.585,10.89,18337.242,144.553,0.013,1.275,-0.284,America,Latin America and the Caribbean,Northern Hemisphere,23.0,-102.0,0.825,1.219,1.726,1.415,0.596,0.354,3.504,0.932,0.764,0.322,0.191,0.205,0.594,0.694,0.258,0.242,False,False
484,MEX,Mexico,2019,High,86,LAC,False,False,False,125762978,2047701179708.0,6.595,45.3,Upper middle income,19,3.723,4.476,10.85,17971.641,149.725,0.014,1.263,0.494,America,Latin America and the Caribbean,Northern Hemisphere,23.0,-102.0,0.753,1.202,1.771,1.473,0.608,0.367,3.607,0.969,0.806,0.332,0.201,0.207,0.604,0.71,0.258,0.242,False,False
484,MEX,Mexico,2020,High,86,LAC,False,False,False,126799053,1880176557054.0,6.465,44.6,Upper middle income,20,3.383,3.959,10.85,16329.474,178.82,0.014,1.22,0.13,America,Latin America and the Caribbean,Northern Hemisphere,23.0,-102.0,0.576,1.17,1.911,1.633,0.596,0.396,3.582,1.059,0.905,0.33,0.219,0.207,0.664,0.694,0.226,0.242,False,False
484,MEX,Mexico,2021,High,86,LAC,False,False,False,127648151,1973141022977.0,6.317,44.6,Upper middle income,25,3.501,4.223,10.85,17223.479,208.781,0.014,1.212,-0.183,America,Latin America and the Caribbean,Northern Hemisphere,23.0,-102.0,0.722,1.206,1.804,1.496,0.582,0.367,3.5,1.0,0.829,0.323,0.203,0.203,0.63,0.613,0.226,0.242,False,False
458,MYS,Malaysia,2013,Very High,62,EAP,False,False,False,30174269,615585637854.0,5.76,41.3,Upper middle income,37,8.009,8.32,19.02,36091.805,36.17,0.007,0.685,8.571,Asia,South-eastern Asia,Northern Hemisphere,2.5,112.5,0.311,1.039,0.719,0.692,0.303,0.16,3.381,0.422,0.406,0.178,0.094,0.222,0.527,0.419,0.613,0.5,False,False
458,MYS,Malaysia,2014,Very High,62,EAP,False,False,False,30696133,652563833807.0,5.765,41.2,Upper middle income,37,7.983,8.255,18.29,35757.457,40.296,0.007,0.691,8.08,Asia,South-eastern Asia,Northern Hemisphere,2.5,112.5,0.272,1.034,0.722,0.698,0.315,0.161,3.39,0.425,0.411,0.185,0.095,0.223,0.512,0.419,0.613,0.484,False,False
458,MYS,Malaysia,2015,Very High,62,EAP,False,False,False,31232796,685237676618.0,5.77,41.1,Upper middle income,39,7.554,7.552,18.88,35686.035,42.81,0.007,0.666,5.602,Asia,South-eastern Asia,Northern Hemisphere,2.5,112.5,-0.002,1.0,0.764,0.764,0.306,0.162,3.399,0.45,0.45,0.18,0.095,0.212,0.529,0.387,0.581,0.484,False,False
458,MYS,Malaysia,2016,Very High,62,EAP,False,False,False,31789692,715730748101.0,6.005,41.133,Upper middle income,29,7.464,7.64,18.63,36876.836,57.986,0.008,0.67,4.041,Asia,South-eastern Asia,Northern Hemisphere,2.5,112.5,0.176,1.024,0.805,0.786,0.322,0.163,3.535,0.474,0.463,0.19,0.096,0.202,0.505,0.548,0.581,0.516,False,False
458,MYS,Malaysia,2017,Very High,62,EAP,False,False,False,32355642,757336192678.0,6.084,41.167,Upper middle income,29,7.555,7.614,19.93,36732.113,74.735,0.008,0.68,3.439,Asia,South-eastern Asia,Northern Hemisphere,2.5,112.5,0.059,1.008,0.805,0.799,0.305,0.166,3.579,0.474,0.47,0.18,0.097,0.206,0.543,0.548,0.565,0.565,False,False
458,MYS,Malaysia,2018,Very High,62,EAP,False,False,False,32910963,794013962862.0,6.322,41.2,Upper middle income,25,7.981,8.081,19.35,36769.809,76.346,0.008,0.715,2.747,Asia,South-eastern Asia,Northern Hemisphere,2.5,112.5,0.1,1.013,0.792,0.782,0.327,0.172,3.717,0.466,0.46,0.192,0.101,0.217,0.526,0.613,0.565,0.581,False,False
458,MYS,Malaysia,2019,Very High,62,EAP,False,False,False,33440590,829053844392.0,5.339,41.033,Upper middle income,49,8.303,8.23,19.59,37119.496,79.534,0.008,0.749,2.298,Asia,South-eastern Asia,Northern Hemisphere,2.5,112.5,-0.073,0.991,0.643,0.649,0.273,0.144,3.148,0.379,0.383,0.161,0.085,0.224,0.528,0.226,0.629,0.597,False,False
458,MYS,Malaysia,2020,Very High,62,EAP,False,False,False,33889554,783174020832.0,5.384,40.867,Upper middle income,50,7.736,7.759,19.59,35317.523,85.538,0.008,0.746,2.01,Asia,South-eastern Asia,Northern Hemisphere,2.5,112.5,0.023,1.003,0.696,0.694,0.275,0.152,3.184,0.412,0.41,0.163,0.09,0.219,0.555,0.21,0.629,0.597,False,False
458,MYS,Malaysia,2021,Very High,62,EAP,False,False,False,34282404,807389756202.0,5.384,40.7,Upper middle income,50,7.973,7.996,19.59,36500.762,95.275,0.008,0.741,2.135,Asia,South-eastern Asia,Northern Hemisphere,2.5,112.5,0.023,1.003,0.675,0.673,0.275,0.148,3.193,0.4,0.399,0.163,0.087,0.218,0.537,0.21,0.613,0.597,False,False
528,NLD,Netherlands,2013,Very High,10,NOTAPPLICABLE,False,False,False,16967066,735982982299.0,7.512,28.1,High income,4,9.72,10.516,29.76,62644.008,38.315,0.005,0.468,0.338,Europe,Western Europe,Northern Hemisphere,52.5,5.75,0.796,1.082,0.773,0.714,0.252,0.12,5.401,0.556,0.514,0.181,0.086,0.155,0.475,0.952,0.726,0.79,False,False
528,NLD,Netherlands,2014,Very High,10,NOTAPPLICABLE,False,False,False,17030085,746458868661.0,7.445,28.6,High income,5,9.249,9.694,30.62,59678.543,37.048,0.005,0.444,0.373,Europe,Western Europe,Northern Hemisphere,52.5,5.75,0.445,1.048,0.805,0.768,0.243,0.125,5.316,0.575,0.548,0.174,0.089,0.155,0.513,0.935,0.694,0.79,False,False
528,NLD,Netherlands,2015,Very High,10,NOTAPPLICABLE,False,False,False,17107429,761083250759.0,7.378,28.2,High income,6,9.584,9.391,31.34,60001.301,41.3,0.005,0.463,0.343,Europe,Western Europe,Northern Hemisphere,52.5,5.75,-0.193,0.98,0.77,0.786,0.235,0.123,5.297,0.553,0.564,0.169,0.088,0.16,0.522,0.919,0.71,0.806,False,False
528,NLD,Netherlands,2016,Very High,10,NOTAPPLICABLE,False,False,False,17204693,777764090323.0,7.339,28.2,High income,6,9.579,9.83,30.66,60683.609,43.12,0.005,0.466,0.357,Europe,Western Europe,Northern Hemisphere,52.5,5.75,0.251,1.026,0.766,0.747,0.239,0.121,5.269,0.55,0.536,0.172,0.087,0.158,0.505,0.919,0.726,0.774,False,False
528,NLD,Netherlands,2017,Very High,10,NOTAPPLICABLE,False,False,False,17315376,800404023156.0,7.377,28.5,High income,5,9.373,9.571,31.74,60761.145,50.322,0.006,0.451,0.341,Europe,Western Europe,Northern Hemisphere,52.5,5.75,0.198,1.021,0.787,0.771,0.232,0.121,5.275,0.563,0.551,0.166,0.087,0.154,0.522,0.935,0.726,0.79,False,False
528,NLD,Netherlands,2018,Very High,10,NOTAPPLICABLE,False,False,False,17421285,819300805024.0,7.441,28.1,High income,5,9.085,9.499,33.03,58901.457,56.339,0.006,0.431,0.313,Europe,Western Europe,Northern Hemisphere,52.5,5.75,0.414,1.046,0.819,0.783,0.225,0.126,5.35,0.589,0.563,0.162,0.091,0.154,0.561,0.935,0.677,0.806,False,False
528,NLD,Netherlands,2019,Very High,10,NOTAPPLICABLE,False,False,False,17537505,835323029559.0,7.488,29.2,High income,4,8.709,9.274,32.26,58248.688,68.307,0.006,0.412,0.305,Europe,Western Europe,Northern Hemisphere,52.5,5.75,0.565,1.065,0.86,0.807,0.232,0.129,5.302,0.609,0.572,0.164,0.091,0.15,0.554,0.952,0.694,0.79,False,False
528,NLD,Netherlands,2020,Very High,10,NOTAPPLICABLE,False,False,False,17636732,802861622095.0,7.449,26.0,High income,5,7.766,8.326,32.26,56095.609,95.868,0.006,0.39,0.3,Europe,Western Europe,Northern Hemisphere,52.5,5.75,0.56,1.072,0.959,0.895,0.231,0.133,5.512,0.71,0.662,0.171,0.098,0.138,0.575,0.935,0.677,0.79,False,False
528,NLD,Netherlands,2021,Very High,10,NOTAPPLICABLE,False,False,False,17730565,841906706612.0,7.464,25.7,High income,4,7.89,8.984,32.26,57247.258,115.929,0.006,0.379,0.297,Europe,Western Europe,Northern Hemisphere,52.5,5.75,1.094,1.139,0.946,0.831,0.231,0.13,5.546,0.703,0.617,0.172,0.097,0.138,0.564,0.952,0.694,0.79,False,False
578,NOR,Norway,2013,Very High,2,NOTAPPLICABLE,False,False,False,5080126,414445317738.0,7.655,26.4,High income,2,8.767,10.529,44.25,102996.664,335.291,0.001,0.126,0.894,Europe,Northern Europe,Northern Hemisphere,62.0,10.0,1.762,1.201,0.873,0.727,0.173,0.074,5.634,0.643,0.535,0.127,0.055,0.085,0.43,0.984,0.742,0.952,False,False
578,NOR,Norway,2014,Very High,2,NOTAPPLICABLE,False,False,False,5137397,422933730082.0,7.588,26.8,High income,3,8.754,10.259,41.48,105489.086,352.653,0.001,0.127,0.952,Europe,Northern Europe,Northern Hemisphere,62.0,10.0,1.505,1.172,0.867,0.74,0.183,0.072,5.554,0.634,0.541,0.134,0.053,0.083,0.393,0.968,0.742,0.919,False,False
578,NOR,Norway,2015,Very High,2,NOTAPPLICABLE,False,False,False,5189777,430788988142.0,7.522,27.5,High income,3,8.772,10.552,36.13,105836.883,356.444,0.001,0.129,1.014,Europe,Northern Europe,Northern Hemisphere,62.0,10.0,1.78,1.203,0.858,0.713,0.208,0.071,5.453,0.622,0.517,0.151,0.052,0.083,0.341,0.968,0.79,0.871,False,False
578,NOR,Norway,2016,Very High,2,NOTAPPLICABLE,False,False,False,5235974,435806553454.0,7.498,28.5,High income,3,8.539,9.402,38.26,106500.5,368.554,0.001,0.126,1.072,Europe,Northern Europe,Northern Hemisphere,62.0,10.0,0.863,1.101,0.878,0.797,0.196,0.07,5.361,0.628,0.57,0.14,0.05,0.08,0.359,0.968,0.677,0.903,False,False
578,NOR,Norway,2017,Very High,2,NOTAPPLICABLE,False,False,False,5276807,446543702505.0,7.537,27.0,High income,1,8.376,9.309,38.63,106154.727,369.764,0.001,0.123,1.156,Europe,Northern Europe,Northern Hemisphere,62.0,10.0,0.933,1.111,0.9,0.81,0.195,0.071,5.502,0.657,0.591,0.142,0.052,0.079,0.364,1.0,0.661,0.887,False,False
578,NOR,Norway,2018,Very High,2,NOTAPPLICABLE,False,False,False,5311751,450245217440.0,7.594,27.6,High income,2,8.372,9.161,36.73,103850.727,360.424,0.001,0.121,1.155,Europe,Northern Europe,Northern Hemisphere,62.0,10.0,0.789,1.094,0.907,0.829,0.207,0.073,5.498,0.657,0.6,0.15,0.053,0.081,0.354,0.984,0.661,0.887,False,False
578,NOR,Norway,2019,Very High,2,NOTAPPLICABLE,False,False,False,5347733,455304831150.0,7.554,27.7,High income,3,8.016,9.031,38.82,96479.188,330.294,0.001,0.116,1.228,Europe,Northern Europe,Northern Hemisphere,62.0,10.0,1.015,1.127,0.942,0.836,0.195,0.078,5.462,0.681,0.605,0.141,0.057,0.083,0.402,0.968,0.661,0.919,False,False
578,NOR,Norway,2020,Very High,2,NOTAPPLICABLE,False,False,False,5379275,449485260525.0,7.488,28.4,High income,4,7.673,8.672,38.82,103430.57,377.977,0.002,0.117,1.221,Europe,Northern Europe,Northern Hemisphere,62.0,10.0,0.999,1.13,0.976,0.863,0.193,0.072,5.361,0.699,0.618,0.138,0.052,0.074,0.375,0.952,0.694,0.919,False,False
578,NOR,Norway,2021,Very High,2,NOTAPPLICABLE,False,False,False,5408082,467007972731.0,7.392,29.1,High income,5,7.592,7.809,38.82,105249.945,388.789,0.002,0.111,1.329,Europe,Northern Europe,Northern Hemisphere,62.0,10.0,0.217,1.029,0.974,0.947,0.19,0.07,5.241,0.69,0.671,0.135,0.05,0.072,0.369,0.935,0.581,0.919,False,False
586,PAK,Pakistan,2013,Low,161,SA,False,False,False,211073979,918328534363.0,5.292,29.5,Lower middle income,48,0.702,0.783,2.9,3673.495,81.284,0.002,0.42,0.044,Asia,Southern Asia,Northern Hemisphere,30.0,70.0,0.081,1.115,7.538,6.759,1.825,1.441,3.731,5.315,4.765,1.287,1.016,0.191,0.789,0.242,0.032,0.016,False,False
586,PAK,Pakistan,2014,Low,161,SA,False,False,False,214264649,961516822345.0,5.243,30.4,Lower middle income,47,0.704,0.798,3.06,3669.797,83.786,0.002,0.425,0.023,Asia,Southern Asia,Northern Hemisphere,30.0,70.0,0.094,1.134,7.447,6.57,1.713,1.429,3.649,5.183,4.573,1.192,0.994,0.192,0.834,0.258,0.032,0.032,False,False
586,PAK,Pakistan,2015,Low,161,SA,False,False,False,217290884,1010825281718.0,5.194,31.3,Lower middle income,47,0.667,0.79,3.09,3816.599,85.717,0.003,0.409,0.139,Asia,Southern Asia,Northern Hemisphere,30.0,70.0,0.123,1.184,7.787,6.575,1.681,1.361,3.568,5.349,4.516,1.155,0.935,0.175,0.81,0.258,0.032,0.032,False,False
586,PAK,Pakistan,2016,Low,161,SA,False,False,False,220138863,1061146810870.0,5.132,30.733,Lower middle income,52,0.803,0.959,3.37,4090.315,91.974,0.003,0.499,0.123,Asia,Southern Asia,Northern Hemisphere,30.0,70.0,0.156,1.194,6.391,5.351,1.523,1.255,3.555,4.427,3.707,1.055,0.869,0.196,0.824,0.177,0.032,0.032,False,False
586,PAK,Pakistan,2017,Low,161,SA,False,False,False,223273974,1117267177186.0,5.269,30.167,Lower middle income,50,0.949,1.091,3.67,4263.787,84.925,0.003,0.589,0.069,Asia,Southern Asia,Northern Hemisphere,30.0,70.0,0.142,1.15,5.552,4.83,1.436,1.236,3.68,3.878,3.373,1.003,0.863,0.223,0.861,0.21,0.032,0.032,False,False
586,PAK,Pakistan,2018,Low,161,SA,False,False,False,226928893,1165406508457.0,5.472,29.6,Lower middle income,48,0.897,1.027,3.54,4263.363,85.395,0.003,0.554,-0.015,Asia,Southern Asia,Northern Hemisphere,30.0,70.0,0.13,1.145,6.1,5.328,1.546,1.283,3.852,4.294,3.751,1.088,0.904,0.21,0.83,0.242,0.032,0.032,False,False
586,PAK,Pakistan,2019,Low,161,SA,False,False,False,230800908,1172330212219.0,5.653,29.6,Lower middle income,44,0.827,0.95,3.45,4218.508,100.903,0.003,0.515,0.053,Asia,Southern Asia,Northern Hemisphere,30.0,70.0,0.123,1.149,6.836,5.951,1.639,1.34,3.98,4.813,4.189,1.154,0.943,0.196,0.818,0.306,0.032,0.032,False,False
586,PAK,Pakistan,2020,Low,161,SA,False,False,False,235001745,1202026422230.0,5.693,29.6,Lower middle income,45,0.917,1.024,3.45,4083.671,109.215,0.003,0.613,-0.031,Asia,Southern Asia,Northern Hemisphere,30.0,70.0,0.107,1.117,6.208,5.56,1.65,1.394,4.008,4.371,3.914,1.162,0.981,0.225,0.845,0.29,0.032,0.032,False,False
586,PAK,Pakistan,2021,Low,161,SA,False,False,False,239477805,1278204948031.0,4.934,29.6,Lower middle income,57,1.017,1.14,3.45,4451.399,105.111,0.003,0.661,-0.041,Asia,Southern Asia,Northern Hemisphere,30.0,70.0,0.123,1.121,4.852,4.328,1.43,1.108,3.474,3.416,3.047,1.007,0.78,0.228,0.775,0.097,0.032,0.032,False,False
604,PER,Peru,2013,High,84,LAC,False,False,False,29817908,274939626306.0,5.776,43.9,Upper middle income,36,1.433,1.974,9.15,8806.167,64.66,0.003,0.121,1.308,America,Latin America and the Caribbean,Southern Hemisphere,-10.0,-76.0,0.541,1.378,4.031,2.926,0.631,0.656,3.24,2.261,1.641,0.354,0.368,0.163,1.039,0.435,0.113,0.161,False,False
604,PER,Peru,2014,High,84,LAC,False,False,False,30115825,281488723310.0,5.8,43.1,Upper middle income,36,1.64,2.105,9.45,8926.504,65.648,0.003,0.139,2.428,America,Latin America and the Caribbean,Southern Hemisphere,-10.0,-76.0,0.465,1.284,3.537,2.755,0.614,0.65,3.3,2.012,1.568,0.349,0.37,0.184,1.059,0.435,0.129,0.177,False,False
604,PER,Peru,2015,High,84,LAC,False,False,False,30457598,290642734598.0,5.824,43.4,Upper middle income,36,1.615,2.097,9.58,9247.921,69.108,0.003,0.139,1.291,America,Latin America and the Caribbean,Southern Hemisphere,-10.0,-76.0,0.482,1.298,3.606,2.777,0.608,0.63,3.296,2.041,1.572,0.344,0.356,0.175,1.036,0.435,0.129,0.21,False,False
604,PER,Peru,2016,High,84,LAC,False,False,False,30866497,302131843581.0,5.743,43.6,Upper middle income,40,1.707,2.153,9.32,9684.865,69.438,0.003,0.149,1.325,America,Latin America and the Caribbean,Southern Hemisphere,-10.0,-76.0,0.446,1.261,3.364,2.667,0.616,0.593,3.239,1.897,1.504,0.348,0.334,0.176,0.962,0.371,0.129,0.21,False,False
604,PER,Peru,2017,High,84,LAC,False,False,False,31324639,309742529723.0,5.715,43.3,Upper middle income,41,1.747,2.181,9.32,9691.741,82.497,0.003,0.152,0.909,America,Latin America and the Caribbean,Southern Hemisphere,-10.0,-76.0,0.434,1.248,3.271,2.62,0.613,0.59,3.24,1.855,1.486,0.348,0.334,0.18,0.962,0.355,0.145,0.21,False,False
604,PER,Peru,2018,High,84,LAC,False,False,False,31897590,322061010919.0,5.663,42.4,Upper middle income,43,1.756,2.213,9.24,9982.715,88.46,0.004,0.152,0.777,America,Latin America and the Caribbean,Southern Hemisphere,-10.0,-76.0,0.457,1.26,3.225,2.559,0.613,0.567,3.262,1.858,1.474,0.353,0.327,0.176,0.926,0.323,0.129,0.226,False,False
604,PER,Peru,2019,High,84,LAC,False,False,False,32449302,329252610797.0,5.697,41.5,Upper middle income,42,1.808,2.242,9.43,10064.474,90.071,0.004,0.158,0.764,America,Latin America and the Caribbean,Southern Hemisphere,-10.0,-76.0,0.434,1.24,3.151,2.541,0.604,0.566,3.333,1.843,1.487,0.353,0.331,0.18,0.937,0.339,0.097,0.21,False,False
604,PER,Peru,2020,High,84,LAC,False,False,False,32838577,292988745490.0,5.797,43.7,Upper middle income,44,1.438,1.866,9.43,8766.572,87.938,0.004,0.134,0.571,America,Latin America and the Caribbean,Southern Hemisphere,-10.0,-76.0,0.428,1.298,4.031,3.107,0.615,0.661,3.264,2.27,1.749,0.346,0.372,0.164,1.076,0.306,0.097,0.21,False,False
604,PER,Peru,2021,High,84,LAC,False,False,False,33155883,332691638600.0,5.84,40.1,Upper middle income,44,1.808,2.195,9.43,9877.367,92.159,0.004,0.163,0.531,America,Latin America and the Caribbean,Southern Hemisphere,-10.0,-76.0,0.387,1.214,3.23,2.661,0.619,0.591,3.498,1.935,1.594,0.371,0.354,0.183,0.955,0.306,0.097,0.21,False,False
608,PHL,Philippines,2013,Medium,116,EAP,False,False,False,102076334,674346563689.0,4.985,44.6,Lower middle income,53,0.929,1.275,5.55,3778.861,60.254,0.007,0.269,0.789,Asia,South-eastern Asia,Northern Hemisphere,13.0,122.0,0.346,1.372,5.366,3.91,0.898,1.319,2.762,2.973,2.166,0.498,0.731,0.246,1.469,0.161,0.048,0.065,False,False
608,PHL,Philippines,2014,Medium,116,EAP,False,False,False,103767127,717154029846.0,5.029,44.6,Lower middle income,53,0.964,1.321,7.66,3909.477,60.627,0.007,0.282,0.624,Asia,South-eastern Asia,Northern Hemisphere,13.0,122.0,0.357,1.37,5.217,3.807,0.657,1.286,2.786,2.89,2.109,0.364,0.713,0.247,1.959,0.161,0.048,0.113,False,False
608,PHL,Philippines,2015,Medium,116,EAP,False,False,False,105312988,762678999551.0,5.073,44.6,Lower middle income,52,1.054,1.368,7.77,4220.296,64.522,0.007,0.314,0.55,Asia,South-eastern Asia,Northern Hemisphere,13.0,122.0,0.314,1.298,4.813,3.708,0.653,1.202,2.81,2.666,2.054,0.362,0.666,0.25,1.841,0.177,0.048,0.129,False,False
608,PHL,Philippines,2016,Medium,116,EAP,False,False,False,106735721,817202925336.0,5.279,43.833,Lower middle income,48,1.126,1.541,8.16,4547.887,67.591,0.007,0.34,0.534,Asia,South-eastern Asia,Northern Hemisphere,13.0,122.0,0.415,1.369,4.688,3.426,0.647,1.161,2.965,2.633,1.924,0.363,0.652,0.248,1.794,0.242,0.048,0.177,False,False
608,PHL,Philippines,2017,Medium,116,EAP,False,False,False,108119691,873843247356.0,5.43,43.067,Lower middle income,46,1.235,1.637,8.45,4925.253,70.595,0.007,0.371,0.513,Asia,South-eastern Asia,Northern Hemisphere,13.0,122.0,0.402,1.326,4.397,3.317,0.643,1.102,3.091,2.503,1.888,0.366,0.628,0.251,1.716,0.274,0.048,0.177,False,False
608,PHL,Philippines,2018,Medium,116,EAP,False,False,False,109465284,929253628653.0,5.524,42.3,Lower middle income,45,1.278,1.686,8.39,5028.468,71.161,0.007,0.381,0.45,Asia,South-eastern Asia,Northern Hemisphere,13.0,122.0,0.408,1.319,4.322,3.276,0.658,1.099,3.187,2.494,1.89,0.38,0.634,0.254,1.669,0.29,0.048,0.177,False,False
608,PHL,Philippines,2019,Medium,116,EAP,False,False,False,110804685,986114678778.0,5.631,41.767,Lower middle income,46,1.287,1.682,8.77,5109.184,68.341,0.007,0.385,0.418,Asia,South-eastern Asia,Northern Hemisphere,13.0,122.0,0.395,1.307,4.375,3.348,0.642,1.102,3.279,2.548,1.949,0.374,0.642,0.252,1.717,0.274,0.048,0.177,False,False
608,PHL,Philippines,2020,Medium,116,EAP,False,False,False,112081270,892256290776.0,6.006,41.233,Lower middle income,35,1.173,1.566,8.77,4583.8,66.528,0.007,0.374,0.403,Asia,South-eastern Asia,Northern Hemisphere,13.0,122.0,0.393,1.335,5.12,3.835,0.685,1.31,3.53,3.009,2.254,0.403,0.77,0.256,1.913,0.452,0.048,0.177,False,False
608,PHL,Philippines,2021,Medium,116,EAP,False,False,False,113100947,943141651518.0,5.88,40.7,Lower middle income,42,1.24,1.695,8.77,4823.633,71.183,0.007,0.38,0.347,Asia,South-eastern Asia,Northern Hemisphere,13.0,122.0,0.455,1.367,4.742,3.469,0.67,1.219,3.487,2.812,2.057,0.398,0.723,0.257,1.818,0.339,0.048,0.177,False,False
616,POL,Poland,2013,Very High,34,NOTAPPLICABLE,False,False,False,38259267,863601156195.0,5.822,33.1,High income,35,8.41,7.949,16.55,29569.779,57.048,0.013,0.912,-1.26,Europe,Eastern Europe,Northern Hemisphere,52.0,20.0,-0.461,0.945,0.692,0.732,0.352,0.197,3.895,0.463,0.49,0.235,0.132,0.284,0.56,0.452,0.581,0.419,False,False
616,POL,Poland,2014,Very High,34,NOTAPPLICABLE,False,False,False,38265113,896737189458.0,5.806,32.8,High income,35,8.086,7.79,17.12,28468.607,64.378,0.013,0.872,-1.279,Europe,Eastern Europe,Northern Hemisphere,52.0,20.0,-0.296,0.963,0.718,0.745,0.339,0.204,3.902,0.483,0.501,0.228,0.137,0.284,0.601,0.452,0.597,0.435,False,False
616,POL,Poland,2015,Very High,34,NOTAPPLICABLE,False,False,False,38266314,936043804062.0,5.791,31.8,High income,38,8.168,7.816,17.55,28824.648,70.274,0.013,0.883,-1.242,Europe,Eastern Europe,Northern Hemisphere,52.0,20.0,-0.352,0.957,0.709,0.741,0.33,0.201,3.949,0.483,0.505,0.225,0.137,0.283,0.609,0.403,0.613,0.419,False,False
616,POL,Poland,2016,Very High,34,NOTAPPLICABLE,False,False,False,38263260,963689941627.0,5.835,31.2,High income,35,8.449,7.959,17.96,30061.346,67.435,0.013,0.913,-1.161,Europe,Eastern Europe,Northern Hemisphere,52.0,20.0,-0.49,0.942,0.691,0.733,0.325,0.194,4.014,0.475,0.504,0.223,0.134,0.281,0.597,0.444,0.613,0.468,False,False
616,POL,Poland,2017,Very High,34,NOTAPPLICABLE,False,False,False,38254964,1013223736654.0,5.973,29.7,High income,31,8.796,8.295,17.93,31585.154,71.379,0.013,0.935,-1.133,Europe,Eastern Europe,Northern Hemisphere,52.0,20.0,-0.501,0.943,0.679,0.72,0.333,0.189,4.199,0.477,0.506,0.234,0.133,0.278,0.568,0.516,0.613,0.452,False,False
616,POL,Poland,2018,Very High,34,NOTAPPLICABLE,False,False,False,38241070,1073462064151.0,6.123,30.2,High income,29,8.779,8.597,17.78,31957.33,68.534,0.013,0.914,-0.612,Europe,Eastern Europe,Northern Hemisphere,52.0,20.0,-0.182,0.979,0.697,0.712,0.344,0.192,4.274,0.487,0.497,0.24,0.134,0.275,0.556,0.548,0.645,0.5,False,False
616,POL,Poland,2019,Very High,34,NOTAPPLICABLE,False,False,False,38225884,1121231497071.0,6.182,28.8,High income,27,8.304,8.101,17.85,31059.262,79.444,0.013,0.856,-0.309,Europe,Eastern Europe,Northern Hemisphere,52.0,20.0,-0.203,0.976,0.744,0.763,0.346,0.199,4.402,0.53,0.543,0.247,0.142,0.267,0.575,0.581,0.613,0.508,False,False
616,POL,Poland,2020,Very High,34,NOTAPPLICABLE,False,False,False,38171005,1098581305284.0,6.186,28.5,High income,29,7.914,7.549,17.85,29845.539,87.02,0.013,0.859,-0.753,Europe,Eastern Europe,Northern Hemisphere,52.0,20.0,-0.365,0.954,0.782,0.819,0.347,0.207,4.423,0.559,0.586,0.248,0.148,0.265,0.598,0.548,0.613,0.508,False,False
616,POL,Poland,2021,Very High,34,NOTAPPLICABLE,False,False,False,38040303,1173809548862.0,6.166,28.5,High income,31,8.693,8.258,17.85,32196.334,92.762,0.014,0.897,-0.832,Europe,Eastern Europe,Northern Hemisphere,52.0,20.0,-0.435,0.95,0.709,0.747,0.345,0.192,4.409,0.507,0.534,0.247,0.137,0.27,0.554,0.516,0.645,0.508,False,False
620,PRT,Portugal,2013,Very High,38,NOTAPPLICABLE,False,False,False,10458287,250405237435.0,5.101,36.2,High income,49,4.604,4.872,12.56,27696.83,80.419,0.001,0.136,-0.353,Europe,Southern Europe,Northern Hemisphere,39.5,-8.0,0.268,1.058,1.108,1.047,0.406,0.184,3.254,0.707,0.668,0.259,0.117,0.166,0.453,0.226,0.258,0.323,False,False
620,PRT,Portugal,2014,Very High,38,NOTAPPLICABLE,False,False,False,10406203,252388910611.0,5.102,35.6,High income,49,4.607,4.793,12.83,28038.432,85.419,0.001,0.135,-0.397,Europe,Southern Europe,Northern Hemisphere,39.5,-8.0,0.186,1.04,1.107,1.064,0.398,0.182,3.286,0.713,0.686,0.256,0.117,0.164,0.458,0.226,0.306,0.323,False,False
620,PRT,Portugal,2015,Very High,38,NOTAPPLICABLE,False,False,False,10370264,256911888409.0,5.102,35.5,High income,50,5.037,5.08,13.33,27918.504,67.745,0.001,0.148,-0.421,Europe,Southern Europe,Northern Hemisphere,39.5,-8.0,0.043,1.009,1.013,1.004,0.383,0.183,3.291,0.653,0.648,0.247,0.118,0.18,0.477,0.21,0.306,0.339,False,False
620,PRT,Portugal,2016,Very High,38,NOTAPPLICABLE,False,False,False,10346377,262100101273.0,5.123,35.2,High income,53,4.863,5.346,13.55,29949.295,86.212,0.001,0.142,-0.251,Europe,Southern Europe,Northern Hemisphere,39.5,-8.0,0.483,1.099,1.053,0.958,0.378,0.171,3.32,0.683,0.621,0.245,0.111,0.162,0.452,0.161,0.306,0.339,False,False
620,PRT,Portugal,2017,Very High,38,NOTAPPLICABLE,False,False,False,10330838,271290329012.0,5.195,33.8,High income,54,5.34,5.756,13.98,29221.047,61.549,0.001,0.153,-0.082,Europe,Southern Europe,Northern Hemisphere,39.5,-8.0,0.416,1.078,0.973,0.903,0.372,0.178,3.439,0.644,0.597,0.246,0.118,0.183,0.478,0.145,0.339,0.355,False,False
620,PRT,Portugal,2018,Very High,38,NOTAPPLICABLE,False,False,False,10325355,279020275961.0,5.41,33.5,High income,49,4.972,5.56,12.34,29450.785,78.575,0.001,0.14,0.942,Europe,Southern Europe,Northern Hemisphere,39.5,-8.0,0.588,1.118,1.088,0.973,0.438,0.184,3.598,0.724,0.647,0.292,0.122,0.169,0.419,0.226,0.323,0.306,False,False
620,PRT,Portugal,2019,Very High,38,NOTAPPLICABLE,False,False,False,10343218,286505655767.0,5.693,32.8,High income,43,4.6,5.226,12.25,28333.217,73.342,0.001,0.128,0.332,Europe,Southern Europe,Northern Hemisphere,39.5,-8.0,0.626,1.136,1.238,1.089,0.465,0.201,3.826,0.832,0.732,0.312,0.135,0.162,0.432,0.323,0.323,0.306,False,False
620,PRT,Portugal,2020,Very High,38,NOTAPPLICABLE,False,False,False,10370519,262724232089.0,5.911,34.7,High income,41,4.025,4.704,12.25,25577.088,79.964,0.001,0.119,0.19,Europe,Southern Europe,Northern Hemisphere,39.5,-8.0,0.679,1.169,1.469,1.257,0.483,0.231,3.86,0.959,0.821,0.315,0.151,0.157,0.479,0.355,0.306,0.306,False,False
620,PRT,Portugal,2021,Very High,38,NOTAPPLICABLE,False,False,False,10390957,277181288542.0,5.929,34.6,High income,39,3.878,4.851,12.25,25646.334,84.396,0.001,0.109,0.108,Europe,Southern Europe,Northern Hemisphere,39.5,-8.0,0.973,1.251,1.529,1.222,0.484,0.231,3.878,1.0,0.799,0.317,0.151,0.151,0.478,0.379,0.306,0.306,False,False
634,QAT,Qatar,2013,Very High,42,AS,False,False,False,2032650,327388964338.0,6.666,35.1,High income,21,44.982,27.314,41.15,237978.625,0.249,0.001,0.259,0.021,Asia,Western Asia,Northern Hemisphere,25.5,51.25,-17.668,0.607,0.148,0.244,0.162,0.028,4.326,0.096,0.158,0.105,0.018,0.189,0.173,0.677,0.984,0.935,False,False
634,QAT,Qatar,2014,Very High,42,AS,False,False,False,2218378,344851898869.0,6.639,35.1,High income,21,41.31,28.178,46.8,233130.469,0.335,0.001,0.258,0.011,Asia,Western Asia,Northern Hemisphere,25.5,51.25,-13.132,0.682,0.161,0.236,0.142,0.028,4.309,0.104,0.153,0.092,0.018,0.177,0.201,0.677,0.984,0.952,False,False
634,QAT,Qatar,2015,Very High,42,AS,False,False,False,2427340,361242719905.0,6.611,35.1,High income,21,38.441,30.199,47.71,245295.047,0.389,0.001,0.264,0.007,Asia,Western Asia,Northern Hemisphere,25.5,51.25,-8.242,0.786,0.172,0.219,0.139,0.027,4.291,0.112,0.142,0.09,0.017,0.157,0.195,0.677,1.0,0.968,False,False
634,QAT,Qatar,2016,Very High,42,AS,False,False,False,2599382,372311173588.0,6.375,35.1,High income,26,35.154,29.394,51.08,225636.406,0.405,0.001,0.258,0.014,Asia,Western Asia,Northern Hemisphere,25.5,51.25,-5.76,0.836,0.181,0.217,0.125,0.028,4.137,0.118,0.141,0.081,0.018,0.156,0.226,0.597,1.0,0.984,False,False
634,QAT,Qatar,2017,Very High,42,AS,False,False,False,2706716,366733973367.0,6.375,35.1,High income,26,39.035,28.953,44.9,208396.75,0.424,0.001,0.294,0.025,Asia,Western Asia,Northern Hemisphere,25.5,51.25,-10.082,0.742,0.163,0.22,0.142,0.031,4.137,0.106,0.143,0.092,0.02,0.187,0.215,0.597,1.0,0.952,False,False
634,QAT,Qatar,2018,Very High,42,AS,False,False,False,2761144,371263146890.0,6.374,35.1,High income,24,37.166,27.513,33.57,207650.469,0.441,0.001,0.279,0.013,Asia,Western Asia,Northern Hemisphere,25.5,51.25,-9.653,0.74,0.172,0.232,0.19,0.031,4.137,0.111,0.15,0.123,0.02,0.179,0.162,0.629,1.0,0.823,False,False
634,QAT,Qatar,2019,Very High,42,AS,False,False,False,2797927,373817411294.0,6.374,35.1,High income,22,36.252,27.843,33.72,209158.016,0.388,0.001,0.273,0.008,Asia,Western Asia,Northern Hemisphere,25.5,51.25,-8.409,0.768,0.176,0.229,0.189,0.03,4.137,0.114,0.149,0.123,0.02,0.173,0.161,0.661,1.0,0.823,False,False
634,QAT,Qatar,2020,Very High,42,AS,False,False,False,2803375,360517012801.0,6.354,35.1,High income,25,36.145,28.162,33.72,183122.625,0.441,0.001,0.288,0.006,Asia,Western Asia,Northern Hemisphere,25.5,51.25,-7.983,0.779,0.176,0.226,0.188,0.035,4.124,0.114,0.146,0.122,0.023,0.197,0.184,0.613,1.0,0.823,False,False
634,QAT,Qatar,2021,Very High,42,AS,False,False,False,2814988,366245595916.0,6.312,35.1,High income,26,37.082,26.448,33.72,192920.656,0.439,0.001,0.283,0.004,Asia,Western Asia,Northern Hemisphere,25.5,51.25,-10.634,0.713,0.17,0.239,0.187,0.033,4.096,0.11,0.155,0.121,0.021,0.192,0.175,0.597,1.0,0.823,False,False
642,ROU,Romania,2013,Very High,53,NOTAPPLICABLE,False,False,False,20062913,357789262640.0,5.033,36.9,High income,52,3.927,3.857,13.74,18420.879,53.035,0.004,0.223,-0.269,Europe,Eastern Europe,Northern Hemisphere,46.0,25.0,-0.07,0.982,1.282,1.305,0.366,0.273,3.176,0.809,0.823,0.231,0.172,0.213,0.746,0.177,0.21,0.363,False,False
642,ROU,Romania,2014,Very High,53,NOTAPPLICABLE,False,False,False,19968179,372532510801.0,5.078,36.0,High income,50,3.973,4.019,13.72,18986.027,65.569,0.005,0.224,-0.225,Europe,Eastern Europe,Northern Hemisphere,46.0,25.0,0.046,1.012,1.278,1.263,0.37,0.267,3.25,0.818,0.809,0.237,0.171,0.209,0.723,0.21,0.226,0.355,False,False
642,ROU,Romania,2015,Very High,53,NOTAPPLICABLE,False,False,False,19871018,384306463712.0,5.124,35.9,High income,49,3.928,3.964,15.52,19180.48,68.48,0.005,0.22,-0.591,Europe,Eastern Europe,Northern Hemisphere,46.0,25.0,0.036,1.009,1.304,1.293,0.33,0.267,3.284,0.836,0.828,0.212,0.171,0.205,0.809,0.226,0.242,0.371,False,False
642,ROU,Romania,2016,Very High,53,NOTAPPLICABLE,False,False,False,19777049,395288226514.0,5.528,34.4,High income,43,3.873,4.024,15.39,19269.059,70.954,0.005,0.216,-0.683,Europe,Eastern Europe,Northern Hemisphere,46.0,25.0,0.151,1.039,1.427,1.374,0.359,0.287,3.626,0.936,0.901,0.236,0.188,0.201,0.799,0.323,0.21,0.371,False,False
642,ROU,Romania,2017,Very High,53,NOTAPPLICABLE,False,False,False,19689405,456012361225.0,5.825,36.0,High income,38,4.034,4.237,15.21,19702.773,64.221,0.005,0.221,-0.292,Europe,Eastern Europe,Northern Hemisphere,46.0,25.0,0.203,1.05,1.444,1.375,0.383,0.296,3.728,0.924,0.88,0.245,0.189,0.205,0.772,0.403,0.226,0.387,False,False
642,ROU,Romania,2018,Very High,53,NOTAPPLICABLE,False,False,False,19597874,473122658487.0,5.945,35.8,High income,35,4.076,4.497,15.45,20004.775,68.848,0.005,0.217,1.213,Europe,Eastern Europe,Northern Hemisphere,46.0,25.0,0.421,1.103,1.459,1.322,0.385,0.297,3.817,0.936,0.849,0.247,0.191,0.204,0.772,0.452,0.242,0.419,False,False
642,ROU,Romania,2019,Very High,53,NOTAPPLICABLE,False,False,False,19501542,456564507688.0,6.07,34.8,High income,32,3.933,4.366,16.04,19681.396,65.608,0.005,0.207,-0.458,Europe,Eastern Europe,Northern Hemisphere,46.0,25.0,0.433,1.11,1.543,1.39,0.378,0.308,3.958,1.006,0.907,0.247,0.201,0.2,0.815,0.5,0.242,0.435,False,False
642,ROU,Romania,2020,Very High,53,NOTAPPLICABLE,False,False,False,19392467,483499378450.0,6.124,34.6,High income,32,3.813,4.176,16.04,19053.199,66.143,0.005,0.21,-0.305,Europe,Eastern Europe,Northern Hemisphere,46.0,25.0,0.363,1.095,1.606,1.466,0.382,0.321,4.005,1.05,0.959,0.25,0.21,0.2,0.842,0.5,0.242,0.435,False,False
642,ROU,Romania,2021,Very High,53,NOTAPPLICABLE,False,False,False,19248159,505119539256.0,6.14,33.9,High income,33,4.026,4.465,16.04,20261.834,69.975,0.005,0.21,-0.873,Europe,Eastern Europe,Northern Hemisphere,46.0,25.0,0.439,1.109,1.525,1.375,0.383,0.303,4.059,1.008,0.909,0.253,0.2,0.199,0.792,0.484,0.258,0.435,False,False
643,RUS,Russia,2013,Very High,52,NOTAPPLICABLE,False,False,False,144604105,3500216789791.0,5.464,40.9,Upper middle income,42,11.324,9.563,10.37,55548.391,464.846,0.086,4.642,1.806,Europe,Eastern Europe,Northern Hemisphere,60.0,100.0,-1.761,0.844,0.483,0.571,0.527,0.098,3.229,0.285,0.338,0.311,0.058,0.204,0.187,0.339,0.661,0.258,False,False
643,RUS,Russia,2014,Very High,52,NOTAPPLICABLE,False,False,False,144925639,3525987597216.0,5.59,36.9,Upper middle income,42,11.298,9.301,9.99,55599.285,443.592,0.087,4.617,0.881,Europe,Eastern Europe,Northern Hemisphere,60.0,100.0,-1.997,0.823,0.495,0.601,0.56,0.101,3.527,0.312,0.379,0.353,0.063,0.203,0.18,0.339,0.645,0.21,False,False
643,RUS,Russia,2015,Very High,52,NOTAPPLICABLE,False,False,False,145307612,3456429719677.0,5.716,36.5,Upper middle income,41,11.254,8.735,8.67,54577.699,428.028,0.088,4.619,3.079,Europe,Eastern Europe,Northern Hemisphere,60.0,100.0,-2.519,0.776,0.508,0.654,0.659,0.105,3.63,0.323,0.416,0.419,0.067,0.206,0.159,0.355,0.645,0.161,False,False
643,RUS,Russia,2016,Very High,52,NOTAPPLICABLE,False,False,False,145778668,3463123938280.0,5.856,36.7,Upper middle income,34,11.177,8.729,9.07,55468.086,467.186,0.089,4.604,3.122,Europe,Eastern Europe,Northern Hemisphere,60.0,100.0,-2.448,0.781,0.524,0.671,0.646,0.106,3.707,0.332,0.425,0.409,0.067,0.202,0.164,0.468,0.629,0.194,False,False
643,RUS,Russia,2017,Very High,52,NOTAPPLICABLE,False,False,False,146186798,3526353842599.0,5.963,35.5,Upper middle income,33,11.362,8.917,9.57,55653.059,467.004,0.089,4.617,2.931,Europe,Eastern Europe,Northern Hemisphere,60.0,100.0,-2.445,0.785,0.525,0.669,0.623,0.107,3.846,0.338,0.431,0.402,0.069,0.204,0.172,0.484,0.645,0.226,False,False
643,RUS,Russia,2018,Very High,52,NOTAPPLICABLE,False,False,False,146430146,3625347362801.0,5.81,35.3,Upper middle income,39,11.677,8.542,9.17,57585.199,479.074,0.09,4.655,2.166,Europe,Eastern Europe,Northern Hemisphere,60.0,100.0,-3.135,0.732,0.498,0.68,0.634,0.101,3.759,0.322,0.44,0.41,0.065,0.203,0.159,0.387,0.629,0.21,False,False
643,RUS,Russia,2019,Very High,52,NOTAPPLICABLE,False,False,False,146533063,3705035583500.0,5.648,35.7,Upper middle income,45,11.632,8.778,9.49,57120.422,487.594,0.091,4.596,1.812,Europe,Eastern Europe,Northern Hemisphere,60.0,100.0,-2.854,0.755,0.486,0.643,0.595,0.099,3.632,0.312,0.414,0.383,0.064,0.204,0.166,0.29,0.645,0.226,False,False
643,RUS,Russia,2020,Very High,52,NOTAPPLICABLE,False,False,False,146371295,3606716578675.0,5.546,33.7,Upper middle income,46,11.149,8.735,9.49,55172.793,536.377,0.092,4.642,1.435,Europe,Eastern Europe,Northern Hemisphere,60.0,100.0,-2.414,0.783,0.497,0.635,0.584,0.101,3.677,0.33,0.421,0.387,0.067,0.202,0.172,0.274,0.71,0.226,False,False
643,RUS,Russia,2021,Very High,52,NOTAPPLICABLE,False,False,False,145836172,3809571453737.0,5.477,35.1,Upper middle income,48,11.482,8.49,9.49,57127.566,545.825,0.093,4.542,1.647,Europe,Eastern Europe,Northern Hemisphere,60.0,100.0,-2.992,0.739,0.477,0.645,0.577,0.096,3.555,0.31,0.419,0.375,0.062,0.201,0.166,0.242,0.677,0.226,False,False
703,SVK,Slovakia,2013,Very High,45,NOTAPPLICABLE,False,False,False,5410422,122917618179.0,5.969,28.1,High income,33,6.584,7.387,20.04,35965.223,17.951,0.002,0.101,0.954,Europe,Eastern Europe,Northern Hemisphere,48.6667,19.5,0.803,1.122,0.907,0.808,0.298,0.166,4.292,0.652,0.581,0.214,0.119,0.183,0.557,0.484,0.516,0.532,False,False
703,SVK,Slovakia,2014,Very High,45,NOTAPPLICABLE,False,False,False,5415238,126232947119.0,5.982,26.1,High income,32,6.225,6.95,20.97,33446.344,18.253,0.002,0.095,1.078,Europe,Eastern Europe,Northern Hemisphere,48.6667,19.5,0.725,1.116,0.961,0.861,0.285,0.179,4.421,0.71,0.636,0.211,0.132,0.186,0.627,0.5,0.484,0.581,False,False
703,SVK,Slovakia,2015,Very High,45,NOTAPPLICABLE,False,False,False,5420278,132755573802.0,5.995,26.5,High income,28,6.37,7.062,21.54,33760.246,18.012,0.002,0.098,1.262,Europe,Eastern Europe,Northern Hemisphere,48.6667,19.5,0.692,1.109,0.941,0.849,0.278,0.178,4.406,0.692,0.624,0.205,0.131,0.189,0.638,0.565,0.548,0.645,False,False
703,SVK,Slovakia,2016,Very High,45,NOTAPPLICABLE,False,False,False,5427262,135336424966.0,6.078,25.2,High income,28,6.445,7.489,22.58,34039.949,19.355,0.002,0.099,1.513,Europe,Eastern Europe,Northern Hemisphere,48.6667,19.5,1.044,1.162,0.943,0.812,0.269,0.179,4.546,0.705,0.607,0.201,0.134,0.189,0.663,0.565,0.548,0.645,False,False
703,SVK,Slovakia,2017,Very High,45,NOTAPPLICABLE,False,False,False,5435702,139312659832.0,6.098,23.2,High income,28,6.657,7.272,21.91,35799.367,19.088,0.002,0.101,1.261,Europe,Eastern Europe,Northern Hemisphere,48.6667,19.5,0.615,1.092,0.916,0.839,0.278,0.17,4.683,0.703,0.644,0.214,0.131,0.186,0.612,0.565,0.516,0.613,False,False
703,SVK,Slovakia,2018,Very High,45,NOTAPPLICABLE,False,False,False,5443229,144927513498.0,6.173,25.0,High income,28,6.648,7.487,18.96,35143.781,17.168,0.002,0.099,0.909,Europe,Eastern Europe,Northern Hemisphere,48.6667,19.5,0.839,1.126,0.929,0.824,0.326,0.176,4.63,0.696,0.618,0.244,0.132,0.189,0.539,0.565,0.5,0.565,False,False
703,SVK,Slovakia,2019,Very High,45,NOTAPPLICABLE,False,False,False,5450627,148579167627.0,6.198,23.2,High income,26,6.211,7.12,19.14,33913.332,19.316,0.002,0.091,0.712,Europe,Eastern Europe,Northern Hemisphere,48.6667,19.5,0.909,1.146,0.998,0.871,0.324,0.183,4.76,0.766,0.669,0.249,0.14,0.183,0.564,0.597,0.5,0.565,False,False
703,SVK,Slovakia,2020,Very High,45,NOTAPPLICABLE,False,False,False,5455028,143565091421.0,6.281,24.2,High income,26,5.715,6.588,19.14,33203.387,19.806,0.002,0.089,0.574,Europe,Eastern Europe,Northern Hemisphere,48.6667,19.5,0.873,1.153,1.099,0.953,0.328,0.189,4.761,0.833,0.723,0.249,0.143,0.172,0.576,0.597,0.484,0.565,False,False
703,SVK,Slovakia,2021,Very High,45,NOTAPPLICABLE,False,False,False,5442766,147892579134.0,6.331,24.1,High income,23,6.477,7.328,19.14,35868.371,19.772,0.002,0.096,0.443,Europe,Eastern Europe,Northern Hemisphere,48.6667,19.5,0.851,1.131,0.977,0.864,0.331,0.177,4.805,0.742,0.656,0.251,0.134,0.181,0.534,0.645,0.5,0.565,False,False
705,SVN,Slovenia,2013,Very High,23,NOTAPPLICABLE,False,False,False,2056452,51803647300.0,6.06,26.2,High income,31,7.361,8.674,26.35,39280.562,13.898,0.0,0.043,2.203,Europe,Southern Europe,Northern Hemisphere,46.0,15.0,1.313,1.178,0.823,0.699,0.23,0.154,4.472,0.608,0.516,0.17,0.114,0.187,0.671,0.516,0.629,0.694,False,False
705,SVN,Slovenia,2014,Very High,23,NOTAPPLICABLE,False,False,False,2058395,53237651266.0,5.954,25.7,High income,33,6.592,8.364,25.92,40255.164,17.463,0.0,0.038,2.018,Europe,Southern Europe,Northern Hemisphere,46.0,15.0,1.772,1.269,0.903,0.712,0.23,0.148,4.424,0.671,0.529,0.171,0.11,0.164,0.644,0.484,0.629,0.677,False,False
705,SVN,Slovenia,2015,Very High,23,NOTAPPLICABLE,False,False,False,2059946,54414237086.0,5.848,25.4,High income,34,6.631,8.563,25.28,36270.613,11.518,0.0,0.039,2.052,Europe,Southern Europe,Northern Hemisphere,46.0,15.0,1.932,1.291,0.882,0.683,0.231,0.161,4.363,0.658,0.51,0.173,0.12,0.183,0.697,0.468,0.629,0.677,False,False
705,SVN,Slovenia,2016,Very High,23,NOTAPPLICABLE,False,False,False,2061379,56151179265.0,5.768,24.8,High income,39,7.019,8.761,26.99,38740.152,13.094,0.0,0.041,2.011,Europe,Southern Europe,Northern Hemisphere,46.0,15.0,1.742,1.248,0.822,0.658,0.214,0.149,4.338,0.618,0.495,0.161,0.112,0.181,0.697,0.387,0.645,0.71,False,False
705,SVN,Slovenia,2017,Very High,23,NOTAPPLICABLE,False,False,False,2062410,58855036945.0,5.758,24.2,High income,40,7.097,9.418,26.39,39139.125,11.595,0.001,0.041,2.044,Europe,Southern Europe,Northern Hemisphere,46.0,15.0,2.321,1.327,0.811,0.611,0.218,0.147,4.365,0.615,0.463,0.165,0.112,0.181,0.674,0.371,0.677,0.694,False,False
705,SVN,Slovenia,2018,Very High,23,NOTAPPLICABLE,False,False,False,2069484,61476689663.0,5.948,24.6,High income,34,7.037,9.932,24.63,39812.316,14.045,0.001,0.04,1.599,Europe,Southern Europe,Northern Hemisphere,46.0,15.0,2.895,1.411,0.845,0.599,0.241,0.149,4.485,0.637,0.452,0.182,0.113,0.177,0.619,0.468,0.726,0.661,False,False
705,SVN,Slovenia,2019,Very High,23,NOTAPPLICABLE,False,False,False,2083438,63598215879.0,6.118,24.4,High income,30,6.745,9.617,25.38,38399.168,13.753,0.001,0.038,1.728,Europe,Southern Europe,Northern Hemisphere,46.0,15.0,2.872,1.426,0.907,0.636,0.241,0.159,4.625,0.686,0.481,0.182,0.12,0.176,0.661,0.532,0.726,0.677,False,False
705,SVN,Slovenia,2020,Very High,23,NOTAPPLICABLE,False,False,False,2102421,60849951865.0,6.363,24.0,High income,24,6.123,8.765,25.38,36764.934,15.055,0.001,0.037,1.347,Europe,Southern Europe,Northern Hemisphere,46.0,15.0,2.642,1.431,1.039,0.726,0.251,0.173,4.836,0.79,0.552,0.191,0.132,0.167,0.69,0.629,0.726,0.677,False,False
705,SVN,Slovenia,2021,Very High,23,NOTAPPLICABLE,False,False,False,2113495,65846342756.0,6.461,24.3,High income,22,6.187,9.549,25.38,36234.727,14.805,0.001,0.035,1.298,Europe,Southern Europe,Northern Hemisphere,46.0,15.0,3.362,1.543,1.044,0.677,0.255,0.178,4.891,0.791,0.512,0.193,0.135,0.171,0.7,0.661,0.742,0.677,False,False
752,SWE,Sweden,2013,Very High,7,NOTAPPLICABLE,False,False,False,9600620,399973749048.0,7.48,28.8,High income,5,4.698,7.553,27.96,62865.043,224.344,0.003,0.128,0.387,Europe,Northern Europe,Northern Hemisphere,62.0,15.0,2.855,1.608,1.592,0.99,0.268,0.119,5.326,1.134,0.705,0.19,0.085,0.075,0.445,0.935,0.548,0.742,False,False
752,SWE,Sweden,2014,Very High,7,NOTAPPLICABLE,False,False,False,9696438,410604225974.0,7.422,28.4,High income,6,4.474,7.358,29.25,61958.484,231.919,0.003,0.122,0.445,Europe,Northern Europe,Northern Hemisphere,62.0,15.0,2.884,1.645,1.659,1.009,0.254,0.12,5.314,1.188,0.722,0.182,0.086,0.072,0.472,0.919,0.548,0.758,False,False
752,SWE,Sweden,2015,Very High,7,NOTAPPLICABLE,False,False,False,9799483,429037422635.0,7.364,29.2,High income,7,4.42,7.056,29.11,63479.047,274.841,0.003,0.122,0.512,Europe,Northern Europe,Northern Hemisphere,62.0,15.0,2.636,1.596,1.666,1.044,0.253,0.116,5.214,1.18,0.739,0.179,0.082,0.07,0.459,0.903,0.532,0.758,False,False
752,SWE,Sweden,2016,Very High,7,NOTAPPLICABLE,False,False,False,9923281,437921057919.0,7.291,29.6,High income,8,4.364,7.086,29.48,61411.199,242.278,0.003,0.122,0.572,Europe,Northern Europe,Northern Hemisphere,62.0,15.0,2.722,1.624,1.671,1.029,0.247,0.119,5.133,1.176,0.724,0.174,0.084,0.071,0.48,0.887,0.516,0.758,False,False
752,SWE,Sweden,2017,Very High,7,NOTAPPLICABLE,False,False,False,10057864,449166531542.0,7.284,28.8,High income,7,4.211,7.058,29.42,62771.066,255.426,0.003,0.118,0.685,Europe,Northern Europe,Northern Hemisphere,62.0,15.0,2.847,1.676,1.73,1.032,0.248,0.116,5.186,1.232,0.735,0.176,0.083,0.067,0.469,0.895,0.468,0.742,True,False
752,SWE,Sweden,2018,Very High,7,NOTAPPLICABLE,False,False,False,10175400,457925387676.0,7.314,30.0,High income,7,4.113,6.985,27.44,59869.379,246.462,0.003,0.114,0.692,Europe,Northern Europe,Northern Hemisphere,62.0,15.0,2.872,1.698,1.778,1.047,0.267,0.122,5.12,1.245,0.733,0.187,0.086,0.069,0.458,0.903,0.468,0.71,True,False
752,SWE,Sweden,2019,Very High,7,NOTAPPLICABLE,False,False,False,10279120,467020665386.0,7.343,29.3,High income,6,3.967,6.518,26.72,60882.551,265.789,0.003,0.11,0.75,Europe,Northern Europe,Northern Hemisphere,62.0,15.0,2.551,1.643,1.851,1.127,0.275,0.121,5.192,1.309,0.797,0.194,0.085,0.065,0.439,0.919,0.403,0.71,True,False
752,SWE,Sweden,2020,Very High,7,NOTAPPLICABLE,False,False,False,10353682,456885314424.0,7.353,28.9,High income,6,3.537,5.807,26.72,57977.379,296.72,0.003,0.104,0.763,Europe,Northern Europe,Northern Hemisphere,62.0,15.0,2.27,1.642,2.079,1.266,0.275,0.127,5.228,1.478,0.9,0.196,0.09,0.061,0.461,0.919,0.387,0.71,True,False
752,SWE,Sweden,2021,Very High,7,NOTAPPLICABLE,False,False,False,10416134,481492421258.0,7.363,29.8,High income,6,3.703,6.354,26.72,60836.348,307.327,0.003,0.105,0.828,Europe,Northern Europe,Northern Hemisphere,62.0,15.0,2.651,1.716,1.988,1.159,0.276,0.121,5.169,1.396,0.814,0.193,0.085,0.061,0.439,0.919,0.403,0.71,True,False
764,THA,Thailand,2013,Very High,66,EAP,False,False,False,69845112,962095812070.0,6.371,37.8,Upper middle income,26,3.776,4.227,11.91,18796.785,49.835,0.009,0.748,0.959,Asia,South-eastern Asia,Northern Hemisphere,15.0,100.0,0.451,1.119,1.687,1.507,0.535,0.339,3.963,1.05,0.938,0.333,0.211,0.201,0.634,0.597,0.226,0.29,False,False
764,THA,Thailand,2014,Very High,66,EAP,False,False,False,70216362,971562808709.0,6.413,37.0,Upper middle income,25,3.881,3.93,10.81,19328.395,57.466,0.009,0.768,1.1,Asia,South-eastern Asia,Northern Hemisphere,15.0,100.0,0.049,1.013,1.652,1.632,0.593,0.332,4.04,1.041,1.028,0.374,0.209,0.201,0.559,0.613,0.21,0.29,False,False
764,THA,Thailand,2015,Very High,66,EAP,False,False,False,70540787,1002011619070.0,6.455,36.0,Upper middle income,26,3.928,3.888,10.49,19526.947,57.81,0.009,0.783,0.889,Asia,South-eastern Asia,Northern Hemisphere,15.0,100.0,-0.04,0.99,1.643,1.66,0.615,0.331,4.131,1.052,1.062,0.394,0.212,0.201,0.537,0.597,0.226,0.274,False,False
764,THA,Thailand,2016,Very High,66,EAP,False,False,False,70859835,1036430730493.0,6.474,36.7,Upper middle income,25,4.009,4.027,10.4,19835.943,64.814,0.009,0.803,0.787,Asia,South-eastern Asia,Northern Hemisphere,15.0,100.0,0.018,1.004,1.615,1.608,0.622,0.326,4.098,1.022,1.018,0.394,0.207,0.202,0.524,0.613,0.226,0.258,False,False
764,THA,Thailand,2017,Very High,66,EAP,False,False,False,71160183,1079732734924.0,6.424,36.4,Upper middle income,24,3.982,4.079,10.74,20133.205,76.063,0.01,0.788,0.754,Asia,South-eastern Asia,Northern Hemisphere,15.0,100.0,0.097,1.024,1.613,1.575,0.598,0.319,4.086,1.026,1.002,0.38,0.203,0.198,0.533,0.629,0.21,0.258,False,False
764,THA,Thailand,2018,Very High,66,EAP,False,False,False,71376081,1125329902301.0,6.072,36.4,Upper middle income,30,4.039,4.28,11.32,20712.488,94.116,0.01,0.785,1.247,Asia,South-eastern Asia,Northern Hemisphere,15.0,100.0,0.241,1.06,1.503,1.419,0.536,0.293,3.862,0.956,0.902,0.341,0.186,0.195,0.547,0.532,0.226,0.274,False,False
764,THA,Thailand,2019,Very High,66,EAP,False,False,False,71522264,1149130685920.0,6.008,34.9,Upper middle income,35,3.941,4.246,11.75,20689.293,102.623,0.01,0.76,1.887,Asia,South-eastern Asia,Northern Hemisphere,15.0,100.0,0.305,1.077,1.524,1.415,0.511,0.29,3.911,0.992,0.921,0.333,0.189,0.19,0.568,0.452,0.226,0.258,False,False
764,THA,Thailand,2020,Very High,66,EAP,False,False,False,71641484,1078332670656.0,5.999,35.0,Upper middle income,37,3.796,4.189,11.75,19257.477,95.962,0.01,0.773,2.008,Asia,South-eastern Asia,Northern Hemisphere,15.0,100.0,0.393,1.104,1.58,1.432,0.511,0.312,3.899,1.027,0.931,0.332,0.202,0.197,0.61,0.419,0.258,0.258,False,False
764,THA,Thailand,2021,Very High,66,EAP,False,False,False,71727338,1095187026392.0,5.985,34.9,Upper middle income,37,3.724,4.313,11.75,19334.578,97.35,0.01,0.725,1.254,Asia,South-eastern Asia,Northern Hemisphere,15.0,100.0,0.589,1.158,1.607,1.388,0.509,0.31,3.896,1.046,0.903,0.332,0.202,0.193,0.608,0.419,0.242,0.258,False,False
792,TUR,Turkey,2013,Very High,48,ECA,False,False,False,76403032,1551491738617.0,5.345,40.2,Upper middle income,47,4.589,5.294,17.97,18483.398,182.671,0.005,0.994,-0.054,Asia,Western Asia,Northern Hemisphere,39.0,35.0,0.705,1.154,1.165,1.01,0.297,0.289,3.196,0.696,0.604,0.178,0.173,0.248,0.972,0.258,0.323,0.484,False,False
792,TUR,Turkey,2014,Very High,48,ECA,False,False,False,78036154,1628131977724.0,5.338,41.2,Upper middle income,46,4.706,5.306,17.76,18636.939,137.518,0.005,1.036,-0.16,Asia,Western Asia,Northern Hemisphere,39.0,35.0,0.6,1.127,1.134,1.006,0.301,0.286,3.139,0.667,0.592,0.177,0.168,0.253,0.953,0.274,0.339,0.468,False,False
792,TUR,Turkey,2015,Very High,48,ECA,False,False,False,80014222,1727192876718.0,5.332,42.9,Upper middle income,46,4.845,5.401,18.16,19859.234,215.766,0.006,1.095,-0.052,Asia,Western Asia,Northern Hemisphere,39.0,35.0,0.556,1.115,1.101,0.987,0.294,0.268,3.045,0.628,0.564,0.168,0.153,0.244,0.914,0.274,0.339,0.468,False,False
792,TUR,Turkey,2016,Very High,48,ECA,False,False,False,81652087,1784590365590.0,5.389,41.9,Upper middle income,46,4.967,5.361,16.4,20443.309,231.891,0.006,1.146,-0.112,Asia,Western Asia,Northern Hemisphere,39.0,35.0,0.394,1.079,1.085,1.005,0.329,0.264,3.131,0.63,0.584,0.191,0.153,0.243,0.802,0.274,0.323,0.403,False,False
792,TUR,Turkey,2017,Very High,48,ECA,False,False,False,83083667,1918472081554.0,5.5,43.5,Upper middle income,45,5.183,5.554,16.48,21512.551,224.584,0.006,1.197,-0.088,Asia,Western Asia,Northern Hemisphere,39.0,35.0,0.371,1.072,1.061,0.99,0.334,0.256,3.108,0.6,0.56,0.189,0.144,0.241,0.766,0.29,0.306,0.427,False,False
792,TUR,Turkey,2018,Very High,48,ECA,False,False,False,84415966,1975637604336.0,5.483,42.4,Upper middle income,46,5.021,5.311,17.43,21179.322,251.254,0.006,1.154,-0.457,Asia,Western Asia,Northern Hemisphere,39.0,35.0,0.29,1.058,1.092,1.032,0.315,0.259,3.158,0.629,0.595,0.181,0.149,0.237,0.823,0.266,0.306,0.468,False,False
792,TUR,Turkey,2019,Very High,48,ECA,False,False,False,85357670,1991116616493.0,5.373,43.8,Upper middle income,48,4.763,4.907,17.49,21663.299,337.335,0.006,1.096,-0.33,Asia,Western Asia,Northern Hemisphere,39.0,35.0,0.144,1.03,1.128,1.095,0.307,0.248,3.02,0.634,0.615,0.173,0.139,0.22,0.807,0.242,0.29,0.484,False,False
792,TUR,Turkey,2020,Very High,48,ECA,False,False,False,86091691,2029749392174.0,5.132,43.0,Upper middle income,53,4.836,4.892,17.49,21161.5,327.603,0.007,1.184,-0.003,Asia,Western Asia,Northern Hemisphere,39.0,35.0,0.056,1.012,1.061,1.049,0.293,0.243,2.925,0.605,0.598,0.167,0.138,0.229,0.827,0.161,0.323,0.484,False,False
792,TUR,Turkey,2021,Very High,48,ECA,False,False,False,86686254,2260196231771.0,4.948,44.4,Upper middle income,56,5.276,5.168,17.49,22505.564,304.751,0.007,1.241,0.23,Asia,Western Asia,Northern Hemisphere,39.0,35.0,-0.108,0.98,0.938,0.957,0.283,0.22,2.751,0.521,0.532,0.157,0.122,0.234,0.777,0.113,0.323,0.484,False,False
804,UKR,Ukraine,2013,High,77,ECA,False,False,False,46126760,472286166147.0,5.057,24.6,Lower middle income,50,6.45,5.458,10.11,29691.408,39.204,0.017,0.843,0.216,Europe,Eastern Europe,Northern Hemisphere,49.0,32.0,-0.992,0.846,0.784,0.927,0.5,0.17,3.813,0.591,0.699,0.377,0.128,0.217,0.341,0.21,0.339,0.226,False,False
804,UKR,Ukraine,2014,High,77,ECA,False,False,False,45972379,441233307180.0,4.869,24.0,Lower middle income,55,5.606,4.248,9.36,26284.715,26.423,0.017,0.727,0.156,Europe,Eastern Europe,Northern Hemisphere,49.0,32.0,-1.358,0.758,0.869,1.146,0.52,0.185,3.7,0.66,0.871,0.395,0.141,0.213,0.356,0.129,0.242,0.161,False,False
804,UKR,Ukraine,2015,High,77,ECA,False,False,False,45784904,398045419167.0,4.681,25.5,Lower middle income,58,4.889,3.657,9.47,21915.693,18.461,0.017,0.632,0.409,Europe,Eastern Europe,Northern Hemisphere,49.0,32.0,-1.232,0.748,0.957,1.28,0.494,0.214,3.487,0.713,0.954,0.368,0.159,0.223,0.432,0.081,0.21,0.194,False,False
804,UKR,Ukraine,2016,High,77,ECA,False,False,False,45616831,407666198456.0,4.324,25.0,Lower middle income,61,5.132,4.187,10.48,23017.719,23.772,0.017,0.661,0.203,Europe,Eastern Europe,Northern Hemisphere,49.0,32.0,-0.945,0.816,0.843,1.033,0.413,0.188,3.243,0.632,0.775,0.309,0.141,0.223,0.455,0.032,0.242,0.274,False,False
804,UKR,Ukraine,2017,High,77,ECA,False,False,False,45436037,417287091525.0,4.096,26.0,Lower middle income,62,4.914,4.395,10.83,21466.02,27.809,0.017,0.621,0.211,Europe,Eastern Europe,Northern Hemisphere,49.0,32.0,-0.519,0.894,0.834,0.932,0.378,0.191,3.031,0.617,0.69,0.28,0.141,0.229,0.505,0.016,0.258,0.274,False,False
804,UKR,Ukraine,2018,High,77,ECA,False,False,False,45208903,431842093109.0,4.103,26.1,Lower middle income,62,5.13,4.718,11.26,22384.719,33.007,0.017,0.631,0.177,Europe,Eastern Europe,Northern Hemisphere,49.0,32.0,-0.412,0.92,0.8,0.87,0.364,0.183,3.032,0.591,0.643,0.269,0.135,0.229,0.503,0.016,0.274,0.258,False,False
804,UKR,Ukraine,2019,High,77,ECA,False,False,False,44957451,445656664440.0,4.332,26.6,Lower middle income,61,4.942,4.657,11.91,21301.547,30.631,0.018,0.599,0.137,Europe,Eastern Europe,Northern Hemisphere,49.0,32.0,-0.285,0.942,0.877,0.93,0.364,0.203,3.18,0.643,0.683,0.267,0.149,0.232,0.559,0.032,0.274,0.29,False,False
804,UKR,Ukraine,2020,High,77,ECA,False,False,False,44680008,428931213784.0,4.561,25.6,Lower middle income,60,4.635,4.353,11.91,20556.209,42.929,0.018,0.589,0.123,Europe,Eastern Europe,Northern Hemisphere,49.0,32.0,-0.282,0.939,0.984,1.048,0.383,0.222,3.393,0.732,0.779,0.285,0.165,0.225,0.579,0.048,0.29,0.29,False,False
804,UKR,Ukraine,2021,High,77,ECA,False,False,False,44298642,443313281092.0,4.875,25.6,Lower middle income,59,4.755,4.583,11.91,21105.271,54.635,0.018,0.571,0.108,Europe,Eastern Europe,Northern Hemisphere,49.0,32.0,-0.172,0.964,1.025,1.064,0.409,0.231,3.627,0.763,0.791,0.305,0.172,0.225,0.564,0.065,0.274,0.29,False,False
840,USA,United States,2013,Very High,21,NOTAPPLICABLE,False,False,False,320110752,16122472460312.0,7.082,40.9,High income,13,17.099,17.612,28.09,80374.148,1763.835,0.221,15.516,0.007,America,Northern America,Northern Hemisphere,38.0,-97.0,0.513,1.03,0.414,0.402,0.252,0.088,4.185,0.245,0.238,0.149,0.052,0.213,0.349,0.806,0.919,0.758,False,False
840,USA,United States,2014,Very High,21,NOTAPPLICABLE,False,False,False,323115377,16491319003554.0,7.1,41.7,High income,12,17.119,17.821,28.23,80453.969,1815.237,0.224,15.596,0.232,America,Northern America,Northern Hemisphere,38.0,-97.0,0.702,1.041,0.415,0.398,0.252,0.088,4.139,0.242,0.232,0.147,0.051,0.213,0.351,0.823,0.935,0.742,False,False
840,USA,United States,2015,Very High,21,NOTAPPLICABLE,False,False,False,326126496,16937633974582.0,7.119,41.5,High income,12,16.461,17.458,28.33,78949.203,1850.341,0.226,15.164,0.165,America,Northern America,Northern Hemisphere,38.0,-97.0,0.997,1.061,0.432,0.408,0.251,0.09,4.165,0.253,0.239,0.147,0.053,0.209,0.359,0.823,0.935,0.726,False,False
840,USA,United States,2016,Very High,21,NOTAPPLICABLE,False,False,False,329179423,17220065720000.0,7.104,41.3,High income,11,15.935,16.884,28.06,78155.102,2045.8,0.228,14.82,0.32,America,Northern America,Northern Hemisphere,38.0,-97.0,0.949,1.06,0.446,0.421,0.253,0.091,4.17,0.262,0.247,0.149,0.053,0.204,0.359,0.839,0.935,0.726,False,False
840,USA,United States,2017,Very High,21,NOTAPPLICABLE,False,False,False,332204657,17606124654726.0,6.993,41.4,High income,11,15.639,16.635,28.12,77729.664,2248.143,0.231,14.442,0.495,America,Northern America,Northern Hemisphere,38.0,-97.0,0.996,1.064,0.447,0.42,0.249,0.09,4.098,0.262,0.246,0.146,0.053,0.201,0.362,0.839,0.952,0.71,False,False
840,USA,United States,2018,Very High,21,NOTAPPLICABLE,False,False,False,335056492,18124692769570.0,6.886,41.8,High income,15,16.001,16.966,29.14,79893.953,2300.448,0.233,14.595,0.297,America,Northern America,Northern Hemisphere,38.0,-97.0,0.965,1.06,0.43,0.406,0.236,0.086,4.008,0.25,0.236,0.138,0.05,0.2,0.365,0.774,0.952,0.726,False,False
840,USA,United States,2019,Very High,21,NOTAPPLICABLE,False,False,False,337790069,18540552700117.0,6.892,41.9,High income,16,15.5,16.519,29.65,78683.469,2369.579,0.236,14.118,0.29,America,Northern America,Northern Hemisphere,38.0,-97.0,1.019,1.066,0.445,0.417,0.232,0.088,4.004,0.258,0.242,0.135,0.051,0.197,0.377,0.758,0.952,0.726,False,False
840,USA,United States,2020,Very High,21,NOTAPPLICABLE,False,False,False,339436156,18027359681343.0,6.94,40.0,High income,15,13.817,15.034,29.65,72562.672,2477.656,0.238,13.34,0.255,America,Northern America,Northern Hemisphere,38.0,-97.0,1.217,1.088,0.502,0.462,0.234,0.096,4.164,0.301,0.277,0.14,0.057,0.19,0.409,0.774,0.952,0.726,False,False
840,USA,United States,2021,Very High,21,NOTAPPLICABLE,False,False,False,340161438,19099378164000.0,6.951,39.7,High income,16,14.758,16.138,29.65,76307.383,2610.055,0.24,13.617,0.264,America,Northern America,Northern Hemisphere,38.0,-97.0,1.38,1.094,0.471,0.431,0.234,0.091,4.191,0.284,0.26,0.141,0.055,0.193,0.389,0.758,0.952,0.726,False,False
704,VNM,Vietnam,2013,High,115,EAP,False,False,False,90573103,488172621311.0,5.533,34.8,Lower middle income,40,1.672,1.348,7.8,7244.138,148.249,0.005,0.429,1.329,Asia,South-eastern Asia,Northern Hemisphere,16.0,106.0,-0.324,0.806,3.309,4.105,0.709,0.764,3.608,2.158,2.677,0.463,0.498,0.231,1.077,0.371,0.065,0.129,False,False
704,VNM,Vietnam,2014,High,115,EAP,False,False,False,91679582,519523061605.0,5.446,34.8,Lower middle income,43,1.964,1.535,9.85,7894.68,158.557,0.005,0.508,4.148,Asia,South-eastern Asia,Northern Hemisphere,16.0,106.0,-0.429,0.782,2.773,3.548,0.553,0.69,3.551,1.808,2.313,0.361,0.45,0.249,1.248,0.323,0.065,0.194,False,False
704,VNM,Vietnam,2015,High,115,EAP,False,False,False,92823254,555822142751.0,5.36,35.05,Lower middle income,45,2.299,1.778,10.03,8731.432,142.626,0.005,0.603,2.457,Asia,South-eastern Asia,Northern Hemisphere,16.0,106.0,-0.521,0.773,2.331,3.015,0.534,0.614,3.481,1.514,1.958,0.347,0.399,0.263,1.149,0.29,0.065,0.258,False,False
704,VNM,Vietnam,2016,High,115,EAP,False,False,False,94000115,593006635951.0,5.061,35.3,Lower middle income,54,2.351,1.845,8.09,9326.302,161.555,0.005,0.624,1.809,Asia,South-eastern Asia,Northern Hemisphere,16.0,106.0,-0.506,0.785,2.153,2.743,0.626,0.543,3.274,1.393,1.775,0.405,0.351,0.252,0.867,0.145,0.065,0.161,False,False
704,VNM,Vietnam,2017,High,115,EAP,False,False,False,95176978,634161327073.0,5.074,35.5,Lower middle income,55,2.392,1.807,8.16,9981.674,216.395,0.006,0.633,1.496,Asia,South-eastern Asia,Northern Hemisphere,16.0,106.0,-0.585,0.755,2.121,2.808,0.622,0.508,3.273,1.368,1.811,0.401,0.328,0.24,0.817,0.129,0.065,0.161,False,False
704,VNM,Vietnam,2018,High,115,EAP,False,False,False,96237319,681501440291.0,5.103,35.7,Lower middle income,54,2.655,1.963,8.12,11210.952,209.46,0.006,0.695,1.824,Asia,South-eastern Asia,Northern Hemisphere,16.0,106.0,-0.692,0.739,1.922,2.6,0.628,0.455,3.281,1.236,1.671,0.404,0.293,0.237,0.724,0.145,0.097,0.161,False,False
704,VNM,Vietnam,2019,High,115,EAP,False,False,False,97173778,731653148132.0,5.175,36.25,Lower middle income,55,3.492,2.52,8.52,12433.123,178.467,0.006,0.915,1.364,Asia,South-eastern Asia,Northern Hemisphere,16.0,106.0,-0.972,0.722,1.482,2.054,0.607,0.416,3.299,0.945,1.309,0.387,0.265,0.281,0.685,0.129,0.177,0.161,False,False
704,VNM,Vietnam,2020,High,115,EAP,False,False,False,98079196,752629620043.0,5.353,36.8,Lower middle income,51,3.697,2.65,8.52,12527.92,209.976,0.006,1.031,1.212,Asia,South-eastern Asia,Northern Hemisphere,16.0,106.0,-1.047,0.717,1.448,2.02,0.628,0.427,3.383,0.915,1.277,0.397,0.27,0.295,0.68,0.194,0.194,0.161,False,False
704,VNM,Vietnam,2021,High,115,EAP,False,False,False,98935101,771912038182.0,5.411,36.8,Lower middle income,49,3.176,2.247,8.52,12365.529,267.416,0.006,0.852,1.125,Asia,South-eastern Asia,Northern Hemisphere,16.0,106.0,-0.929,0.707,1.704,2.408,0.635,0.438,3.42,1.077,1.522,0.401,0.277,0.257,0.689,0.226,0.113,0.161,False,False
710,ZAF,South Africa,2013,High,109,SSA,False,False,False,54678789,677278303675.0,4.963,59.6,Upper middle income,55,8.343,6.529,10.09,26163.137,5.677,0.01,1.293,0.149,Africa,Sub-Saharan Africa,Southern Hemisphere,-29.0,24.0,-1.814,0.783,0.595,0.76,0.492,0.19,2.005,0.24,0.307,0.199,0.077,0.319,0.386,0.129,0.452,0.194,False,False
710,ZAF,South Africa,2014,High,109,SSA,False,False,False,55594840,686853872664.0,4.802,59.6,Upper middle income,56,8.663,6.509,8.41,26046.393,11.72,0.01,1.358,0.081,Africa,Sub-Saharan Africa,Southern Hemisphere,-29.0,24.0,-2.154,0.751,0.554,0.738,0.571,0.184,1.94,0.224,0.298,0.231,0.074,0.333,0.323,0.113,0.452,0.145,False,False
710,ZAF,South Africa,2015,High,109,SSA,False,False,False,56723536,695933197143.0,4.642,59.6,Upper middle income,59,8.065,6.175,8.06,24952.885,18.241,0.01,1.292,0.072,Africa,Sub-Saharan Africa,Southern Hemisphere,-29.0,24.0,-1.89,0.766,0.576,0.752,0.576,0.186,1.875,0.232,0.304,0.233,0.075,0.323,0.323,0.065,0.403,0.145,False,False
710,ZAF,South Africa,2016,High,109,SSA,False,False,False,57259550,700558003750.0,4.459,59.6,Upper middle income,58,7.982,6.189,7.55,25848.275,21.906,0.01,1.291,0.036,Africa,Sub-Saharan Africa,Southern Hemisphere,-29.0,24.0,-1.793,0.775,0.559,0.72,0.591,0.173,1.801,0.226,0.291,0.239,0.07,0.309,0.292,0.081,0.419,0.129,False,False
710,ZAF,South Africa,2017,High,109,SSA,False,False,False,57635158,708670169977.0,4.829,59.6,Upper middle income,56,7.634,6.028,7.76,25594.477,31.805,0.011,1.223,-0.019,Africa,Sub-Saharan Africa,Southern Hemisphere,-29.0,24.0,-1.606,0.79,0.633,0.801,0.622,0.189,1.951,0.256,0.324,0.251,0.076,0.298,0.303,0.113,0.371,0.129,False,False
710,ZAF,South Africa,2018,High,109,SSA,False,False,False,58613001,719458334697.0,4.724,59.6,Upper middle income,57,7.742,6.063,7.6,24053.697,32.227,0.011,1.235,0.005,Africa,Sub-Saharan Africa,Southern Hemisphere,-29.0,24.0,-1.679,0.783,0.61,0.779,0.622,0.196,1.908,0.246,0.315,0.251,0.079,0.322,0.316,0.097,0.355,0.113,False,False
710,ZAF,South Africa,2019,High,109,SSA,False,False,False,59587880,721641639539.0,4.722,59.6,Upper middle income,57,7.9,6.167,7.55,24698.113,32.905,0.011,1.269,0.04,Africa,Sub-Saharan Africa,Southern Hemisphere,-29.0,24.0,-1.733,0.781,0.598,0.766,0.625,0.191,1.908,0.242,0.309,0.253,0.077,0.32,0.306,0.097,0.387,0.113,False,False
710,ZAF,South Africa,2020,High,109,SSA,False,False,False,60562374,675871755463.0,4.814,59.6,Upper middle income,58,7.188,5.537,7.55,23110.006,36.073,0.011,1.238,0.046,Africa,Sub-Saharan Africa,Southern Hemisphere,-29.0,24.0,-1.651,0.77,0.67,0.869,0.638,0.208,1.945,0.271,0.351,0.258,0.084,0.311,0.327,0.081,0.371,0.113,False,False
710,ZAF,South Africa,2021,High,109,SSA,False,False,False,61502602,709077881289.0,4.956,59.6,Upper middle income,55,7.145,5.334,7.55,22855.135,45.54,0.011,1.192,0.053,Africa,Sub-Saharan Africa,Southern Hemisphere,-29.0,24.0,-1.811,0.747,0.694,0.929,0.656,0.217,2.002,0.28,0.375,0.265,0.088,0.313,0.33,0.129,0.339,0.113,False,False
