numeric_code,iso_code,country,year,human_development_groups,hdi_rank_2021,undp_developing_regions,least_devpd_country,landlock_deving_country,small_island_deving_country,population,gdp,happiness_index,gini_index,income_group,happiness_index_rank_62,co2_per_capita,consumption_co2_per_capita,material_footprint_per_capita,energy_per_capita,renewables_consumption,temperature_change_from_co2,share_global_co2,land_use_change_co2_per_capita,continent,sub_continent_un,hemisphere,latitude,longitude,co2_consumption_production_gap,co2_consumption_production_ratio,happiness_per_co2,happiness_per_consumption_co2,happiness_per_material_footprint,happiness_per_energy,inequality_adjusted_happiness,ineq_adj_happiness_per_co2,ineq_adj_happiness_per_consumption_co2,ineq_adj_happiness_per_material_footprint,ineq_adj_happiness_per_energy,co2_per_energy,material_footprint_per_energy
784,ARE,United Arab Emirates,2013,Very High,26,AS,False,False,False,7831851,606587973942.0,7.144,32.5,High income,11,27.348,33.019,49.68,144520.031,0.222,0.002,0.607,-0.014,Asia,Western Asia,Northern Hemisphere,24.0,54.0,5.670999999999999,1.2073643410852712,0.26122568377943545,0.2163602774160332,0.14380032206119164,4.943259388035974e-05,4.8222000000000005,0.17632733655111893,0.14604318725582244,0.09706521739130436,3.336700086924283e-05,0.00018923328351624834,0.00034375857558458455
784,ARE,United Arab Emirates,2014,Very High,26,AS,False,False,False,8236880,631858461256.0,7.0225,31.28,High income,13,26.045,31.416,55.49,137818.312,0.792,0.002,0.605,-0.011,Asia,Western Asia,Northern Hemisphere,24.0,54.0,5.370999999999999,1.2062200038395086,0.2696294874256095,0.22353259485612426,0.12655433411425482,5.095476717201412e-05,4.825862,0.18528938375887885,0.1536115991851286,0.08696813840331591,3.5016116000608104e-05,0.00018898069220293453,0.0004026315457992259
784,ARE,United Arab Emirates,2015,Very High,26,AS,False,False,False,8674633,674742705535.0,6.901,30.06,High income,17,25.943,30.139,59.76,140994.875,0.761,0.002,0.636,-0.009,Asia,Western Asia,Northern Hemisphere,24.0,54.0,4.195999999999998,1.1617391974713795,0.2660062444590063,0.22897242775141843,0.11547858099062919,4.894504144210915e-05,4.8265594,0.18604476737462897,0.16014331596934206,0.08076571954484606,3.423216198461114e-05,0.00018399959572998665,0.0004238451929547084
784,ARE,United Arab Emirates,2016,Very High,26,AS,False,False,False,9030873,712265114847.0,6.573,28.84,High income,22,25.235,28.68,64.95,140575.797,0.794,0.002,0.644,-0.007,Asia,Western Asia,Northern Hemisphere,24.0,54.0,3.4450000000000003,1.1365167426193779,0.2604715672676838,0.22918410041841006,0.10120092378752887,4.675769328912288e-05,4.6773468000000005,0.1853515672676838,0.1630874058577406,0.07201457736720554,3.327277454453984e-05,0.000179511697877836,0.00046202832483318597
784,ARE,United Arab Emirates,2017,Very High,26,AS,False,False,False,9234330,717500233045.0,6.648,27.619999999999997,High income,18,21.279,25.843,75.61,131237.281,1.863,0.002,0.546,-0.007,Asia,Western Asia,Northern Hemisphere,24.0,54.0,4.564,1.2144837633347432,0.3124206964612999,0.25724567581163177,0.08792487766168496,5.065633750824204e-05,4.8118224,0.22613010009868884,0.18619442015245907,0.06364002645152757,3.666505708846559e-05,0.00016214142687092094,0.000576132021509955
784,ARE,United Arab Emirates,2018,Very High,26,AS,False,False,False,9346870,726928170282.0,6.774,26.4,High income,17,21.837,26.453,65.97,121187.641,2.98,0.002,0.556,-0.0,Asia,Western Asia,Northern Hemisphere,24.0,54.0,4.616,1.211384347666804,0.31020744607775796,0.2560768154840661,0.10268303774442929,5.589678901332851e-05,4.985664,0.22831268031322985,0.18847253619627263,0.07557471577989995,4.1140036713809783e-05,0.00018019164181931719,0.0005443624403910956
784,ARE,United Arab Emirates,2019,Very High,26,AS,False,False,False,9377855,734982504070.0,6.825,26.4,High income,18,21.76,25.242,68.95,129769.297,9.049,0.002,0.55,-0.003,Asia,Western Asia,Northern Hemisphere,24.0,54.0,3.4819999999999993,1.160018382352941,0.31364889705882354,0.2703826955074875,0.09898477157360407,5.2593334153609537e-05,5.0232,0.2308455882352941,0.19900166389351082,0.07285279187817259,3.8708693937056624e-05,0.00016768219064945694,0.0005313275296544144
784,ARE,United Arab Emirates,2020,Very High,26,AS,False,False,False,9448529,698549476819.0,6.791,26.4,High income,18,22.783,23.472,68.95,125363.312,12.804,0.002,0.612,-0.001,Asia,Western Asia,Northern Hemisphere,24.0,54.0,0.6890000000000001,1.0302418469911776,0.29807312469823993,0.28932344921608727,0.09849166062364031,5.417055350292596e-05,4.998176,0.21938181977790455,0.2129420586230402,0.07248986221899927,3.9869527378153504e-05,0.0001817357856659052,0.0005500014230638706
784,ARE,United Arab Emirates,2021,Very High,26,AS,False,False,False,9789055,725904671328.0,6.561,26.4,High income,19,21.675,24.475,68.95,126734.023,15.401,0.002,0.576,-0.002,Asia,Western Asia,Northern Hemisphere,24.0,54.0,2.8000000000000007,1.1291810841983854,0.3026989619377162,0.26806945863125636,0.09515591007976794,5.176983926407828e-05,4.828896,0.2227864359861592,0.1972991215526047,0.0700347498187092,3.8102601698361615e-05,0.0001710274753923025,0.0005440527994601734
32,ARG,Argentina,2013,Very High,47,LAC,False,False,False,42582453,849088398588.0,6.562,41.1,Upper middle income,23,4.451,4.785,16.74,23705.746,101.686,0.008,0.537,2.426,America,Latin America and the Caribbean,Southern Hemisphere,-34.0,-64.0,0.3340000000000005,1.0750393170074142,1.4742754437205123,1.3713688610240335,0.39199522102747913,0.00027681052517815726,3.865018,0.8683482363513818,0.8077362591431557,0.23088518518518522,0.00016304139932993462,0.0001877603851825629,0.000706157907876006
32,ARG,Argentina,2014,Very High,47,LAC,False,False,False,43024071,827750786191.0,6.568,41.8,Upper middle income,23,4.382,4.455,16.57,23080.285,102.627,0.008,0.532,4.132,America,Latin America and the Caribbean,Southern Hemisphere,-34.0,-64.0,0.0730000000000004,1.0166590597900502,1.4988589685075309,1.4742985409652076,0.39637899818949907,0.00028457187595387146,3.822576,0.872335919671383,0.8580417508417508,0.23069257694628847,0.0001656208318051532,0.00018985900737360911,0.0007179287430809455
32,ARG,Argentina,2015,Very High,47,LAC,False,False,False,43477011,850356641236.0,6.574,42.05,Upper middle income,23,4.412,4.742,17.85,23230.486,103.185,0.008,0.542,2.562,America,Latin America and the Caribbean,Southern Hemisphere,-34.0,-64.0,0.33000000000000007,1.0747960108794197,1.4900271985494107,1.3863348797975537,0.3682913165266106,0.00028299020519846206,3.809633,0.8634707615593835,0.8033810628426824,0.21342481792717083,0.00016399282391250876,0.00018992284535071714,0.0007683868516569133
32,ARG,Argentina,2016,Very High,47,LAC,False,False,False,43900312,832669278245.0,6.65,42.3,Upper middle income,20,4.328,4.337,16.95,22909.215,95.882,0.008,0.537,2.457,America,Latin America and the Caribbean,Southern Hemisphere,-34.0,-64.0,0.008999999999999453,1.002079482439926,1.5365064695009243,1.5333179617246946,0.392330383480826,0.0002902762054483316,3.83705,0.8865642329020332,0.8847244639151488,0.2263746312684366,0.00016748937054368734,0.00018891961160607206,0.0007398769447141684
32,ARG,Argentina,2017,Very High,47,LAC,False,False,False,44288898,856142153676.0,6.599,41.4,Upper middle income,21,4.224,4.363,18.75,22511.016,103.551,0.008,0.52,1.822,America,Latin America and the Caribbean,Southern Hemisphere,-34.0,-64.0,0.13900000000000023,1.032907196969697,1.5622632575757576,1.5124914049965619,0.3519466666666667,0.00029314536491822495,3.8670140000000006,0.915486268939394,0.8863199633279853,0.2062407466666667,0.00017178318384207983,0.00018764146407252344,0.0008329255329923803
32,ARG,Argentina,2018,Very High,47,LAC,False,False,False,44654876,833736983405.0,6.388,41.7,Upper middle income,23,4.087,4.114,16.88,22081.684,106.101,0.008,0.497,2.539,America,Latin America and the Caribbean,Southern Hemisphere,-34.0,-64.0,0.027000000000000135,1.0066063126988012,1.563004648886714,1.5527467185221195,0.37843601895734597,0.0002892895306354352,3.724204,0.9112317103009543,0.9052513368983958,0.2206281990521327,0.00016865579636045873,0.0001850855215571421,0.0007644344516477999
32,ARG,Argentina,2019,Very High,47,LAC,False,False,False,44973469,817053926667.0,6.086,43.3,Upper middle income,31,4.012,3.84,15.81,20582.312,105.008,0.009,0.487,3.597,America,Latin America and the Caribbean,Southern Hemisphere,-34.0,-64.0,-0.1719999999999997,0.9571286141575275,1.516949152542373,1.5848958333333334,0.3849462365591398,0.0002956907853694959,3.4507619999999997,0.8601101694915254,0.8986359374999999,0.21826451612903222,0.00016765667530450415,0.00019492465180782407,0.0007681352804291374
32,ARG,Argentina,2020,Very High,47,LAC,False,False,False,45191960,735814250460.0,5.975,42.7,Upper middle income,38,3.643,3.542,15.81,19117.824,101.519,0.009,0.468,2.855,America,Latin America and the Caribbean,Southern Hemisphere,-34.0,-64.0,-0.10099999999999998,0.9722755970354103,1.6401317595388416,1.6869000564652739,0.3779253636938646,0.00031253556890156536,3.4236749999999994,0.9397954982157561,0.9665937323546018,0.21655123339658439,0.0001790828809805969,0.00019055515941563222,0.0008269769613947697
32,ARG,Argentina,2021,Very High,47,LAC,False,False,False,45312282,812324184006.0,5.929,42.4,Upper middle income,39,4.197,4.023,15.81,20925.615,103.147,0.009,0.516,3.484,America,Latin America and the Caribbean,Southern Hemisphere,-34.0,-64.0,-0.17400000000000038,0.9585418155825589,1.4126757207529188,1.473775789212031,0.3750158127767236,0.0002833369532986247,3.4151040000000004,0.8137012151536813,0.8488948545861299,0.2160091081593928,0.0001632020851000078,0.0002005675818846901,0.0007555333499158805
36,AUS,Australia,2013,Very High,5,NOTAPPLICABLE,False,False,False,23236271,1086068056518.0,7.35,34.4,High income,9,17.122,16.621,45.97,66946.461,95.674,0.013,1.128,7.076,Oceania,Australia and New Zealand,Southern Hemisphere,-27.0,133.0,-0.5010000000000012,0.97073939960285,0.4292722812755519,0.44221165994825823,0.15988688274961932,0.00010978922395912759,4.8216,0.28160261651676205,0.2900908489260574,0.10488579508375027,7.20217309171877e-05,0.00025575661124192957,0.0006866681122994687
36,AUS,Australia,2014,Very High,5,NOTAPPLICABLE,False,False,False,23595599,1113888062929.0,7.317,34.4,High income,8,16.639,16.296,47.8,66387.727,88.418,0.013,1.107,3.546,Oceania,Australia and New Zealand,Southern Hemisphere,-27.0,133.0,-0.34299999999999997,0.9793857803954564,0.4397499849750586,0.4490058910162003,0.1530753138075314,0.00011021615486247933,4.799952,0.28847599014363845,0.2945478645066274,0.1004174058577406,7.230179758978644e-05,0.0002506336751068462,0.0007200126011243012
36,AUS,Australia,2015,Very High,5,NOTAPPLICABLE,False,False,False,23947997,1139303344945.0,7.284,34.05,High income,8,16.727,16.169,46.91,66879.32,95.058,0.013,1.131,1.59,Oceania,Australia and New Zealand,Southern Hemisphere,-27.0,133.0,-0.5579999999999998,0.9666407604471812,0.43546362168948405,0.45049168161296305,0.15527606054146237,0.00010891259061844527,4.803798,0.2871882585042147,0.2970992640237491,0.10240456192709443,7.182785351286465e-05,0.0002501072080278328,0.00070141263398013
36,AUS,Australia,2016,Very High,5,NOTAPPLICABLE,False,False,False,24329963,1169967279612.0,7.313,33.7,High income,7,16.838,16.026,46.32,66045.68,108.587,0.013,1.157,3.922,Oceania,Australia and New Zealand,Southern Hemisphere,-27.0,133.0,-0.8120000000000012,0.9517757453379261,0.434315239339589,0.4563209784100836,0.15787996545768565,0.00011072639421685114,4.8485190000000005,0.28795100368214754,0.30254080868588545,0.1046744170984456,7.341159936577231e-05,0.0002549447594452809,0.0007013327745281751
36,AUS,Australia,2017,Very High,5,NOTAPPLICABLE,False,False,False,24731044,1197832839959.0,7.284,34.0,High income,7,16.716,16.013,48.27,64778.02,101.723,0.013,1.149,3.634,Oceania,Australia and New Zealand,Southern Hemisphere,-27.0,133.0,-0.7029999999999994,0.9579444843263939,0.43575017946877237,0.4548804096671454,0.15090118085767557,0.0001124455486598695,4.80744,0.2875951184493898,0.3002210703803159,0.09959477936606587,7.421406211551387e-05,0.00025805049305304486,0.000745160163895099
36,AUS,Australia,2018,Very High,5,NOTAPPLICABLE,False,False,False,25119700,1231576952488.0,7.272,34.3,High income,8,16.512,15.382,47.7,64726.418,127.007,0.014,1.129,2.028,Oceania,Australia and New Zealand,Southern Hemisphere,-27.0,133.0,-1.1300000000000008,0.9315649224806201,0.44040697674418605,0.4727603692627747,0.15245283018867925,0.00011234979819213849,4.777704,0.2893473837209302,0.310603562605643,0.10016150943396225,7.381381741223499e-05,0.0002551044922646577,0.000736947933686057
36,AUS,Australia,2019,Very High,5,NOTAPPLICABLE,False,False,False,25482714,1255505542015.0,7.228,34.05,High income,9,16.283,15.055,46.82,65938.531,140.546,0.014,1.119,1.538,Oceania,Australia and New Zealand,Southern Hemisphere,-27.0,133.0,-1.2280000000000015,0.924583921881717,0.44389854449425775,0.48010627698439057,0.15437847073900043,0.0001096172433686762,4.766865999999999,0.292751090093963,0.31663008967120554,0.10181260145237077,7.229257200164194e-05,0.0002469421103724619,0.0007100552482735777
36,AUS,Australia,2020,Very High,5,NOTAPPLICABLE,False,False,False,25743787,1232259790388.0,7.223,33.8,High income,10,15.481,14.541,46.82,61584.258,162.166,0.014,1.134,3.649,Oceania,Australia and New Zealand,Southern Hemisphere,-27.0,133.0,-0.9399999999999995,0.9392804082423616,0.46657192687810867,0.49673337459597,0.1542716787697565,0.00011728646629143441,4.781626,0.3088706155933079,0.32883749398253215,0.10212785134557882,7.764364068492958e-05,0.00025137917550293454,0.0007602592207898324
36,AUS,Australia,2021,Very High,5,NOTAPPLICABLE,False,False,False,25956417,1296705194119.0,7.183,33.8,High income,9,14.966,13.99,46.82,61230.445,193.787,0.014,1.054,2.229,Oceania,Australia and New Zealand,Southern Hemisphere,-27.0,133.0,-0.9759999999999991,0.9347855138313511,0.4799545636776694,0.5134381701215154,0.1534173430158052,0.00011731092269540096,4.755146,0.3177299211546171,0.33989606862044314,0.10156228107646305,7.765983082435544e-05,0.00024442089225384527,0.0007646522902128182
40,AUT,Austria,2013,Very High,25,NOTAPPLICABLE,False,False,False,8481411,352182904722.0,7.369,30.8,High income,8,7.989,10.749,27.32,48441.508,137.063,0.002,0.192,0.001,Europe,Western Europe,Northern Hemisphere,47.3333,13.3333,2.7600000000000007,1.345475028163725,0.9223932907748154,0.6855521443855241,0.2697291361639824,0.0001521216061234097,5.099347999999999,0.6382961572161722,0.47440208391478267,0.1866525622254758,0.0001052681514373995,0.00016492054706471976,0.0005639791395428895
40,AUT,Austria,2014,Very High,25,NOTAPPLICABLE,False,False,False,8547812,354511819035.0,7.2844999999999995,30.5,High income,10,7.506,10.761,27.48,46197.699,135.54,0.002,0.181,-0.005,Europe,Western Europe,Northern Hemisphere,47.3333,13.3333,3.254999999999999,1.4336530775379694,0.9704902744471089,0.6769352290679305,0.2650836972343522,0.00015768101350675494,5.0627275,0.6744907407407408,0.47046998420221176,0.18423316957787483,0.0001095883043871947,0.00016247562459766664,0.0005948348206693152
40,AUT,Austria,2015,Very High,25,NOTAPPLICABLE,False,False,False,8644037,358108266932.0,7.2,30.5,High income,10,7.677,10.082,26.4,45856.262,128.618,0.002,0.187,-0.08,Europe,Western Europe,Northern Hemisphere,47.3333,13.3333,2.405000000000001,1.3132734140940474,0.9378663540445488,0.7141440190438405,0.27272727272727276,0.00015701236180131733,5.0040000000000004,0.6518171160609614,0.49633009323546917,0.18954545454545457,0.00010912359145191555,0.0001674144307706546,0.0005757119932714969
40,AUT,Austria,2016,Very High,25,NOTAPPLICABLE,False,False,False,8737920,365232738553.0,7.119,30.8,High income,10,7.693,10.155,26.89,46881.992,136.689,0.002,0.19,-0.118,Europe,Western Europe,Northern Hemisphere,47.3333,13.3333,2.4619999999999997,1.3200311971922527,0.9253867151956324,0.7010339734121123,0.2647452584603942,0.00015184934974606028,4.926347999999999,0.6403676069153775,0.4851155096011816,0.18320371885459275,0.0001050797500242737,0.00016409285680523132,0.000573567778433988
40,AUT,Austria,2017,Very High,25,NOTAPPLICABLE,False,False,False,8798779,373481694490.0,7.006,29.7,High income,10,7.91,10.071,25.62,47457.57,136.104,0.002,0.193,-0.078,Europe,Western Europe,Northern Hemisphere,47.3333,13.3333,2.1609999999999996,1.273198482932996,0.8857142857142857,0.6956608082613445,0.27345823575331774,0.00014762660625059396,4.925218000000001,0.622657142857143,0.4890495482077253,0.1922411397345824,0.00010378150419416756,0.0001666752006055093,0.0005398506497488177
40,AUT,Austria,2018,Very High,25,NOTAPPLICABLE,False,False,False,8841653,382540042762.0,7.139,30.8,High income,10,7.529,10.007,25.39,46190.699,132.866,0.002,0.181,-0.044,Europe,Western Europe,Northern Hemisphere,47.3333,13.3333,2.4779999999999998,1.329127374153274,0.9482002922034799,0.7134006195663036,0.2811736904293029,0.00015455492457475044,4.940188,0.656154602204808,0.4936732287398821,0.19457219377707757,0.0001069520078057273,0.00016299818281598205,0.0005496777608842854
40,AUT,Austria,2019,Very High,25,NOTAPPLICABLE,False,False,False,8880876,388344674039.0,7.246,30.2,High income,8,7.651,9.753,24.62,48188.984,143.464,0.002,0.183,-0.078,Europe,Western Europe,Northern Hemisphere,47.3333,13.3333,2.1020000000000003,1.2747353287152006,0.9470657430401256,0.7429508869065928,0.2943135662063363,0.00015036631608585067,5.057708,0.6610518886420076,0.5185797190608018,0.20543086921202272,0.00010495568862792377,0.0001587707265212315,0.0005109051479483362
40,AUT,Austria,2020,Very High,25,NOTAPPLICABLE,False,False,False,8921402,363281092036.0,7.294,29.8,High income,7,6.97,8.833,24.62,44852.156,144.513,0.003,0.177,-0.09,Europe,Western Europe,Northern Hemisphere,47.3333,13.3333,1.8630000000000004,1.2672883787661406,1.0464849354375896,0.8257670100758518,0.2962632006498781,0.0001626231746808336,5.120387999999999,0.7346324246771879,0.5796884410732479,0.2079767668562144,0.00011416146862594519,0.00015539944166786541,0.0005489145270965347
40,AUT,Austria,2021,Very High,25,NOTAPPLICABLE,False,False,False,8967053,379835198584.0,7.268,30.7,High income,8,7.333,9.535,24.62,45314.195,138.067,0.003,0.178,-0.058,Europe,Western Europe,Northern Hemisphere,47.3333,13.3333,2.202,1.3002863766534842,0.9911359607254875,0.7622443628736234,0.2952071486596263,0.0001603912416407265,5.036724,0.6868572207827629,0.5282353434714211,0.20457855402112105,0.00011115113045702346,0.0001618256707418062,0.0005433176072089552
56,BEL,Belgium,2013,Very High,13,NOTAPPLICABLE,False,False,False,11160277,425993254852.0,6.967,27.7,High income,16,9.213,18.527,30.08,62894.422,36.852,0.005,0.291,0.208,Europe,Western Europe,Northern Hemisphere,50.8333,4.0,9.314000000000002,2.010962769998915,0.7562140453706719,0.3760457710368651,0.2316156914893617,0.00011077293945081489,5.037141,0.5467427548029958,0.2718810924596535,0.16745814494680852,8.008883522293917e-05,0.00014648357846423963,0.0004782618083365167
56,BEL,Belgium,2014,Very High,13,NOTAPPLICABLE,False,False,False,11210113,432717694183.0,6.952,28.1,High income,16,8.66,18.472,30.04,58059.273,38.442,0.006,0.274,0.293,Europe,Western Europe,Northern Hemisphere,50.8333,4.0,9.812000000000001,2.133025404157044,0.8027713625866051,0.3763533997401472,0.23142476697736353,0.00011973970118433966,4.998488,0.577192609699769,0.27059809441316585,0.16639440745672437,8.609284515154023e-05,0.00014915791315540586,0.0005174022761187519
56,BEL,Belgium,2015,Very High,13,NOTAPPLICABLE,False,False,False,11275332,441551470878.0,6.937,27.7,High income,16,8.987,17.884,29.32,58306.633,42.857,0.006,0.286,0.391,Europe,Western Europe,Northern Hemisphere,50.8333,4.0,8.897,1.9899855346611772,0.7718927339490376,0.3878886155222545,0.2365961800818554,0.00011897445698845275,5.0154510000000005,0.5580784466451542,0.28044346902259004,0.17105903819918147,8.601853240265135e-05,0.0001541334070859485,0.0005028587399310126
56,BEL,Belgium,2016,Very High,13,NOTAPPLICABLE,False,False,False,11332707,447144517813.0,6.929,27.6,High income,14,8.808,18.298,29.39,62607.219,44.179,0.006,0.282,0.252,Europe,Western Europe,Northern Hemisphere,50.8333,4.0,9.489999999999998,2.077429609445958,0.7866712079927339,0.37867526505629034,0.2357604627424294,0.00011067413807343847,5.016596,0.5695499545867393,0.2741608919007542,0.17069057502551888,8.012807596516945e-05,0.00014068665148662807,0.00046943468292370567
56,BEL,Belgium,2017,Very High,13,NOTAPPLICABLE,False,False,False,11376583,454386396677.0,6.891,27.4,High income,14,8.727,17.846,34.02,62940.031,48.534,0.006,0.276,0.358,Europe,Western Europe,Northern Hemisphere,50.8333,4.0,9.119,2.044918070356365,0.7896184255757992,0.3861369494564608,0.20255731922398587,0.00010948517009786665,5.002866,0.5732629769680302,0.2803354253053906,0.14705661375661375,7.948623349105119e-05,0.0001386557944339112,0.0005405145097561201
56,BEL,Belgium,2018,Very High,13,NOTAPPLICABLE,False,False,False,11428608,462533269863.0,6.927,27.2,High income,13,8.772,18.542,34.48,62492.762,51.595,0.006,0.273,0.326,Europe,Western Europe,Northern Hemisphere,50.8333,4.0,9.770000000000001,2.1137710898312814,0.789671682626539,0.37358429511379565,0.20089907192575407,0.00011084483671885072,5.042856,0.5748809849521204,0.27196936684284323,0.14625452436194897,8.069504113132332e-05,0.00014036825576696385,0.0005517438963571493
56,BEL,Belgium,2019,Very High,13,NOTAPPLICABLE,False,False,False,11490623,472897988852.0,6.923,27.2,High income,15,8.685,17.795,33.45,64258.418,56.982,0.006,0.269,0.338,Europe,Western Europe,Northern Hemisphere,50.8333,4.0,9.110000000000001,2.0489349453080026,0.7971214738054115,0.38904186569261023,0.20696562032884902,0.00010773685713831299,5.039944,0.5803044329303396,0.28322247822422025,0.1506709715994021,7.843243199669186e-05,0.00013515738902878066,0.0005205543653440084
56,BEL,Belgium,2020,Very High,13,NOTAPPLICABLE,False,False,False,11540102,447544069854.0,6.864,26.0,High income,17,7.908,15.8,33.45,57530.324,68.902,0.006,0.26,0.293,Europe,Western Europe,Northern Hemisphere,50.8333,4.0,7.892,1.997976732422863,0.8679817905918057,0.4344303797468354,0.20520179372197309,0.00011931099153900124,5.079359999999999,0.6423065250379362,0.3214784810126582,0.15184932735426007,8.829013373886091e-05,0.00013745794304930389,0.0005814324981030874
56,BEL,Belgium,2021,Very High,13,NOTAPPLICABLE,False,False,False,11570843,474995824355.0,6.834,26.6,High income,17,8.204,17.442,33.45,63805.598,67.433,0.006,0.257,0.255,Europe,Western Europe,Northern Hemisphere,50.8333,4.0,9.238,2.1260360799609943,0.8330082886396879,0.391812865497076,0.204304932735426,0.0001071065896130305,5.016156,0.6114280838615309,0.2875906432748538,0.14995982062780266,7.861623677596439e-05,0.0001285780598749345,0.0005242486717231301
50,BGD,Bangladesh,2013,Medium,129,SA,True,False,False,156532134,486135250102.0,4.804,32.4,Lower middle income,57,0.414,0.41,2.91,1958.554,2.491,0.002,0.184,0.064,Asia,Southern Asia,Northern Hemisphere,24.0,90.0,-0.0040000000000000036,0.9903381642512077,11.603864734299519,11.717073170731709,1.6508591065292095,0.0024528299960072586,3.2475039999999997,7.844212560386473,7.920741463414634,1.1159807560137456,0.0016581130773009065,0.000211380436791633,0.0014857900267237973
50,BGD,Bangladesh,2014,Medium,129,SA,True,False,False,157964931,516793803718.0,4.7490000000000006,32.4,Lower middle income,58,0.428,0.676,2.15,2016.64,2.185,0.002,0.19,0.067,Asia,Southern Asia,Northern Hemisphere,24.0,90.0,0.24800000000000005,1.5794392523364487,11.095794392523366,7.025147928994083,2.208837209302326,0.002354907172326246,3.210324,7.5007570093457945,4.749,1.4931739534883721,0.0015919172484925418,0.00021223421136147254,0.0010661298000634717
50,BGD,Bangladesh,2015,Medium,129,SA,True,False,False,159383179,552104723056.0,4.694,32.4,Lower middle income,56,0.483,0.482,2.54,2416.201,3.053,0.002,0.217,0.079,Asia,Southern Asia,Northern Hemisphere,24.0,90.0,-0.0010000000000000009,0.9979296066252588,9.718426501035196,9.738589211618258,1.848031496062992,0.0019427191694730696,3.1731439999999997,6.569656314699793,6.583286307053942,1.2492692913385826,0.0013132781585637949,0.00019990058774083778,0.0010512370452623768
50,BGD,Bangladesh,2016,Medium,129,SA,True,False,False,160811934,589932630231.0,4.643,32.4,Lower middle income,57,0.508,0.787,2.33,2404.679,2.861,0.002,0.231,0.071,Asia,Southern Asia,Northern Hemisphere,24.0,90.0,0.279,1.549212598425197,9.13976377952756,5.899618805590851,1.9927038626609441,0.0019308190407118786,3.1386679999999996,6.178480314960629,3.9881423125794147,1.3470678111587981,0.00130523367152123,0.00021125480781426542,0.0009689442956835403
50,BGD,Bangladesh,2017,Medium,129,SA,True,False,False,162186146,630957812405.0,4.608,32.4,Lower middle income,60,0.534,0.826,2.37,2484.585,3.451,0.002,0.241,0.072,Asia,Southern Asia,Northern Hemisphere,24.0,90.0,0.2919999999999999,1.5468164794007488,8.629213483146065,5.578692493946731,1.9443037974683541,0.0018546356836252331,3.1150079999999996,5.833348314606741,3.77119612590799,1.3143493670886073,0.0012537337221306575,0.00021492522896177834,0.0009538816341562072
50,BGD,Bangladesh,2018,Medium,129,SA,True,False,False,163523109,678912369102.0,4.5,32.4,Lower middle income,59,0.53,0.852,2.84,2631.359,3.046,0.002,0.236,0.104,Asia,Southern Asia,Northern Hemisphere,24.0,90.0,0.32199999999999995,1.6075471698113206,8.49056603773585,5.281690140845071,1.5845070422535212,0.0017101429337464027,3.042,5.739622641509433,3.5704225352112675,1.0711267605633803,0.001156056623212568,0.00020141683441902075,0.0010792902070755072
50,BGD,Bangladesh,2019,Medium,129,SA,True,False,False,164913060,717214595514.0,4.456,32.4,Lower middle income,59,0.575,0.901,2.88,2926.16,3.085,0.002,0.256,0.098,Asia,Southern Asia,Northern Hemisphere,24.0,90.0,0.32600000000000007,1.5669565217391306,7.749565217391305,4.945615982241954,1.5472222222222225,0.001522814883670066,3.012256,5.238706086956522,3.34323640399556,1.0459222222222222,0.0010294228613609644,0.00019650326708040572,0.0009842250594635973
50,BGD,Bangladesh,2020,Medium,129,SA,True,False,False,166298024,754358367084.0,4.833,32.4,Lower middle income,57,0.576,0.894,2.88,2750.767,2.985,0.002,0.272,0.086,Asia,Southern Asia,Northern Hemisphere,24.0,90.0,0.31800000000000006,1.5520833333333335,8.390625000000002,5.406040268456376,1.678125,0.001756964512079722,3.267108,5.6720625,3.65448322147651,1.1344125,0.001187708010165892,0.00020939614296667074,0.0010469807148333538
50,BGD,Bangladesh,2021,Medium,129,SA,True,False,False,167658855,807308397444.0,5.025,32.4,Lower middle income,54,0.588,0.942,2.88,2937.336,3.301,0.002,0.267,0.079,Asia,Southern Asia,Northern Hemisphere,24.0,90.0,0.354,1.6020408163265305,8.545918367346939,5.334394904458599,1.744791666666667,0.001710733807776843,3.3969,5.777040816326531,3.606050955414013,1.1794791666666666,0.0011564560540571458,0.00020018138885030519,0.0009804802719198622
100,BGR,Bulgaria,2013,High,68,NOTAPPLICABLE,False,False,False,7264605,109643527181.0,3.981,36.6,Upper middle income,62,5.862,5.168,17.08,27270.346,19.013,0.002,0.121,-0.968,Europe,Eastern Europe,Northern Hemisphere,43.0,25.0,-0.694,0.8816103718867281,0.6791197543500511,0.7703173374613003,0.23307962529274007,0.00014598274624018337,2.523954,0.4305619242579324,0.48838119195046437,0.14777248243559718,9.255306111627626e-05,0.00021495876876663023,0.0006263213528717237
100,BGR,Bulgaria,2014,High,68,NOTAPPLICABLE,False,False,False,7223450,110703533681.0,4.0995,37.4,Upper middle income,62,6.253,5.473,17.58,29286.607,20.18,0.002,0.127,-0.676,Europe,Eastern Europe,Northern Hemisphere,43.0,25.0,-0.7800000000000002,0.8752598752598753,0.6556053094514632,0.7490407454778001,0.2331911262798635,0.00013997865987002182,2.566287,0.410408923716616,0.46889950666910285,0.14597764505119457,8.762664107863365e-05,0.00021351056474380934,0.0006002743848066797
100,BGR,Bulgaria,2015,High,68,NOTAPPLICABLE,False,False,False,7177515,114498611934.0,4.218,38.6,Upper middle income,61,6.705,5.711,19.12,31303.371,23.999,0.002,0.136,-0.844,Europe,Eastern Europe,Northern Hemisphere,43.0,25.0,-0.9939999999999998,0.8517524235645041,0.629082774049217,0.7385746804412536,0.22060669456066945,0.00013474587129929234,2.589852,0.38625682326621924,0.4534848537909298,0.13545251046025103,8.27339649777655e-05,0.0002141941837510088,0.0006107968371840848
100,BGR,Bulgaria,2016,High,68,NOTAPPLICABLE,False,False,False,7127436,117979077002.0,4.217,40.6,Upper middle income,62,6.362,5.679,19.56,29900.988,19.781,0.002,0.128,-0.85,Europe,Eastern Europe,Northern Hemisphere,43.0,25.0,-0.6829999999999998,0.892643822697265,0.6628418736246463,0.7425603099137171,0.2155930470347648,0.00014103212910556665,2.504898,0.3937280729330399,0.441080824088748,0.1280622699386503,8.37730846887066e-05,0.00021276888910827963,0.0006541589863184454
100,BGR,Bulgaria,2017,High,68,NOTAPPLICABLE,False,False,False,7075642,121237951710.0,4.714,40.4,Upper middle income,58,6.706,5.924,19.29,30834.584,17.469,0.002,0.132,-0.859,Europe,Eastern Europe,Northern Hemisphere,43.0,25.0,-0.782,0.8833880107366537,0.7029525797793021,0.7957461174881837,0.24437532400207365,0.00015288028533156148,2.8095440000000007,0.41895973754846416,0.47426468602295757,0.14564769310523593,9.111665005761066e-05,0.00021748307030832655,0.0006255962460852398
100,BGR,Bulgaria,2018,High,68,NOTAPPLICABLE,False,False,False,7024745,124492855771.0,4.933,41.3,Upper middle income,56,6.193,5.851,14.69,31149.057,26.206,0.002,0.118,-0.812,Europe,Eastern Europe,Northern Hemisphere,43.0,25.0,-0.34199999999999964,0.944776360406911,0.7965444857096722,0.8431037429499231,0.3358066712049013,0.00015836755507558383,2.8956709999999997,0.4675716131115776,0.4949018971116048,0.19711851599727703,9.296175482936769e-05,0.00019881821783561537,0.0004716033618610027
100,BGR,Bulgaria,2019,High,68,NOTAPPLICABLE,False,False,False,6975466,129520075495.0,5.011,40.3,Upper middle income,56,6.049,5.725,15.02,30327.924,21.759,0.002,0.114,-0.814,Europe,Eastern Europe,Northern Hemisphere,43.0,25.0,-0.32400000000000073,0.9464374276739956,0.8284013886592825,0.8752838427947599,0.33362183754993346,0.00016522726712187754,2.991567,0.4945556290295916,0.5225444541484716,0.19917223701731024,9.864067847176087e-05,0.00019945315083221655,0.0004952531534964279
100,BGR,Bulgaria,2020,High,68,NOTAPPLICABLE,False,False,False,6933656,124392792956.0,5.102,40.5,Upper middle income,55,5.274,5.232,15.02,28177.615,21.521,0.002,0.104,-0.903,Europe,Eastern Europe,Northern Hemisphere,43.0,25.0,-0.041999999999999815,0.9920364050056883,0.9673871824042473,0.9751529051987767,0.3396804260985353,0.0001810657147526503,3.03569,0.5755953735305271,0.5802159785932722,0.2021098535286285,0.00010773410027782692,0.0001871698509614813,0.000533047243352569
100,BGR,Bulgaria,2021,High,68,NOTAPPLICABLE,False,False,False,6877222,133889804025.0,5.266,39.0,Upper middle income,53,6.16,5.952,15.02,32263.266,29.074,0.002,0.115,-1.112,Europe,Eastern Europe,Northern Hemisphere,43.0,25.0,-0.20800000000000018,0.9662337662337662,0.8548701298701299,0.884744623655914,0.35059920106524634,0.0001632196814792402,3.21226,0.5214707792207792,0.5396942204301075,0.21386551264980028,9.956400570233652e-05,0.0001909292134280516,0.0004655449327417751
112,BLR,Belarus,2013,Very High,60,ECA,False,False,False,9464454,177632980571.0,5.504,26.6,Upper middle income,41,6.778,7.341,7.55,31085.303,0.898,0.004,0.182,0.388,Europe,Eastern Europe,Northern Hemisphere,53.0,28.0,0.5630000000000006,1.0830628503983477,0.8120389495426379,0.7497616128592834,0.7290066225165562,0.00017706116617232265,4.039936,0.5960365889642962,0.5503250238387141,0.5350908609271523,0.00012996289597048483,0.00021804516430159936,0.00024288005170803708
112,BLR,Belarus,2014,Very High,60,ECA,False,False,False,9472704,180627882895.0,5.6585,27.2,Upper middle income,40,6.725,7.052,7.98,31127.623,0.871,0.004,0.18,0.271,Europe,Eastern Europe,Northern Hemisphere,53.0,28.0,0.32699999999999996,1.048624535315985,0.8414126394052045,0.8023964832671583,0.7090852130325814,0.0001817838772976658,4.119388,0.6125484014869889,0.5841446398184912,0.5162140350877192,0.0001323386626727007,0.0002160460501593713,0.0002563639375868823
112,BLR,Belarus,2015,Very High,60,ECA,False,False,False,9487289,173709821418.0,5.813,25.6,Upper middle income,37,6.201,6.662,6.53,28138.871,0.922,0.004,0.166,0.344,Europe,Eastern Europe,Northern Hemisphere,53.0,28.0,0.4610000000000003,1.0743428479277537,0.9374294468634091,0.8725607925547884,0.890199081163859,0.0002065825597622591,4.324872,0.6974475084663765,0.6491852296607625,0.6623081163859111,0.0001536974244631208,0.00022037131482638376,0.0002320633262080771
112,BLR,Belarus,2016,Very High,60,ECA,False,False,False,9499066,169304543676.0,5.802,25.3,Upper middle income,38,6.126,6.981,5.63,28718.361,1.105,0.004,0.164,0.404,Europe,Eastern Europe,Northern Hemisphere,53.0,28.0,0.8549999999999995,1.1395690499510283,0.9471106758080312,0.8311130210571551,1.030550621669627,0.00020203102816348048,4.3340939999999994,0.7074916748285993,0.6208414267296948,0.7698213143872112,0.0001509171780381199,0.0002133130090536852,0.00019604182843164342
112,BLR,Belarus,2017,Very High,60,ECA,False,False,False,9495793,173606575679.0,5.569,25.4,Upper middle income,44,6.26,7.246,6.18,29259.266,2.017,0.004,0.165,0.346,Europe,Eastern Europe,Northern Hemisphere,53.0,28.0,0.9860000000000007,1.1575079872204475,0.8896166134185304,0.7685619652221914,0.9011326860841424,0.00019033286754356724,4.154474,0.6636539936102236,0.5733472260557548,0.6722449838187702,0.00014198831918750115,0.00021394931779901793,0.00021121514121372697
112,BLR,Belarus,2018,Very High,60,ECA,False,False,False,9480031,179054352755.0,5.483,25.2,Upper middle income,46,6.558,7.732,6.75,32402.701,1.83,0.004,0.169,0.216,Europe,Eastern Europe,Northern Hemisphere,53.0,28.0,1.1740000000000004,1.1790179932906375,0.8360780725831046,0.7091308846352818,0.8122962962962963,0.00016921428864834445,4.101284,0.6253863982921622,0.5304299017071908,0.6075976296296296,0.00012657228790896165,0.0002023905352828457,0.00020831596723989152
112,BLR,Belarus,2019,Very High,60,ECA,False,False,False,9435415,181643469714.0,5.323,25.3,Upper middle income,50,6.589,7.654,5.59,32726.744,2.231,0.004,0.168,0.021,Europe,Eastern Europe,Northern Hemisphere,53.0,28.0,1.0649999999999995,1.1616330247381998,0.8078615874943087,0.6954533577214529,0.9522361359570662,0.00016264984992090875,3.976281,0.6034726058582486,0.5195036582179253,0.7113203935599285,0.00012149943789091882,0.0002013338082150794,0.00017080831505877884
112,BLR,Belarus,2020,Very High,60,ECA,False,False,False,9350943,180420997693.0,5.54,24.4,Upper middle income,47,6.323,7.107,5.59,30643.369,2.702,0.004,0.168,-0.108,Europe,Eastern Europe,Northern Hemisphere,53.0,28.0,0.7839999999999998,1.1239917760556697,0.8761663767199114,0.7795131560433375,0.9910554561717353,0.00018078952089112656,4.18824,0.6623817808002531,0.5893119459687632,0.749237924865832,0.0001366768777936917,0.0002063415416235728,0.00018242119526740028
112,BLR,Belarus,2021,Very High,60,ECA,False,False,False,9251368,184521985376.0,5.534,24.4,Upper middle income,47,6.579,7.599,5.59,33803.074,3.455,0.004,0.165,-0.184,Europe,Eastern Europe,Northern Hemisphere,53.0,28.0,1.0200000000000005,1.1550387596899225,0.8411612707098344,0.7282537175944203,0.9899821109123434,0.00016371292149347126,4.183704,0.6359179206566348,0.5505598105013817,0.7484264758497317,0.00012376696864906426,0.00019462726969742455,0.0001653695755599032
76,BRA,Brazil,2013,High,87,LAC,False,False,False,198478290,3116394665745.0,6.849,52.7,Upper middle income,18,2.678,3.002,20.78,17638.982,1317.562,0.052,1.507,6.43,America,Latin America and the Caribbean,Southern Hemisphere,-10.0,-55.0,0.32399999999999984,1.1209858103061987,2.5575056011949218,2.281479013990673,0.32959576515880656,0.00038828771410957845,3.239577,1.209700149365198,1.0791395736175884,0.1558987969201155,0.0001836600887738306,0.0001518228206140241,0.001178072521418753
76,BRA,Brazil,2014,High,87,LAC,False,False,False,200085126,3132099937531.0,6.916,52.1,Upper middle income,17,2.781,3.065,19.96,17870.57,1317.889,0.053,1.569,6.587,America,Latin America and the Caribbean,Southern Hemisphere,-10.0,-55.0,0.2839999999999998,1.1021215390147427,2.4868752247393022,2.2564437194127245,0.3464929859719439,0.0003870050031979954,3.312764,1.191213232650126,1.080836541598695,0.16597014028056112,0.00018537539653183977,0.00015561898697131655,0.0011169201653892407
76,BRA,Brazil,2015,High,87,LAC,False,False,False,201675534,3021043246476.0,6.983,51.9,Upper middle income,13,2.619,2.758,19.04,17530.328,1343.086,0.054,1.492,6.665,America,Latin America and the Caribbean,Southern Hemisphere,-10.0,-55.0,0.1389999999999998,1.0530736922489499,2.666284841542573,2.5319071791153007,0.36675420168067224,0.0003983382398777706,3.3588229999999997,1.2824830087819776,1.2178473531544596,0.17640877100840335,0.00019160069338120767,0.00014939823145351303,0.0010861177269472651
76,BRA,Brazil,2016,High,87,LAC,False,False,False,203218108,2922076150345.0,6.952,53.4,Upper middle income,13,2.42,2.416,18.57,16983.99,1403.47,0.054,1.389,6.202,America,Latin America and the Caribbean,Southern Hemisphere,-10.0,-55.0,-0.0040000000000000036,0.9983471074380166,2.8727272727272726,2.877483443708609,0.3743672590199246,0.0004093266658776883,3.239632,1.3386909090909092,1.340907284768212,0.17445514270328485,0.00019074622629900275,0.0001424871305270434,0.00109338265036661
76,BRA,Brazil,2017,High,87,LAC,False,False,False,204703440,2960731613785.0,6.635,53.3,Upper middle income,19,2.429,2.475,18.89,16988.619,1406.64,0.055,1.382,5.482,America,Latin America and the Caribbean,Southern Hemisphere,-10.0,-55.0,0.04600000000000026,1.0189378344997944,2.731576780568135,2.6808080808080805,0.35124404446797247,0.00039055558312303077,3.0985450000000005,1.2756463565253193,1.251937373737374,0.16403096876654316,0.0001823894573184554,0.00014297807255551497,0.0011119208689064134
76,BRA,Brazil,2018,High,87,LAC,False,False,False,206107265,3013541086239.0,6.419,53.9,Upper middle income,22,2.312,2.35,18.28,16915.357,1505.676,0.056,1.297,5.638,America,Latin America and the Caribbean,Southern Hemisphere,-10.0,-55.0,0.038000000000000256,1.0164359861591696,2.7763840830449826,2.731489361702127,0.35114879649890585,0.0003794776545360526,2.9591589999999997,1.279913062283737,1.2592165957446806,0.1618795951859956,0.00017493919874112025,0.00013668053237067359,0.0010806747974636303
76,BRA,Brazil,2019,High,87,LAC,False,False,False,207455459,3050327159562.0,6.3,53.5,Upper middle income,24,2.298,2.343,18.87,17194.145,1576.005,0.057,1.285,5.966,America,Latin America and the Caribbean,Southern Hemisphere,-10.0,-55.0,0.04499999999999993,1.0195822454308094,2.7415143603133156,2.6888604353393086,0.3338632750397456,0.0003664037961759657,2.9294999999999995,1.2748041775456918,1.2503201024327784,0.15524642289348167,0.00017037776522182402,0.00013365014660513796,0.0010974666085461068
76,BRA,Brazil,2020,High,87,LAC,False,False,False,208660845,2950377451264.0,6.376,48.8,Upper middle income,23,2.147,2.095,18.87,16401.875,1575.936,0.058,1.274,6.562,America,Latin America and the Caribbean,Southern Hemisphere,-10.0,-55.0,-0.0519999999999996,0.9757801583605032,2.969725197950629,3.0434367541766107,0.3378908320084791,0.0003887360438974203,3.2645120000000003,1.5204993013507222,1.5582396181384248,0.17300010598834129,0.0001990328544754792,0.00013089966848302403,0.0011504782227641658
76,BRA,Brazil,2021,High,87,LAC,False,False,False,209550291,3097565215045.0,6.33,52.9,Upper middle income,24,2.37,2.259,18.87,17089.926,1531.76,0.059,1.347,7.404,America,Latin America and the Caribbean,Southern Hemisphere,-10.0,-55.0,-0.11100000000000021,0.9531645569620252,2.670886075949367,2.802124833997344,0.3354531001589825,0.00037039364594088943,2.98143,1.2579873417721519,1.319800796812749,0.15799841017488075,0.00017445540723815892,0.0001386781897124657,0.0011041592573308979
124,CAN,Canada,2013,Very High,15,NOTAPPLICABLE,False,False,False,35293421,1514296485427.0,7.477,33.8,High income,6,16.11,17.468,35.0,113458.836,1090.315,0.028,1.612,3.915,America,Northern America,Northern Hemisphere,60.0,-95.0,1.3580000000000005,1.0842954686530106,0.4641216635630044,0.42803984428669567,0.21362857142857145,6.590055269031669e-05,4.949774000000001,0.30724854127870893,0.2833623769177926,0.1414221142857143,4.3626165880989655e-05,0.00014198982263488054,0.00030848192378776036
124,CAN,Canada,2014,Very High,15,NOTAPPLICABLE,False,False,False,35634265,1557757464897.0,7.452,33.2,High income,4,15.854,16.812,33.82,112508.438,1064.06,0.028,1.593,4.357,America,Northern America,Northern Hemisphere,60.0,-95.0,0.958000000000002,1.060426390816198,0.4700391068500063,0.443254817987152,0.22034299231224128,6.623503207821621e-05,4.977936,0.3139861233758042,0.2960942184154175,0.14718911886457717,4.424500142824843e-05,0.00014091387527751474,0.00030059967591053037
124,CAN,Canada,2015,Very High,15,NOTAPPLICABLE,False,False,False,35962236,1568025782105.0,7.427,33.7,High income,4,15.655,15.939,34.42,111824.336,1095.191,0.028,1.59,4.532,America,Northern America,Northern Hemisphere,60.0,-95.0,0.2840000000000007,1.0181411689556052,0.47441711913126794,0.4659639877031181,0.21577571179546773,6.641666980253743e-05,4.924101,0.3145385499840307,0.30893412384716734,0.14305929692039512,4.4034252079082325e-05,0.00013999636000521388,0.00030780419746914483
124,CAN,Canada,2016,Very High,15,NOTAPPLICABLE,False,False,False,36353345,1583727974022.0,7.404,32.7,High income,5,15.231,15.04,35.46,109289.445,1109.252,0.029,1.564,3.842,America,Northern America,Northern Hemisphere,60.0,-95.0,-0.19100000000000072,0.9874597859628389,0.48611384675989755,0.4922872340425532,0.20879864636209813,6.77467069212402e-05,4.9828920000000005,0.3271546188694111,0.33130930851063833,0.14052148900169206,4.559353375799465e-05,0.00013936386995102773,0.0003244595120782249
124,CAN,Canada,2017,Very High,15,NOTAPPLICABLE,False,False,False,36808498,1631871440185.0,7.316,33.3,High income,6,15.395,15.067,36.48,109394.164,1132.01,0.029,1.575,4.434,America,Northern America,Northern Hemisphere,60.0,-95.0,-0.3279999999999994,0.9786943812926275,0.47521922702176034,0.4855644786619765,0.2005482456140351,6.687742501510409e-05,4.879772,0.31697122442351416,0.3238715072675383,0.13376567982456142,4.460724248507443e-05,0.00014072962795346193,0.00033347299952856714
124,CAN,Canada,2018,Very High,15,NOTAPPLICABLE,False,False,False,37294996,1677189073139.0,7.328,32.5,High income,6,15.42,14.925,35.84,109464.797,1109.259,0.029,1.566,3.786,America,Northern America,Northern Hemisphere,60.0,-95.0,-0.4949999999999992,0.9678988326848249,0.4752269779507134,0.4909882747068677,0.2044642857142857,6.694389612762905e-05,4.946400000000001,0.3207782101167316,0.3314170854271357,0.13801339285714287,4.518712988614961e-05,0.00014086720500655565,0.00032741119503469233
124,CAN,Canada,2019,Very High,15,NOTAPPLICABLE,False,False,False,37782934,1708858221312.0,7.278,31.8,High income,7,15.325,14.534,35.05,107455.625,1092.604,0.029,1.561,3.175,America,Northern America,Northern Hemisphere,60.0,-95.0,-0.7909999999999986,0.9483849918433932,0.4749102773246329,0.5007568460162377,0.20764621968616262,6.773028401258659e-05,4.963595999999999,0.32388880913539964,0.3415161689830741,0.14161472182596288,4.6192053696584045e-05,0.00014261701051015245,0.00032618115617493267
124,CAN,Canada,2020,Very High,15,NOTAPPLICABLE,False,False,False,38171903,1622144486274.0,7.232,29.9,High income,9,13.733,13.175,35.05,100465.109,1108.259,0.03,1.491,3.199,America,Northern America,Northern Hemisphere,60.0,-95.0,-0.5579999999999998,0.9593679458239278,0.5266147236583412,0.5489184060721063,0.20633380884450786,7.198519040077885e-05,5.069632,0.36915692128449723,0.3847918026565465,0.14464000000000002,5.0461618470945976e-05,0.0001366942228669657,0.00034887734009227025
124,CAN,Canada,2021,Very High,15,NOTAPPLICABLE,False,False,False,38454058,1703443269914.0,7.103,31.1,High income,12,13.977,13.625,35.05,100431.008,1103.852,0.03,1.458,3.517,America,Northern America,Northern Hemisphere,60.0,-95.0,-0.3520000000000003,0.9748157687629677,0.5081920297631823,0.5213211009174312,0.20265335235378032,7.072516886418186e-05,4.893967,0.35014430850683265,0.3591902385321101,0.13962815977175463,4.8729641347421304e-05,0.0001391701654532831,0.00034899580018155345
756,CHE,Switzerland,2013,Very High,1,NOTAPPLICABLE,False,False,False,8091199,481081829913.0,7.65,32.5,High income,3,5.337,18.925,38.28,44387.238,105.032,0.001,0.122,0.007,Europe,Western Europe,Northern Hemisphere,47.0,8.0,13.588000000000001,3.5459996252576356,1.4333895446880272,0.404227212681638,0.1998432601880878,0.000172346835367409,5.16375,0.9675379426644183,0.27285336856010567,0.13489420062695925,0.00011633411387300108,0.00012023726279161591,0.0008624100467796623
756,CHE,Switzerland,2014,Very High,1,NOTAPPLICABLE,False,False,False,8190238,492386642888.0,7.6185,32.5,High income,1,4.792,19.537,36.18,42054.887,104.666,0.001,0.111,-0.014,Europe,Western Europe,Northern Hemisphere,47.0,8.0,14.745,4.077003338898163,1.5898372287145244,0.3899523980140247,0.2105721393034826,0.00018115611629155012,5.1424875000000005,1.073140129382304,0.26321786865946667,0.14213619402985075,0.00012228037849679635,0.00011394632923398413,0.000860304297096316
756,CHE,Switzerland,2015,Very High,1,NOTAPPLICABLE,False,False,False,8283940,500484653705.0,7.587,32.3,High income,1,4.678,19.273,33.83,40599.23,105.561,0.001,0.109,-0.012,Europe,Western Europe,Northern Hemisphere,47.0,8.0,14.594999999999999,4.119923044035913,1.621846943138093,0.39365952368598556,0.22426840082766775,0.0001868754653721265,5.136399,1.097990380504489,0.26650749753541225,0.15182970736033108,0.00012651469005692964,0.00011522386015695371,0.0008332670348674099
756,CHE,Switzerland,2016,Very High,1,NOTAPPLICABLE,False,False,False,8374903,510838097521.0,7.509,33.0,High income,2,4.684,20.395,35.31,37761.055,96.95,0.001,0.111,-0.025,Europe,Western Europe,Northern Hemisphere,47.0,8.0,15.710999999999999,4.354184457728437,1.6031169940222032,0.36817847511645013,0.2126593033135089,0.00019885567286189435,5.0310299999999994,1.074088385994876,0.24667957832802156,0.14248173322005095,0.0001332333008174692,0.00012404314445134014,0.0009350903993545731
756,CHE,Switzerland,2017,Very High,1,NOTAPPLICABLE,False,False,False,8453630,517799793781.0,7.494,32.7,High income,3,4.523,16.002,32.82,37498.082,97.0,0.001,0.106,0.007,Europe,Western Europe,Northern Hemisphere,47.0,8.0,11.479,3.5379173115189033,1.6568649126685828,0.46831646044244474,0.2283363802559415,0.00019985022167267114,5.043462,1.1150700862259564,0.3151769778777653,0.15367038391224863,0.00013449919918570767,0.00012061950261882726,0.0008752447658522907
756,CHE,Switzerland,2018,Very High,1,NOTAPPLICABLE,False,False,False,8516341,532611137213.0,7.487,33.1,High income,4,4.338,14.932,30.44,37746.012,98.792,0.001,0.101,-0.004,Europe,Western Europe,Northern Hemisphere,47.0,8.0,10.594000000000001,3.442139234670355,1.7259105578607654,0.5014063755692473,0.2459592641261498,0.00019835208021446078,5.008803,1.1546341632088521,0.33544086525582645,0.16454674770039424,0.00013269754166347428,0.00011492604834651141,0.0008064428104351792
756,CHE,Switzerland,2019,Very High,1,NOTAPPLICABLE,False,False,False,8577525,538693495449.0,7.48,34.0,High income,5,4.293,14.457,31.14,39166.934,106.805,0.001,0.099,-0.025,Europe,Western Europe,Northern Hemisphere,47.0,8.0,10.164000000000001,3.3675751222921035,1.7423713021197298,0.5173964169606419,0.24020552344251767,0.0001909774198817809,4.9368,1.1499650593990216,0.34148163519402364,0.15853564547206164,0.00012604509712197537,0.00010960776250701677,0.0007950584030907295
756,CHE,Switzerland,2020,Very High,1,NOTAPPLICABLE,False,False,False,8640582,525896489462.0,7.56,33.7,High income,3,3.975,12.708,31.14,35831.172,107.5,0.001,0.098,-0.035,Europe,Western Europe,Northern Hemisphere,47.0,8.0,8.733,3.1969811320754715,1.90188679245283,0.5949008498583569,0.24277456647398843,0.00021098947028581704,5.01228,1.2609509433962263,0.39441926345609063,0.1609595375722543,0.0001398860187994967,0.00011093692386059826,0.0008690756752249132
756,CHE,Switzerland,2021,Very High,1,NOTAPPLICABLE,False,False,False,8707019,548098275898.0,7.571,33.8,High income,3,4.123,13.873,31.14,33316.562,105.486,0.001,0.097,-0.017,Europe,Western Europe,Northern Hemisphere,47.0,8.0,9.75,3.3647829250545715,1.8362842590346833,0.5457363223527716,0.24312780989081567,0.0002272443357150717,5.012002,1.2156201794809605,0.3612774453975348,0.16095061014771997,0.00015043575024337747,0.00012375226471446845,0.0009346702699996477
152,CHL,Chile,2013,Very High,42,LAC,False,False,False,17687006,371454072393.0,6.587,46.8,High income,22,4.621,5.239,11.66,23393.406,73.875,0.003,0.232,2.053,America,Latin America and the Caribbean,Southern Hemisphere,-30.0,-71.0,0.6179999999999994,1.1337372863016661,1.425449037004977,1.2573010116434433,0.5649228130360205,0.00028157507290729706,3.504284,0.7583388876866479,0.6688841381943119,0.30053893653516295,0.00014979793878668203,0.00019753429663042657,0.0004984310536054477
152,CHL,Chile,2014,Very High,42,LAC,False,False,False,17864192,378114271615.0,6.6285,46.05,High income,22,4.343,4.786,10.68,22924.852,79.071,0.003,0.219,2.103,America,Latin America and the Caribbean,Southern Hemisphere,-30.0,-71.0,0.4429999999999996,1.1020032235781716,1.5262491365415611,1.3849770162975346,0.6206460674157304,0.00028914036173494166,3.5760757500000007,0.8234114091641724,0.74719510029252,0.3348385533707866,0.00015599122515600104,0.00018944506163005983,0.00046586996504928364
152,CHL,Chile,2015,Very High,42,LAC,False,False,False,18047630,386251266445.0,6.67,45.3,High income,20,4.531,4.885,11.41,22952.033,85.992,0.003,0.231,1.953,America,Latin America and the Caribbean,Southern Hemisphere,-30.0,-71.0,0.3540000000000001,1.0781284484661222,1.4720812182741119,1.3654042988741044,0.5845749342681857,0.0002906060652666367,3.6484900000000002,0.8052284263959392,0.7468761514841352,0.3197624890446977,0.0001589615177008503,0.000197411706405267,0.0004971237188444266
152,CHL,Chile,2016,Very High,42,LAC,False,False,False,18267225,393022253885.0,6.705,45.3,High income,19,4.612,4.863,12.57,23753.109,83.049,0.003,0.238,1.977,America,Latin America and the Caribbean,Southern Hemisphere,-30.0,-71.0,0.25100000000000033,1.0544232437120555,1.4538161318300087,1.378778531770512,0.5334128878281623,0.00028227883768815274,3.667635,0.7952374241110147,0.75419185687847,0.2917768496420048,0.00015440652421541955,0.00019416405658728716,0.0005291938836301387
152,CHL,Chile,2017,Very High,42,LAC,False,False,False,18558868,398359518680.0,6.652,45.3,High income,17,4.533,4.785,12.65,24265.859,95.397,0.003,0.234,1.757,America,Latin America and the Caribbean,Southern Hemisphere,-30.0,-71.0,0.2519999999999998,1.0555923229649238,1.4674608427090226,1.3901776384535005,0.5258498023715416,0.0002741300029807311,3.638644,0.8027010809618355,0.7604271682340648,0.2876398418972332,0.0001499491116304599,0.00018680566799634006,0.0005213085594868082
152,CHL,Chile,2018,Very High,42,LAC,False,False,False,18893185,414254051745.0,6.476,45.86666666666667,High income,21,4.469,4.91,13.32,24785.533,108.401,0.003,0.23,1.562,America,Latin America and the Caribbean,Southern Hemisphere,-30.0,-71.0,0.44099999999999984,1.098679794137391,1.4490937569926157,1.3189409368635439,0.4861861861861862,0.0002612814499490489,3.5056746666666667,0.784442753785336,0.7139866938221316,0.26318878878878876,0.00014144035823908515,0.0001803067942900401,0.0005374102707414039
152,CHL,Chile,2019,Very High,42,LAC,False,False,False,19197748,417331966568.0,6.444,46.43333333333333,High income,21,4.791,5.103,13.5,24689.287,105.567,0.003,0.248,1.415,America,Latin America and the Caribbean,Southern Hemisphere,-30.0,-71.0,0.3119999999999994,1.0651221039448966,1.3450219160926737,1.2627865961199296,0.47733333333333333,0.0002610038920929551,3.4518360000000006,0.7204834063869756,0.676432686654909,0.2556915555555556,0.00013981108486445966,0.00019405177638382186,0.0005467958633232301
152,CHL,Chile,2020,Very High,42,LAC,False,False,False,19370621,391686945225.0,6.228,47.0,High income,27,4.139,4.291,13.5,22842.719,108.616,0.003,0.228,1.76,America,Latin America and the Caribbean,Southern Hemisphere,-30.0,-71.0,0.15200000000000014,1.0367238463396955,1.5047112829185791,1.4514099277557677,0.4613333333333333,0.00027264705221825825,3.30084,0.797496979946847,0.7692472617105569,0.24450666666666668,0.00014450293767567687,0.00018119559234607753,0.0005909979455598083
152,CHL,Chile,2021,Very High,42,LAC,False,False,False,19456323,437659188270.0,6.172,47.0,High income,30,4.298,4.682,13.5,24509.102,110.322,0.003,0.227,1.169,America,Latin America and the Caribbean,Southern Hemisphere,-30.0,-71.0,0.38400000000000034,1.0893438808748255,1.4360167519776639,1.3182400683468602,0.45718518518518514,0.000251824811859692,3.27116,0.761088878548162,0.698667236223836,0.24230814814814816,0.00013346715028563676,0.00017536342212782827,0.0005508157744824759
156,CHN,China,2013,High,79,EAP,False,False,False,1379008040,15925464549520.0,4.978,39.7,Upper middle income,54,7.21,6.256,21.37,24548.49,2852.832,0.102,28.185,0.017,Asia,Eastern Asia,Northern Hemisphere,35.0,105.0,-0.9539999999999997,0.8676837725381416,0.6904299583911234,0.7957161125319693,0.23294337856808608,0.0002027823299925983,3.001734,0.4163292649098474,0.47981681585677743,0.14046485727655592,0.00012227774498553678,0.00029370441929422135,0.0008705219750787115
156,CHN,China,2014,High,79,EAP,False,False,False,1387951970,17103948867278.0,5.058999999999999,39.2,Upper middle income,52,7.188,6.283,21.77,25021.807,3344.307,0.107,28.129,-0.096,Asia,Eastern Asia,Northern Hemisphere,35.0,105.0,-0.9049999999999994,0.8740957150806902,0.7038119087367835,0.8051886041699823,0.2323840146991272,0.00020218363925515048,3.0758719999999995,0.42791764051196435,0.48955467133534925,0.14128948093706933,0.0001229276526671315,0.00028726942062977303,0.0008700410805662437
156,CHN,China,2015,High,79,EAP,False,False,False,1396134171,18301224436466.0,5.14,38.6,Upper middle income,48,7.061,6.296,21.29,25166.627,3587.629,0.111,27.845,-0.02,Asia,Eastern Asia,Northern Hemisphere,35.0,105.0,-0.7649999999999997,0.8916584053250248,0.7279422178161733,0.8163913595933926,0.24142790042273368,0.0002042387325087307,3.15596,0.4469565217391304,0.5012642947903431,0.1482367308595585,0.00012540258176036066,0.0002805699786467213,0.0008459615982705985
156,CHN,China,2016,High,79,EAP,False,False,False,1404052628,19545709173693.0,5.245,38.5,Upper middle income,49,6.943,6.176,21.73,25125.633,3891.976,0.116,27.543,-0.103,Asia,Eastern Asia,Northern Hemisphere,35.0,105.0,-0.7669999999999995,0.8895290220365837,0.7554371309232321,0.8492551813471503,0.24137137597791072,0.0002087509596275644,3.225675,0.4645938355177877,0.5222919365284974,0.1484433962264151,0.0001283818401709521,0.00027633134655751754,0.0008648538327372687
156,CHN,China,2017,High,79,EAP,False,False,False,1412354730,20894362082435.0,5.273,39.1,Upper middle income,49,7.08,6.342,21.51,25949.135,4243.345,0.12,27.797,-0.131,Asia,Eastern Asia,Northern Hemisphere,35.0,105.0,-0.7380000000000004,0.8957627118644067,0.744774011299435,0.8314411857458215,0.24514179451417942,0.0002032052320819172,3.211257,0.4535673728813559,0.5063476821192053,0.14929135285913528,0.00012375198633788757,0.0002728414646576851,0.0008289293650828825
156,CHN,China,2018,High,79,EAP,False,False,False,1419008954,22294284747546.0,5.246,38.5,Upper middle income,53,7.292,6.655,21.34,27068.061,4659.087,0.125,28.167,-0.125,Asia,Eastern Asia,Northern Hemisphere,35.0,105.0,-0.6369999999999996,0.9126439934174438,0.7194185408667033,0.7882794891059354,0.24582942830365512,0.00019380775002686746,3.22629,0.44244240263302254,0.48479188580015026,0.1511850984067479,0.00011919176626652349,0.00026939498917192477,0.0007883830319430712
156,CHN,China,2019,High,79,EAP,False,False,False,1423520357,23631941251482.0,5.191,38.2,Upper middle income,54,7.526,6.861,21.96,28231.928,5096.059,0.129,28.888,-0.163,Asia,Eastern Asia,Northern Hemisphere,35.0,105.0,-0.665,0.911639649216051,0.6897422269465852,0.7565952485060486,0.23638433515482693,0.00018386983701573623,3.2080379999999997,0.4262606962529896,0.4675758635767381,0.14608551912568304,0.00011363155927572497,0.00026657761382786185,0.0007778427318176782
156,CHN,China,2020,High,79,EAP,False,False,False,1426106093,24151843898871.0,5.124,37.1,Upper middle income,54,7.641,6.871,21.96,29095.936,5511.566,0.134,30.993,-0.185,Asia,Eastern Asia,Northern Hemisphere,35.0,105.0,-0.7699999999999996,0.8992278497578852,0.6705928543384373,0.7457429777324988,0.2333333333333333,0.00017610706869852888,3.2229959999999997,0.4218029053788771,0.46907233299374174,0.14676666666666666,0.00011077134621137466,0.0002626139953016119,0.0007547445801365524
156,CHN,China,2021,High,79,EAP,False,False,False,1426437269,26180600167672.0,5.339,35.7,Upper middle income,52,7.911,7.072,21.96,30738.947,6170.007,0.139,30.609,-0.202,Asia,Eastern Asia,Northern Hemisphere,35.0,105.0,-0.8389999999999995,0.8939451396789281,0.6748830742004804,0.7549490950226245,0.24312386156648452,0.00017368844807858904,3.432977,0.43394981671090893,0.48543226809954754,0.15632864298724955,0.00011168167211453275,0.0002573608002902637,0.0007144031316362268
170,COL,Colombia,2013,High,88,LAC,False,False,False,46151583,569534665242.0,6.416,53.5,Upper middle income,25,1.873,2.262,9.84,10509.707,125.422,0.01,0.245,2.9,America,Latin America and the Caribbean,Northern Hemisphere,4.0,-72.0,0.389,1.2076882007474639,3.425520555258943,2.836427939876216,0.6520325203252033,0.0006104832418258663,2.98344,1.5928670581954083,1.3189389920424404,0.3031951219512195,0.00028387470744902784,0.00017821619575122312,0.0009362772910795705
170,COL,Colombia,2014,High,88,LAC,False,False,False,46565426,595158021031.0,6.4465,53.6,Upper middle income,24,1.977,2.43,10.2,10964.914,127.322,0.01,0.26,2.028,America,Latin America and the Caribbean,Northern Hemisphere,4.0,-72.0,0.45300000000000007,1.2291350531107739,3.260748609003541,2.652880658436214,0.6320098039215687,0.000587920707814033,2.991176,1.5129873545776427,1.2309366255144032,0.29325254901960784,0.0002727952084257113,0.00018030237172858812,0.0009302398541383908
170,COL,Colombia,2015,High,88,LAC,False,False,False,46969938,612750891790.0,6.477,52.0,Upper middle income,25,1.938,2.303,9.69,10738.822,126.972,0.01,0.257,1.713,America,Latin America and the Caribbean,Northern Hemisphere,4.0,-72.0,0.365,1.1883384932920538,3.342105263157895,2.8124185844550587,0.668421052631579,0.0006031387800263381,3.10896,1.6042105263157895,1.3499609205384282,0.32084210526315793,0.00028950661441264227,0.00018046672158268383,0.0009023336079134191
170,COL,Colombia,2016,High,88,LAC,False,False,False,47437513,625545111723.0,6.481,51.7,Upper middle income,23,1.931,2.271,9.37,11569.512,131.799,0.01,0.259,0.971,America,Latin America and the Caribbean,Northern Hemisphere,4.0,-72.0,0.33999999999999986,1.1760745727602278,3.3562920766442255,2.8538088947600175,0.691675560298826,0.0005601792020268443,3.1303229999999997,1.621089073019161,1.3783896961690885,0.334079295624333,0.0002705665545789658,0.0001669041874886339,0.0008098872277413255
170,COL,Colombia,2017,High,88,LAC,False,False,False,48131076,634046295892.0,6.357,50.9,Upper middle income,27,1.734,2.06,9.0,11535.692,157.133,0.01,0.232,3.038,America,Latin America and the Caribbean,Northern Hemisphere,4.0,-72.0,0.32600000000000007,1.18800461361015,3.666089965397924,3.0859223300970875,0.7063333333333334,0.0005510722720405503,3.121287,1.8000501730103806,1.51518786407767,0.3468096666666667,0.00027057648557191023,0.00015031607986759702,0.0007801872657487735
170,COL,Colombia,2018,High,88,LAC,False,False,False,49024463,650303209362.0,6.26,51.6,Upper middle income,27,1.852,2.169,8.81,11652.967,156.891,0.01,0.247,2.331,America,Latin America and the Caribbean,Northern Hemisphere,4.0,-72.0,0.31699999999999995,1.1711663066954643,3.380129589632829,2.8861226371599815,0.7105561861520998,0.000537202242141422,3.0298399999999996,1.635982721382289,1.3968833563854308,0.3439091940976163,0.0002600058851964482,0.00015892948122139195,0.000756030631512129
170,COL,Colombia,2019,High,88,LAC,False,False,False,49907987,671028388046.0,6.125,52.5,Upper middle income,29,1.983,2.253,9.09,11495.876,151.111,0.011,0.267,1.308,America,Latin America and the Caribbean,Northern Hemisphere,4.0,-72.0,0.27,1.1361573373676248,3.0887544125063036,2.7185974256546825,0.6738173817381738,0.0005327997622799689,2.909375,1.467158345940494,1.291333777185974,0.32006325632563254,0.0002530798870829852,0.00017249664140427402,0.0007907183410816192
170,COL,Colombia,2020,High,88,LAC,False,False,False,50629997,622365414246.0,6.163,54.4,Upper middle income,30,1.823,2.084,9.09,10227.39,138.213,0.011,0.263,0.632,America,Latin America and the Caribbean,Northern Hemisphere,4.0,-72.0,0.2610000000000001,1.143170597915524,3.38069116840373,2.9572936660268714,0.677997799779978,0.0006025975346593804,2.8103279999999997,1.541595172792101,1.348525911708253,0.30916699669966996,0.0002747844758046774,0.00017824684499173298,0.0008887898085435288
170,COL,Colombia,2021,High,88,LAC,False,False,False,51188174,690925195330.0,6.012,55.1,Upper middle income,35,2.027,2.285,9.09,11053.629,165.042,0.011,0.281,0.228,America,Latin America and the Caribbean,Northern Hemisphere,4.0,-72.0,0.258,1.1272816970892945,2.9659595461272814,2.631072210065645,0.6613861386138613,0.0005438937746146536,2.6993879999999995,1.3317158362111492,1.1813514223194745,0.2969623762376237,0.00024420830480197944,0.00018337868947836046,0.0008223543598215572
196,CYP,Cyprus,2013,Very High,29,NOTAPPLICABLE,False,False,False,1183899,24918237857.0,6.466,37.0,High income,24,5.556,6.44,31.5,23885.867,1.039,0.0,0.019,-1.604,Asia,Western Asia,Northern Hemisphere,35.0,33.0,0.8840000000000003,1.1591072714182866,1.1637868970482361,1.0040372670807454,0.20526984126984127,0.0002707040108696913,4.07358,0.7331857451403887,0.6325434782608695,0.12932,0.0001705435268479055,0.0002326061683253951,0.0013187714726871753
196,CYP,Cyprus,2014,Very High,29,NOTAPPLICABLE,False,False,False,1201806,24475580582.0,6.077500000000001,35.6,High income,29,5.766,7.003,32.15,23543.232,0.952,0.0,0.02,0.53,Asia,Western Asia,Northern Hemisphere,35.0,33.0,1.237,1.2145334720776968,1.0540235865417968,0.867842353277167,0.18903576982892692,0.00025814212763990943,3.91391,0.6787911897329171,0.5588904755104955,0.12173903576982893,0.00016624353020010168,0.0002449111489875307,0.0013655729170914171
196,CYP,Cyprus,2015,Very High,29,NOTAPPLICABLE,False,False,False,1219504,25312505108.0,5.689,34.0,High income,42,5.701,6.655,32.32,23931.43,1.155,0.0,0.02,-1.09,Asia,Western Asia,Northern Hemisphere,35.0,33.0,0.9540000000000006,1.1673390633222243,0.9978951061217332,0.8548459804658152,0.1760210396039604,0.0002377208549593568,3.7547399999999995,0.6586107700403437,0.5641983471074379,0.11617388613861385,0.00015689576427317548,0.00023822228759418052,0.0013505252297919515
196,CYP,Cyprus,2016,Very High,29,NOTAPPLICABLE,False,False,False,1237114,26976335005.0,5.546,32.9,High income,42,5.941,7.166,37.77,25654.014,1.202,0.0,0.021,0.085,Asia,Western Asia,Northern Hemisphere,35.0,33.0,1.2250000000000005,1.2061942433933681,0.9335128766200977,0.7739324588333798,0.1468361133174477,0.00021618449261000638,3.7213660000000006,0.6263871402120856,0.519308679877198,0.09852703203600742,0.00014505979454131431,0.00023158169321962636,0.0014722842203173353
196,CYP,Cyprus,2017,Very High,29,NOTAPPLICABLE,False,False,False,1254274,28523085691.0,5.621,31.4,High income,42,5.955,7.667,39.0,25987.689,1.22,0.0,0.021,0.493,Asia,Western Asia,Northern Hemisphere,35.0,33.0,1.7119999999999997,1.287489504617968,0.9439126784214946,0.7331420373027261,0.14412820512820515,0.00021629472324376364,3.856006,0.6475240973971452,0.50293543758967,0.09887194871794872,0.00014837818014522185,0.0002291469626252646,0.0015007105864626902
196,CYP,Cyprus,2018,Very High,29,NOTAPPLICABLE,False,False,False,1270743,30134014224.0,5.762,32.7,High income,41,5.764,7.428,33.71,25545.797,1.29,0.0,0.02,-0.621,Asia,Western Asia,Northern Hemisphere,35.0,33.0,1.6639999999999997,1.2886884108258154,0.9996530187369881,0.7757135164243403,0.17092850786116878,0.0002255556951305923,3.8778259999999998,0.672766481609993,0.522055196553581,0.11503488579056659,0.00015179898282288864,0.00022563398589599693,0.0013195908508941805
196,CYP,Cyprus,2019,Very High,29,NOTAPPLICABLE,False,False,False,1286669,31800247242.0,6.046,31.2,High income,33,5.693,7.193,36.58,25253.969,1.437,0.0,0.02,-0.624,Asia,Western Asia,Northern Hemisphere,35.0,33.0,1.5,1.263481468470051,1.0620059722466189,0.8405394133185042,0.1652815746309459,0.00023940791247506482,4.159648,0.7306601089056737,0.5782911163631308,0.11371372334609076,0.00016471264378284457,0.00022542991163092025,0.001448485186625516
196,CYP,Cyprus,2020,Very High,29,NOTAPPLICABLE,False,False,False,1302250,30409793367.0,6.159,31.7,High income,31,5.301,6.301,36.58,21717.27,1.801,0.0,0.02,-0.419,Asia,Western Asia,Northern Hemisphere,35.0,33.0,1.0,1.1886436521411055,1.1618562535370685,0.9774638946199016,0.16837069436850738,0.00028359918166509876,4.206597,0.7935478211658178,0.6676078400253929,0.11499718425369056,0.0001936982410772625,0.00024409145348379424,0.0016843737725782291
196,CYP,Cyprus,2021,Very High,29,NOTAPPLICABLE,False,False,False,1317311,32428676744.0,6.223,31.3,High income,28,5.276,6.534,36.58,22653.711,2.196,0.0,0.019,-0.619,Asia,Western Asia,Northern Hemisphere,35.0,33.0,1.258,1.2384382107657317,1.179492039423806,0.9524028160391796,0.17012028430836523,0.00027470112954120407,4.275201,0.8103110310841547,0.6543007346189165,0.11687263531984692,0.0001887196759948072,0.0002328978241136739,0.0016147464757540167
203,CZE,Czechia,2013,Very High,32,NOTAPPLICABLE,False,False,False,10511164,276764861619.0,6.29,26.5,High income,28,10.152,10.478,20.51,46638.129,29.329,0.005,0.303,-0.718,Europe,Eastern Europe,Northern Hemisphere,49.75,15.5,0.3260000000000005,1.0321118991331757,0.6195823483057527,0.6003054017942355,0.30667966845441247,0.00013486818907336526,4.62315,0.45539302600472814,0.4412244703187631,0.22540955631399315,9.912811896892347e-05,0.0002176759706634029,0.00043976892812316724
203,CZE,Czechia,2014,Very High,32,NOTAPPLICABLE,False,False,False,10517223,283025537919.0,6.3975,25.9,High income,26,9.911,10.008,21.13,45633.422,29.737,0.005,0.294,-0.582,Europe,Eastern Europe,Northern Hemisphere,49.75,15.5,0.09699999999999953,1.0097871052366056,0.6454949046513975,0.6392386091127099,0.3027685754850923,0.0001401932995513683,4.7405475,0.4783117243466855,0.473675809352518,0.2243515144344534,0.0001038832349675639,0.00021718730626863793,0.0004630378146964302
203,CZE,Czechia,2015,Very High,32,NOTAPPLICABLE,False,False,False,10524418,298276052489.0,6.505,25.9,High income,24,9.976,10.216,21.43,44726.094,30.153,0.005,0.297,-0.445,Europe,Eastern Europe,Northern Hemisphere,49.75,15.5,0.23999999999999844,1.024057738572574,0.6520649558941459,0.6367462803445576,0.3035464302379841,0.00014544082476775191,4.820205,0.48318013231756207,0.47182899373531717,0.22492790480634622,0.00010777165115290416,0.0002230465284985539,0.00047913864331636024
203,CZE,Czechia,2016,Very High,32,NOTAPPLICABLE,False,False,False,10531946,305844147713.0,6.596,25.4,High income,21,10.125,10.247,21.4,44091.977,30.033,0.005,0.301,-0.328,Europe,Eastern Europe,Northern Hemisphere,49.75,15.5,0.12199999999999989,1.0120493827160493,0.6514567901234568,0.6437005952961843,0.3082242990654206,0.00014959637668322288,4.920616,0.48598676543209873,0.4802006440909534,0.22993532710280376,0.00011159889700568427,0.00022963361338957427,0.00048534906928759394
203,CZE,Czechia,2017,Very High,32,NOTAPPLICABLE,False,False,False,10541343,321652381589.0,6.609,24.9,High income,20,10.22,10.572,22.09,46538.844,30.803,0.005,0.299,-0.485,Europe,Eastern Europe,Northern Hemisphere,49.75,15.5,0.35199999999999854,1.0344422700587084,0.6466731898238747,0.6251418842224745,0.2991851516523314,0.00014201040318062049,4.963359,0.48565156555772987,0.4694815550510783,0.22468804889090085,0.00010664981278864597,0.00021960150106006073,0.0004746572562051606
203,CZE,Czechia,2018,Very High,32,NOTAPPLICABLE,False,False,False,10548934,332009886797.0,6.711,25.0,High income,18,10.079,10.931,21.41,46357.695,30.056,0.005,0.289,-0.537,Europe,Eastern Europe,Northern Hemisphere,49.75,15.5,0.8519999999999985,1.0845321956543306,0.6658398650659788,0.6139419998170342,0.31345165810368986,0.00014476561011068388,5.033250000000001,0.49937989879948413,0.4604564998627757,0.23508874357776743,0.00010857420758301293,0.0002174180575630432,0.0004618434976113459
203,CZE,Czechia,2019,Very High,32,NOTAPPLICABLE,False,False,False,10554872,342069373423.0,6.852,25.3,High income,17,9.569,10.508,21.3,45278.137,32.041,0.005,0.272,-0.539,Europe,Eastern Europe,Northern Hemisphere,49.75,15.5,0.9389999999999983,1.098129376110356,0.7160622844602361,0.6520746098210888,0.3216901408450704,0.00015133131471376573,5.118444,0.5348985264917964,0.48709973353635333,0.2403025352112676,0.00011304449209118298,0.0002113382005977852,0.000470425715616347
203,CZE,Czechia,2020,Very High,32,NOTAPPLICABLE,False,False,False,10550129,323245433506.0,6.911,26.2,High income,16,8.688,9.648,21.3,41949.023,33.161,0.005,0.261,-0.533,Europe,Eastern Europe,Northern Hemisphere,49.75,15.5,0.9599999999999991,1.1104972375690607,0.795465009208103,0.7163142620232172,0.3244600938967136,0.000164747579460909,5.100318,0.58705317679558,0.5286399253731343,0.2394515492957746,0.00012158371364215084,0.00020710851835571952,0.0005077591437588427
203,CZE,Czechia,2021,Very High,32,NOTAPPLICABLE,False,False,False,10530683,334729441747.0,6.965,26.2,High income,15,9.176,10.519,21.3,44290.191,33.74,0.005,0.262,-0.54,Europe,Eastern Europe,Northern Hemisphere,49.75,15.5,1.343,1.1463600697471665,0.7590453356582388,0.6621351839528472,0.32699530516431924,0.00015725829676372358,5.1401699999999995,0.5601754577157803,0.4886557657572012,0.24132253521126756,0.000116056623011628,0.00020717905687062853,0.00048091912721713034
276,DEU,Germany,2013,Very High,9,NOTAPPLICABLE,False,False,False,81041581,3497463140441.0,6.672,31.4,High income,20,10.263,11.47,20.36,47734.965,445.798,0.04,2.358,-0.049,Europe,Western Europe,Northern Hemisphere,51.0,9.0,1.2070000000000007,1.117606937542629,0.6501023092662964,0.5816913687881429,0.3277013752455796,0.0001397717585002943,4.576992,0.44597018415667933,0.39904027898866606,0.22480314341846758,9.588342633120187e-05,0.00021499963391614514,0.00042652173307344
276,DEU,Germany,2014,Very High,9,NOTAPPLICABLE,False,False,False,81376078,3574741315261.0,6.711,30.8,High income,19,9.74,11.155,20.7,45596.504,472.924,0.04,2.235,-0.02,Europe,Western Europe,Northern Hemisphere,51.0,9.0,1.4149999999999991,1.145277207392197,0.6890143737166324,0.6016136261766025,0.32420289855072465,0.0001471823366107191,4.644012,0.47679794661190966,0.4163166293142089,0.22434840579710147,0.00010185017693461761,0.00021361286821463329,0.0004539821737210379
276,DEU,Germany,2015,Very High,9,NOTAPPLICABLE,False,False,False,82077546,3628073946157.0,6.75,31.4,High income,19,9.757,10.959,20.06,46064.484,537.013,0.04,2.262,-0.036,Europe,Western Europe,Northern Hemisphere,51.0,9.0,1.202,1.1231936045915754,0.6918110074818079,0.6159321105940323,0.33649052841475574,0.0001465337156495664,4.6305,0.47458235113252023,0.42252942786750614,0.23083250249252243,0.00010052212893560253,0.00021181177238412135,0.0004354764942118965
276,DEU,Germany,2016,Very High,9,NOTAPPLICABLE,False,False,False,82760102,3708979940863.0,6.994,31.3,High income,12,9.642,10.998,20.5,46416.703,537.348,0.041,2.255,-0.005,Europe,Western Europe,Northern Hemisphere,51.0,9.0,1.3559999999999999,1.1406347230864966,0.725368180875337,0.6359338061465721,0.34117073170731704,0.00015067851760173487,4.804878,0.49832794026135663,0.4368865248226951,0.23438429268292685,0.00010351614159239187,0.00020772694691391586,0.00044165135985638616
276,DEU,Germany,2017,Very High,9,NOTAPPLICABLE,False,False,False,83104010,3808389445530.0,6.951,31.3,High income,13,9.441,10.851,21.29,47525.457,602.521,0.041,2.181,-0.019,Europe,Western Europe,Northern Hemisphere,51.0,9.0,1.4100000000000001,1.1493485859548778,0.7362567524626628,0.6405861210948299,0.3264913104744011,0.00014625845680978932,4.775337,0.5058083889418494,0.44008266519214817,0.2242995302959136,0.00010047955982832527,0.00019865143011670567,0.00044797044245150546
276,DEU,Germany,2018,Very High,9,NOTAPPLICABLE,False,False,False,83368507,3845758522294.0,6.965,31.9,High income,12,9.101,10.701,20.23,46125.492,619.775,0.041,2.066,-0.065,Europe,Western Europe,Northern Hemisphere,51.0,9.0,1.5999999999999996,1.1758048566091637,0.7653005164267662,0.6508737501168115,0.34429065743944637,0.0001510010993487072,4.743165,0.5211696516866279,0.44324502382954867,0.23446193771626297,0.00010283174865646963,0.0001973095484813474,0.0004385861076560441
276,DEU,Germany,2019,Very High,9,NOTAPPLICABLE,False,False,False,83559184,3886392581475.0,6.985,32.2,High income,14,8.481,10.129,19.4,44922.695,661.812,0.042,1.911,-0.072,Europe,Western Europe,Northern Hemisphere,51.0,9.0,1.6479999999999997,1.194316707935385,0.8236057068741894,0.6896041070194492,0.36005154639175263,0.0001554893356242318,4.73583,0.5584046692607004,0.4675515845591865,0.24411494845360826,0.00010542176955322917,0.00018879098860831924,0.00043185298655835317
276,DEU,Germany,2020,Very High,9,NOTAPPLICABLE,False,False,False,83628711,3742721113842.0,7.076,32.5,High income,14,7.739,9.299,19.4,41838.684,692.78,0.042,1.841,-0.058,Europe,Western Europe,Northern Hemisphere,51.0,9.0,1.5599999999999996,1.201576431063445,0.9143300167980359,0.7609420367781482,0.3647422680412371,0.00016912577843031582,4.7763,0.6171727613386743,0.5136358748252501,0.24620103092783507,0.00011415990044046317,0.00018497235716113825,0.000463685712485603
276,DEU,Germany,2021,Very High,9,NOTAPPLICABLE,False,False,False,83697080,3841041747482.0,7.155,33.6,High income,11,8.101,9.965,19.4,42994.242,644.416,0.042,1.839,-0.044,Europe,Western Europe,Northern Hemisphere,51.0,9.0,1.863999999999999,1.2300950499938277,0.8832242932971237,0.7180130456598094,0.36881443298969074,0.00016641763331936402,4.75092,0.5864609307492902,0.47676066231811337,0.24489278350515464,0.0001105013085240577,0.00018842057966738897,0.00045122321263391503
208,DNK,Denmark,2013,Very High,6,NOTAPPLICABLE,False,False,False,5615333,245578374484.0,7.693,28.5,High income,1,7.437,10.098,26.63,37700.766,45.78,0.002,0.118,0.869,Europe,Northern Europe,Northern Hemisphere,56.0,10.0,2.6610000000000005,1.3578055667607907,1.034422482183676,0.7618340265399088,0.2888847164851671,0.0002040542094025357,5.500495,0.7396120747613285,0.5447113289760348,0.2065525722868945,0.00014589875972281305,0.0001972638964417858,0.0007063516958780094
208,DNK,Denmark,2014,Very High,6,NOTAPPLICABLE,False,False,False,5643795,249555233739.0,7.609999999999999,28.4,High income,2,6.657,9.826,25.85,36068.551,50.869,0.002,0.106,0.3,Europe,Northern Europe,Northern Hemisphere,56.0,10.0,3.1690000000000005,1.4760402583746433,1.1431575784888086,0.7744758803175248,0.2943907156673114,0.00021098712837119515,5.448759999999999,0.8185008261979869,0.5545247303073477,0.21078375241779493,0.0001510667839137757,0.00018456521860276562,0.0007166908368456499
208,DNK,Denmark,2015,Very High,6,NOTAPPLICABLE,False,False,False,5683698,255401297489.0,7.527,28.2,High income,2,6.177,9.355,24.7,35007.945,53.053,0.002,0.099,0.356,Europe,Northern Europe,Northern Hemisphere,56.0,10.0,3.178000000000001,1.5144892342561116,1.2185526954832444,0.8045964724746125,0.3047368421052632,0.00021500833596487884,5.404386,0.8749208353569694,0.5777002672367717,0.21880105263157895,0.000154375985222783,0.00017644566112063988,0.0007055541249279271
208,DNK,Denmark,2016,Very High,6,NOTAPPLICABLE,False,False,False,5728196,263691544304.0,7.526,28.2,High income,1,6.445,9.589,24.35,35194.582,51.763,0.002,0.104,0.41,Europe,Northern Europe,Northern Hemisphere,56.0,10.0,3.144,1.4878200155159038,1.1677269200930953,0.7848576493899259,0.3090759753593429,0.000213839732490643,5.403668,0.8384279286268425,0.5635277922619668,0.2219165503080082,0.00015353692792828167,0.0001831247775580912,0.0006918678562512832
208,DNK,Denmark,2017,Very High,6,NOTAPPLICABLE,False,False,False,5765164,271132202845.0,7.522,28.7,High income,2,6.013,9.542,24.86,35208.766,61.02,0.002,0.096,0.544,Europe,Northern Europe,Northern Hemisphere,56.0,10.0,3.529,1.5868950607018126,1.2509562614335608,0.788304338713058,0.3025744167337088,0.0002136399781804338,5.363186000000001,0.8919318144021289,0.5620609935024105,0.21573555913113437,0.00015232530444264932,0.0001707813332622904,0.0007060741634625877
208,DNK,Denmark,2018,Very High,6,NOTAPPLICABLE,False,False,False,5793824,276526484620.0,7.555,28.2,High income,3,5.973,9.817,25.98,34539.766,57.987,0.002,0.094,0.374,Europe,Northern Europe,Northern Hemisphere,56.0,10.0,3.8440000000000003,1.6435626988113177,1.2648585300519002,0.7695833757767139,0.29080061585835254,0.00021873338690250532,5.42449,0.9081684245772643,0.5525608638076805,0.20879484218629712,0.0001570505717959988,0.0001729311078714314,0.0007521764912941216
208,DNK,Denmark,2019,Very High,6,NOTAPPLICABLE,False,False,False,5814618,280656364923.0,7.6,27.7,High income,2,5.323,9.119,25.86,37285.684,64.486,0.002,0.083,0.286,Europe,Northern Europe,Northern Hemisphere,56.0,10.0,3.7959999999999994,1.713131692654518,1.4277662972008265,0.8334247176225463,0.2938901778808971,0.00020383158318887216,5.494800000000001,1.0322750328761976,0.602566070841101,0.21248259860788865,0.00014737023464555458,0.0001427625680676798,0.000693563781745294
208,DNK,Denmark,2020,Very High,6,NOTAPPLICABLE,False,False,False,5831529,275058379473.0,7.646,27.5,High income,2,4.853,8.292,25.86,32952.969,65.536,0.002,0.08,0.264,Europe,Northern Europe,Northern Hemisphere,56.0,10.0,3.439,1.7086338347413972,1.575520296723676,0.9220935841775205,0.29566898685228155,0.00023202765128689924,5.543349999999999,1.142252215124665,0.6685178485287023,0.2143600154679041,0.00016822004718300193,0.00014727049328999763,0.0007847547818832349
208,DNK,Denmark,2021,Very High,6,NOTAPPLICABLE,False,False,False,5856774,288414406840.0,7.62,28.3,High income,2,5.055,9.154,25.86,32756.869,73.192,0.002,0.08,0.402,Europe,Northern Europe,Northern Hemisphere,56.0,10.0,4.099,1.8108803165182987,1.5074183976261128,0.8324229844876557,0.2946635730858469,0.00023262296527790859,5.46354,1.080818991097923,0.5968472798776491,0.21127378190255222,0.00016679066610426045,0.00015431877814695903,0.0007894527404313275
218,ECU,Ecuador,2013,High,95,LAC,False,False,False,15807132,166075183974.0,5.865,46.9,Upper middle income,34,2.511,2.793,10.1,11356.213,29.342,0.003,0.112,0.689,America,Latin America and the Caribbean,Southern Hemisphere,-2.0,-77.5,0.28200000000000003,1.1123058542413382,2.335722819593787,2.099892588614393,0.5806930693069308,0.0005164573788814987,3.1143150000000004,1.2402688172043013,1.1150429645542428,0.30834801980198023,0.0002742388681860758,0.0002211124430300841,0.0008893809934702704
218,ECU,Ecuador,2014,High,95,LAC,False,False,False,16035127,172367775440.0,5.92,45.0,Upper middle income,34,2.729,2.961,10.32,11759.381,30.702,0.003,0.123,4.348,America,Latin America and the Caribbean,Southern Hemisphere,-2.0,-77.5,0.23199999999999976,1.0850128252106999,2.169292781238549,1.999324552516042,0.5736434108527132,0.0005034278590004015,3.2560000000000002,1.193111029681202,1.0996285038838232,0.31550387596899226,0.00027688532245022086,0.00023207003838042158,0.0008775972136628621
218,ECU,Ecuador,2015,High,95,LAC,False,False,False,16266229,172538423301.0,5.975,46.0,Upper middle income,31,2.539,2.836,9.0,11560.524,34.864,0.003,0.117,1.1,America,Latin America and the Caribbean,Southern Hemisphere,-2.0,-77.5,0.2969999999999997,1.116975187081528,2.3532886963371404,2.1068406205923838,0.6638888888888889,0.0005168450841847653,3.2265,1.2707758960220559,1.1376939351198874,0.35850000000000004,0.0002790963454597733,0.00021962672280253042,0.0007785114238766341
218,ECU,Ecuador,2016,High,95,LAC,False,False,False,16505142,170423090933.0,5.976,45.0,Upper middle income,31,2.386,2.48,7.65,11354.271,41.754,0.003,0.111,1.056,America,Latin America and the Caribbean,Southern Hemisphere,-2.0,-77.5,0.09399999999999986,1.0393964794635373,2.5046102263202012,2.4096774193548387,0.7811764705882352,0.0005263217691386791,3.2868000000000004,1.3775356244761108,1.3253225806451614,0.42964705882352944,0.0002894769730262736,0.00021014118828060384,0.0006737552767588514
218,ECU,Ecuador,2017,High,95,LAC,False,False,False,16759515,174458721084.0,6.008,44.7,Upper middle income,30,2.339,2.612,8.06,11641.728,52.167,0.003,0.109,0.616,America,Latin America and the Caribbean,Southern Hemisphere,-2.0,-77.5,0.27300000000000013,1.1167165455322787,2.5686190679777683,2.3001531393568144,0.745409429280397,0.0005160745896141879,3.322424,1.4204463445917057,1.2719846860643185,0.4122114143920595,0.0002853892480566459,0.00020091519059713472,0.0006923370826049192
218,ECU,Ecuador,2018,High,95,LAC,False,False,False,17049542,176707497535.0,5.973,45.4,Upper middle income,32,2.255,2.627,7.86,12104.737,53.275,0.003,0.105,1.852,America,Latin America and the Caribbean,Southern Hemisphere,-2.0,-77.5,0.3719999999999999,1.1649667405764967,2.648780487804878,2.2736962314427105,0.7599236641221374,0.0004934431867458169,3.261258,1.4462341463414636,1.24143814236772,0.414918320610687,0.0002694199799632161,0.00018629070586168045,0.0006493325712074538
218,ECU,Ecuador,2019,High,95,LAC,False,False,False,17340017,176728682555.0,6.028,45.7,Upper middle income,34,2.312,2.681,7.74,12187.595,62.988,0.003,0.108,1.511,America,Latin America and the Caribbean,Southern Hemisphere,-2.0,-77.5,0.3690000000000002,1.1596020761245676,2.6072664359861593,2.248414770607982,0.7788113695090438,0.0004946012728516167,3.2732039999999993,1.4157456747404842,1.220889220440134,0.42289457364341076,0.00026856849115842785,0.000189701085406924,0.0006350719727723148
218,ECU,Ecuador,2020,High,95,LAC,False,False,False,17546058,162965075602.0,5.925,47.3,Upper middle income,40,1.851,2.143,7.74,10421.851,61.972,0.003,0.092,0.717,America,Latin America and the Caribbean,Southern Hemisphere,-2.0,-77.5,0.2919999999999998,1.1577525661804429,3.20097244732577,2.7648156789547365,0.7655038759689922,0.0005685170513376175,3.122475,1.6869124797406807,1.4570578628091462,0.4034205426356589,0.0002996084860549244,0.00017760760540522024,0.0007426703759245839
218,ECU,Ecuador,2021,High,95,LAC,False,False,False,17682454,169866634253.0,5.764,45.8,Upper middle income,45,2.159,2.479,7.74,12023.042,64.753,0.003,0.104,0.507,America,Latin America and the Caribbean,Southern Hemisphere,-2.0,-77.5,0.3200000000000003,1.1482167670217696,2.6697545159796205,2.3251311012505043,0.744702842377261,0.0004794127808918908,3.1240880000000004,1.4470069476609544,1.2602210568777734,0.4036289405684755,0.00025984172724340484,0.00017957185876918668,0.0006437638660831427
818,EGY,Egypt,2013,High,97,AS,False,False,False,95333551,984556585202.0,4.273,31.8,Lower middle income,60,2.298,2.354,6.47,10209.089,37.95,0.002,0.621,0.012,Africa,Northern Africa,Northern Hemisphere,27.0,30.0,0.05600000000000005,1.0243690165361183,1.8594429939077457,1.8152081563296514,0.6604327666151468,0.00041854860898949943,2.9141859999999995,1.2681401218450825,1.2379719626168222,0.45041514683153006,0.00028545015133083857,0.00022509354164705587,0.000633749005420562
818,EGY,Egypt,2014,High,97,AS,False,False,False,97528655,1035721838706.0,4.233499999999999,31.8,Lower middle income,60,2.33,2.523,6.67,9863.477,37.544,0.002,0.641,0.022,Africa,Northern Africa,Northern Hemisphere,27.0,30.0,0.19300000000000006,1.082832618025751,1.8169527896995705,1.6779627427665473,0.6347076461769114,0.00042920969958159773,2.8872469999999995,1.239161802575107,1.1443705905667854,0.4328706146926536,0.0002927210151146497,0.00023622501476913262,0.0006762321238240835
818,EGY,Egypt,2015,High,97,AS,False,False,False,99597334,1079611566322.0,4.194,31.8,Lower middle income,62,2.276,2.6,6.84,9800.544,39.544,0.002,0.64,0.007,Africa,Northern Africa,Northern Hemisphere,27.0,30.0,0.3240000000000003,1.1423550087873464,1.842706502636204,1.613076923076923,0.6131578947368421,0.00042793542889047793,2.860308,1.2567258347978911,1.1001184615384614,0.4181736842105263,0.00029185196250330593,0.00023223200671309673,0.000697920441967303
818,EGY,Egypt,2016,High,97,AS,False,False,False,101644583,1121578599865.0,4.362,31.65,Lower middle income,60,2.412,2.67,7.16,10135.914,39.768,0.003,0.693,0.022,Africa,Northern Africa,Northern Hemisphere,27.0,30.0,0.258,1.1069651741293531,1.8084577114427862,1.6337078651685395,0.6092178770949721,0.0004303509283918549,2.981427,1.2360808457711443,1.1166393258426968,0.4164004189944134,0.00029414485955583285,0.0002379657128109019,0.0007063990479792942
818,EGY,Egypt,2017,High,97,AS,False,False,False,103696055,1158060486104.0,4.735,31.5,Lower middle income,57,2.443,2.511,7.14,10325.806,38.75,0.003,0.704,0.017,Africa,Northern Africa,Northern Hemisphere,27.0,30.0,0.06800000000000006,1.0278346295538272,1.9381907490790014,1.8857029072082836,0.6631652661064427,0.00045855984511039625,3.2434750000000006,1.3276606631191161,1.2917064914376744,0.4542682072829133,0.00031411349390062144,0.00023659170044449797,0.0006914714454251803
818,EGY,Egypt,2018,High,97,AS,False,False,False,105682092,1220661740193.0,4.419,31.7,Lower middle income,61,2.289,2.387,7.94,10137.438,40.955,0.003,0.659,0.023,Africa,Northern Africa,Northern Hemisphere,27.0,30.0,0.09799999999999986,1.0428134556574924,1.9305373525557008,1.8512777545035608,0.5565491183879092,0.00043590895451099177,3.018177,1.3185570117955439,1.2644227063259321,0.3801230478589421,0.0002977258159310074,0.000225796695378063,0.0007832353697255658
818,EGY,Egypt,2019,High,97,AS,False,False,False,107553159,1289253465646.0,4.166,31.9,Lower middle income,62,2.176,2.291,8.22,9749.406,48.489,0.003,0.631,0.025,Africa,Northern Africa,Northern Hemisphere,27.0,30.0,0.11499999999999977,1.0528492647058822,1.9145220588235294,1.8184199039720648,0.5068126520681265,0.0004273080842053352,2.8370460000000004,1.3037895220588236,1.2383439546049761,0.34513941605839416,0.00029099680534383325,0.00022319308478896047,0.0008431282890465326
818,EGY,Egypt,2020,High,97,AS,False,False,False,109315118,1307778142529.0,4.151,30.2,Lower middle income,62,2.253,2.378,8.22,9028.072,58.677,0.003,0.701,0.028,Africa,Northern Africa,Northern Hemisphere,27.0,30.0,0.125,1.0554815801154016,1.842432312472259,1.745584524810765,0.5049878345498783,0.000459788092075473,2.8973979999999995,1.2860177541056366,1.218417998317914,0.352481508515815,0.00032093208826868014,0.00024955494373549527,0.0009104934032426857
818,EGY,Egypt,2021,High,97,AS,False,False,False,110957005,1400985648780.0,4.283,28.5,Lower middle income,62,2.405,2.626,8.22,9564.884,62.466,0.003,0.724,0.024,Africa,Northern Africa,Northern Hemisphere,27.0,30.0,0.22100000000000009,1.0918918918918918,1.7808731808731812,1.6309977151561312,0.5210462287104622,0.0004477837891186135,3.0623450000000005,1.2733243243243246,1.166163366336634,0.3725480535279806,0.00032016540921980867,0.0002514405820290136,0.0008593935901365872
724,ESP,Spain,2013,Very High,27,NOTAPPLICABLE,False,False,False,46860394,1413362053623.0,6.322,36.2,High income,27,5.38,6.64,15.85,33685.816,300.382,0.006,0.715,-0.315,Europe,Southern Europe,Northern Hemisphere,40.0,-4.0,1.2599999999999998,1.2342007434944238,1.175092936802974,0.9521084337349398,0.39886435331230286,0.00018767542991982144,4.033435999999999,0.7497092936802973,0.6074451807228914,0.2544754574132492,0.00011973692428884606,0.00015971113776789615,0.00047052444862846727
724,ESP,Spain,2014,Very High,27,NOTAPPLICABLE,False,False,False,46720187,1433089409797.0,6.3255,36.1,High income,27,5.429,5.963,15.96,33266.539,298.185,0.007,0.715,-0.336,Europe,Southern Europe,Northern Hemisphere,40.0,-4.0,0.5339999999999998,1.0983606557377048,1.1651317001289372,1.0607915478785845,0.3963345864661654,0.00019014602029985748,4.0419945,0.7445191563823909,0.6778457990944157,0.2532578007518797,0.00012150330697160894,0.0001631970190827486,0.0004797613602064225
724,ESP,Spain,2015,Very High,27,NOTAPPLICABLE,False,False,False,46683683,1488098863146.0,6.329,36.2,High income,27,5.789,6.027,15.75,33697.949,264.0,0.007,0.763,-0.462,Europe,Southern Europe,Northern Hemisphere,40.0,-4.0,0.23800000000000043,1.041112454655381,1.0932803593021247,1.0501078480172557,0.40184126984126983,0.00018781558485948208,4.037901999999999,0.6975128692347554,0.6699688070350089,0.2563747301587301,0.00011982634314034955,0.00017179087071441645,0.00046738749589774733
724,ESP,Spain,2016,Very High,27,NOTAPPLICABLE,False,False,False,46732768,1533303930046.0,6.361,35.8,High income,27,5.554,5.899,15.42,33871.598,283.168,0.007,0.733,-0.423,Europe,Southern Europe,Northern Hemisphere,40.0,-4.0,0.34499999999999975,1.0621173928700036,1.1453006841915736,1.0783183590439056,0.4125162127107652,0.00018779745791739735,4.083762,0.7352830392509903,0.6922803865061875,0.2648354085603113,0.0001205659679829691,0.0001639721869632487,0.00045524867176328676
724,ESP,Spain,2017,Very High,27,NOTAPPLICABLE,False,False,False,46868594,1578931492849.0,6.403,34.7,High income,25,5.835,6.279,14.11,34181.582,242.857,0.007,0.76,-0.525,Europe,Southern Europe,Northern Hemisphere,40.0,-4.0,0.44399999999999995,1.0760925449871466,1.0973436161096828,1.0197483675744545,0.4537916371367824,0.0001873231028335669,4.181159,0.716565381319623,0.6658956840261189,0.29632593905031895,0.0001223219861503192,0.00017070596673963187,0.00041279540543208323
724,ESP,Spain,2018,Very High,27,NOTAPPLICABLE,False,False,False,47092817,1615001473949.0,6.31,34.7,High income,26,5.702,6.352,13.99,34584.289,288.54,0.007,0.731,-0.439,Europe,Southern Europe,Northern Hemisphere,40.0,-4.0,0.6500000000000004,1.113995089442301,1.1066292528937214,0.9933879093198992,0.451036454610436,0.0001824527894732779,4.12043,0.7226289021396001,0.6486823047858942,0.2945268048606147,0.00011914167152605045,0.00016487255238932337,0.0004045189421127033
724,ESP,Spain,2019,Very High,27,NOTAPPLICABLE,False,False,False,47435121,1647042667976.0,6.354,34.3,High income,23,5.285,5.989,13.48,33390.262,267.171,0.007,0.676,-0.484,Europe,Southern Europe,Northern Hemisphere,40.0,-4.0,0.7039999999999997,1.1332071901608325,1.2022705771050142,1.0609450659542494,0.47136498516320474,0.00019029500277655803,4.174578,0.7898917691579944,0.697040908331942,0.30968679525222553,0.00012502381682419862,0.00015827968046492117,0.00040371051895310076
724,ESP,Spain,2020,Very High,27,NOTAPPLICABLE,False,False,False,47679482,1460507935923.0,6.401,34.9,High income,21,4.441,5.282,13.48,29844.283,307.592,0.007,0.602,-0.441,Europe,Southern Europe,Northern Hemisphere,40.0,-4.0,0.8410000000000002,1.1893717631164153,1.4413420400810628,1.2118515713744793,0.4748516320474777,0.0002144799390891716,4.167051,0.938313668092772,0.788915372964786,0.309128412462908,0.00013962644034705071,0.00014880571933994862,0.00045167779705077856
724,ESP,Spain,2021,Very High,27,NOTAPPLICABLE,False,False,False,47735670,1541121952313.0,6.491,33.9,High income,20,4.793,5.766,13.48,32091.293,336.409,0.007,0.621,-0.006,Europe,Southern Europe,Northern Hemisphere,40.0,-4.0,0.9729999999999999,1.2030043813895264,1.3542666388483204,1.125737079431148,0.4815281899109792,0.00020226670206152178,4.290551,0.8951702482787398,0.7441122095039888,0.31829013353115726,0.00013369829006266588,0.00014935515374840148,0.0004200516320735347
233,EST,Estonia,2013,Very High,31,NOTAPPLICABLE,False,False,False,1317920,30600421813.0,5.426,35.1,High income,44,14.898,13.404,36.93,58776.996,3.637,0.001,0.056,-1.324,Europe,Northern Europe,Northern Hemisphere,59.0,26.0,-1.4939999999999998,0.8997180829641562,0.3642099610685998,0.4048045359594151,0.14692661792580558,9.231502746414602e-05,3.5214740000000004,0.23637226473352133,0.26271814383766046,0.09535537503384783,5.991245282423077e-05,0.00025346650924453504,0.0006283070335884467
233,EST,Estonia,2014,Very High,31,NOTAPPLICABLE,False,False,False,1314457,31521829560.0,5.4275,34.6,High income,44,14.29,13.585,37.56,56419.855,4.161,0.001,0.053,-0.454,Europe,Northern Europe,Northern Hemisphere,59.0,26.0,-0.7049999999999983,0.9506648005598322,0.37981105668299514,0.39952153110047844,0.1445021299254526,9.619840391294873e-05,3.5495849999999995,0.24839643107067877,0.26128708133971285,0.09450439297124599,6.291375615906846e-05,0.0002532796300167733,0.0006657230863142062
233,EST,Estonia,2015,Very High,31,NOTAPPLICABLE,False,False,False,1314580,32106015454.0,5.429,32.7,High income,43,12.004,13.033,39.23,52204.055,4.558,0.001,0.045,-0.298,Europe,Northern Europe,Northern Hemisphere,59.0,26.0,1.029,1.0857214261912695,0.4522659113628791,0.4165579682344817,0.13838898801937294,0.00010399575282035084,3.6537170000000003,0.3043749583472176,0.28034351262180623,0.093135788937038,6.998914164809612e-05,0.00022994382332943293,0.0007514741910374587
233,EST,Estonia,2016,Very High,31,NOTAPPLICABLE,False,False,False,1315850,33119083785.0,5.517,31.2,High income,44,13.248,13.002,44.31,53777.426,4.594,0.001,0.049,-1.24,Europe,Northern Europe,Northern Hemisphere,59.0,26.0,-0.24599999999999866,0.9814311594202899,0.4164402173913044,0.4243193354868482,0.12450914014895058,0.00010258951404628403,3.795696,0.28651086956521743,0.2919317028149515,0.08566228842247799,7.058158566384341e-05,0.0002463487188843884,0.000823951670725185
233,EST,Estonia,2017,Very High,31,NOTAPPLICABLE,False,False,False,1317430,35037377711.0,5.611,30.4,High income,43,14.131,13.014,44.54,59573.93,5.402,0.001,0.052,-1.045,Europe,Northern Europe,Northern Hemisphere,59.0,26.0,-1.1170000000000009,0.9209539310735262,0.3970702710353124,0.43115106808052867,0.12597665020206555,9.41854935539757e-05,3.9052559999999996,0.27636090864057744,0.30008114338404795,0.08767974854063762,6.555310351356709e-05,0.00023720107100538778,0.0007476424670992832
233,EST,Estonia,2018,Very High,31,NOTAPPLICABLE,False,False,False,1321972,36363239216.0,5.739,30.3,High income,42,13.465,14.016,36.99,58911.23,6.058,0.001,0.048,-0.832,Europe,Northern Europe,Northern Hemisphere,59.0,26.0,0.5510000000000002,1.0409209060527294,0.4262161158559228,0.40946061643835613,0.1551500405515004,9.741775888909465e-05,4.000083,0.2970726327515782,0.28539404965753423,0.10813957826439578,6.790017794569897e-05,0.00022856423130190965,0.0006278938667551162
233,EST,Estonia,2019,Very High,31,NOTAPPLICABLE,False,False,False,1326822,37723175050.0,5.893,30.8,High income,38,9.261,11.497,37.53,47301.492,6.49,0.001,0.033,-1.021,Europe,Northern Europe,Northern Hemisphere,59.0,26.0,2.2360000000000007,1.2414426087895476,0.6363243710182486,0.512568496129425,0.1570210498268052,0.00012458380805408845,4.0779559999999995,0.440336464744628,0.3546973993215621,0.1086585664801492,8.62119951734292e-05,0.00019578663607481978,0.0007934210616443136
233,EST,Estonia,2020,Very High,31,NOTAPPLICABLE,False,False,False,1329675,37515273353.0,6.022,30.7,High income,34,6.918,9.726,37.53,44171.176,8.971,0.001,0.026,-0.741,Europe,Northern Europe,Northern Hemisphere,59.0,26.0,2.8080000000000007,1.4058976582827407,0.8704827984966753,0.6191651244088011,0.16045830002664535,0.000136333250443683,4.173246000000001,0.6032445793581961,0.42908143121529924,0.11119760191846524,9.447894255747234e-05,0.00015661797186472916,0.0008496491014864535
233,EST,Estonia,2021,Very High,31,NOTAPPLICABLE,False,False,False,1331750,40521483538.0,6.189,31.8,High income,29,7.802,10.743,37.53,46137.703,8.743,0.001,0.028,-0.713,Europe,Northern Europe,Northern Hemisphere,59.0,26.0,2.9410000000000007,1.3769546270187132,0.7932581389387338,0.5760960625523597,0.16490807354116707,0.00013414191859529721,4.220898,0.5410020507562164,0.39289751466070927,0.11246730615507594,9.14847884819927e-05,0.00016910248002593452,0.0008134345136341096
246,FIN,Finland,2013,Very High,11,NOTAPPLICABLE,False,False,False,5439057,202349011206.0,7.389,27.2,High income,7,9.509,12.403,38.22,62841.867,74.721,0.003,0.147,3.772,Europe,Northern Europe,Northern Hemisphere,64.0,26.0,2.894,1.3043432537595963,0.7770533179093491,0.595742965411594,0.19332810047095764,0.00011758084781281244,5.379192,0.565694815438006,0.43370087881964037,0.14074285714285714,8.559885720772745e-05,0.00015131631910299546,0.0006081932607126392
246,FIN,Finland,2014,Very High,11,NOTAPPLICABLE,False,False,False,5461686,201610622550.0,7.3975,26.8,High income,7,8.719,11.426,39.24,60388.477,78.717,0.003,0.134,3.944,Europe,Northern Europe,Northern Hemisphere,64.0,26.0,2.7070000000000007,1.3104713843330658,0.848434453492373,0.6474269210572379,0.18851936799184504,0.0001224985356063873,5.41497,0.6210540199564171,0.47391650621389814,0.1379961773700306,8.96689280638755e-05,0.00014438184953728838,0.0006497928404453718
246,FIN,Finland,2015,Very High,11,NOTAPPLICABLE,False,False,False,5479719,202706706722.0,7.406,27.1,High income,5,8.065,10.303,36.9,60020.109,89.101,0.003,0.125,4.176,Europe,Northern Europe,Northern Hemisphere,64.0,26.0,2.2380000000000013,1.2774953502789834,0.9182889026658401,0.7188197612345918,0.20070460704607046,0.00012339197851173514,5.398974,0.6694326100433974,0.5240196059400174,0.14631365853658537,8.995275233505491e-05,0.0001343716320141971,0.0006147939518070519
246,FIN,Finland,2016,Very High,11,NOTAPPLICABLE,False,False,False,5495468,208405735062.0,7.413,27.1,High income,4,8.598,10.775,38.35,60792.52,85.3,0.003,0.134,4.319,Europe,Northern Europe,Northern Hemisphere,64.0,26.0,2.1769999999999996,1.2531984182367992,0.8621772505233775,0.6879814385150812,0.1932985658409387,0.00012193934385348725,5.404077,0.6285272156315421,0.5015384686774942,0.14091465449804433,8.88937816691922e-05,0.00014143187352654572,0.0006308341881534111
246,FIN,Finland,2017,Very High,11,NOTAPPLICABLE,False,False,False,5508398,215058877437.0,7.469,27.4,High income,4,8.107,10.769,37.39,59403.098,90.141,0.003,0.124,4.79,Europe,Northern Europe,Northern Hemisphere,64.0,26.0,2.662000000000001,1.328358208955224,0.9213025780189961,0.693564862104188,0.199759293928858,0.00012573418308923888,5.422494,0.6688656716417911,0.5035280898876405,0.1450252473923509,9.128301692278743e-05,0.00013647436367712672,0.0006294284516945565
246,FIN,Finland,2018,Very High,11,NOTAPPLICABLE,False,False,False,5515730,217509947213.0,7.632,27.3,High income,1,8.292,11.144,37.83,60525.258,92.022,0.003,0.125,5.076,Europe,Northern Europe,Northern Hemisphere,64.0,26.0,2.8520000000000003,1.3439459720212252,0.9204052098408104,0.6848528356066044,0.20174464710547185,0.00012609611676500413,5.548463999999999,0.6691345875542691,0.49788801148600137,0.14666835844567802,9.167187688815798e-05,0.00013700065516449348,0.0006250283146252759
246,FIN,Finland,2019,Very High,11,NOTAPPLICABLE,False,False,False,5521754,220173891564.0,7.769,27.7,High income,1,7.687,10.248,36.73,59218.777,92.01,0.003,0.114,5.115,Europe,Northern Europe,Northern Hemisphere,64.0,26.0,2.560999999999999,1.333159880317419,1.0106673604787304,0.7580991412958626,0.2115164715491424,0.00013119149691321724,5.616987000000001,0.7307125016261221,0.5481056791569088,0.15292640893002998,9.485145226825608e-05,0.00012980680097463007,0.0006202424612720387
246,FIN,Finland,2020,Very High,11,NOTAPPLICABLE,False,False,False,5529616,214988893865.0,7.809,27.1,High income,1,6.821,9.247,36.73,56776.078,100.422,0.003,0.107,5.12,Europe,Northern Europe,Northern Hemisphere,64.0,26.0,2.426,1.3556663245858378,1.1448467966573816,0.8444901048988862,0.2126054995916145,0.00013754032111904595,5.692761,0.8345933147632312,0.615633286471288,0.15498940920228696,0.00010026689409578449,0.00012013862598962893,0.0006469273907930026
246,FIN,Finland,2021,Very High,11,NOTAPPLICABLE,False,False,False,5541069,221538476826.0,7.842,27.7,High income,1,6.825,9.889,36.73,57854.73,110.278,0.003,0.103,5.503,Europe,Northern Europe,Northern Hemisphere,64.0,26.0,3.063999999999999,1.4489377289377288,1.149010989010989,0.7930023258165638,0.21350394772665396,0.0001355463935273745,5.669766,0.830734945054945,0.5733406815653758,0.15436335420637082,9.800004252029177e-05,0.00011796788266058799,0.0006348659824356625
250,FRA,France,2013,Very High,28,NOTAPPLICABLE,False,False,False,64387736,2414733629218.0,6.764,32.5,High income,19,5.591,7.507,20.95,45428.73,284.361,0.016,1.021,-0.216,Europe,Western Europe,Northern Hemisphere,46.0,2.0,1.9159999999999995,1.3426936147379716,1.2098014666428187,0.9010257093379513,0.3228639618138425,0.00014889256204168595,4.5657000000000005,0.8166159899839027,0.6081923538031172,0.21793317422434372,0.00010050247937813802,0.0001230718974534397,0.0004611619122964696
250,FRA,France,2014,Very High,28,NOTAPPLICABLE,False,False,False,64692495,2437822780219.0,6.6695,32.3,High income,20,5.067,6.936,20.75,43247.398,272.726,0.016,0.924,-0.208,Europe,Western Europe,Northern Hemisphere,46.0,2.0,1.8689999999999998,1.368857312018946,1.316262088020525,0.9615772779700116,0.32142168674698796,0.00015421737048781524,4.515251500000001,0.8911094335898955,0.6509878171856979,0.21760248192771087,0.00010440515982025093,0.0001171631181140655,0.0004797976516413774
250,FRA,France,2015,Very High,28,NOTAPPLICABLE,False,False,False,64916337,2464953810985.0,6.575,32.7,High income,22,5.116,6.696,20.15,43493.316,266.623,0.016,0.938,-0.096,Europe,Western Europe,Northern Hemisphere,46.0,2.0,1.58,1.308835027365129,1.2851837372947617,0.9819295101553167,0.326302729528536,0.00015117265374753216,4.424975000000001,0.8649286551993747,0.6608385603345283,0.21960173697270477,0.00010173919597208915,0.00011762726944066531,0.00046328957764452816
250,FRA,France,2016,Very High,28,NOTAPPLICABLE,False,False,False,65086853,2491956183265.0,6.478,31.9,High income,24,5.155,6.99,19.79,42506.238,282.738,0.016,0.948,-0.171,Europe,Western Europe,Northern Hemisphere,46.0,2.0,1.835,1.3559650824442289,1.2566440349175556,0.9267525035765378,0.32733703890853966,0.0001524011605073119,4.411518,0.8557745877788554,0.6311184549356224,0.22291652349671554,0.0001037851903054794,0.0001212763171372635,0.0004655787228218127
250,FRA,France,2017,Very High,28,NOTAPPLICABLE,False,False,False,65284775,2549057506683.0,6.442,31.6,High income,23,5.183,6.939,19.7,42218.559,266.731,0.016,0.941,0.287,Europe,Western Europe,Northern Hemisphere,46.0,2.0,1.7560000000000002,1.338799922824619,1.242909511865715,0.9283758466637845,0.327005076142132,0.00015258692273225147,4.406327999999999,0.8501501061161488,0.6350090791180284,0.22367147208121824,0.00010436945514885998,0.00012276591439324113,0.0004666194315158885
250,FRA,France,2018,Very High,28,NOTAPPLICABLE,False,False,False,65519537,2596599107835.0,6.489,32.4,High income,19,4.931,6.961,17.61,42589.262,316.88,0.016,0.88,-0.207,Europe,Western Europe,Northern Hemisphere,46.0,2.0,2.0300000000000002,1.411681200567836,1.31596025147029,0.9321936503375952,0.3684838160136286,0.00015236234898834358,4.386564,0.889589129993916,0.6301629076282143,0.24909505962521294,0.00010299694791612026,0.00011578035796910498,0.00041348450696328097
250,FRA,France,2019,Very High,28,NOTAPPLICABLE,False,False,False,65729460,2644453795826.0,6.592,31.2,High income,20,4.812,6.734,17.1,41554.387,316.482,0.016,0.853,0.172,Europe,Western Europe,Northern Hemisphere,46.0,2.0,1.9219999999999997,1.3994181213632584,1.3699085619285118,0.9789129789129789,0.3854970760233918,0.0001586354769232909,4.535296,0.9424970906068162,0.6734921294921294,0.26522198830409355,0.00010914120812322414,0.00011580004777834889,0.0004115088979654543
250,FRA,France,2020,Very High,28,NOTAPPLICABLE,False,False,False,65905273,2438594133224.0,6.664,30.7,High income,19,4.272,6.054,17.1,37087.555,336.373,0.017,0.801,-0.031,Europe,Western Europe,Northern Hemisphere,46.0,2.0,1.782,1.4171348314606742,1.5599250936329587,1.1007598282127518,0.3897076023391812,0.00017968291519891241,4.618152,1.0810280898876405,0.7628265609514371,0.2700673684210526,0.00012452026023284632,0.00011518688681418875,0.0004610711059275814
250,FRA,France,2021,Very High,28,NOTAPPLICABLE,False,False,False,66083547,2604822841790.0,6.69,31.5,High income,18,4.65,6.661,17.1,39307.219,330.825,0.017,0.833,-0.129,Europe,Western Europe,Northern Hemisphere,46.0,2.0,2.0109999999999992,1.4324731182795698,1.4387096774193548,1.0043537006455487,0.3912280701754386,0.00017019774408359953,4.582650000000001,0.9855161290322582,0.687982284942201,0.2679912280701755,0.00011658545469726569,0.00011829888041685168,0.0004350345925006804
826,GBR,United Kingdom,2013,Very High,18,NOTAPPLICABLE,False,False,False,64389386,2296252599482.0,6.883,32.7,High income,17,7.418,9.704,17.86,37094.207,158.219,0.034,1.354,0.275,Europe,Northern Europe,Northern Hemisphere,54.0,-2.0,2.2860000000000005,1.308169317875438,0.9278781342679967,0.7092951360263808,0.38538633818589024,0.0001855545799914256,4.632259,0.6244619843623619,0.4773556265457543,0.2593650055991042,0.00012487823233422944,0.00019997731721290064,0.00048147679771129757
826,GBR,United Kingdom,2014,Very High,18,NOTAPPLICABLE,False,False,False,64865914,2369725553442.0,6.875,33.1,High income,18,6.765,9.325,19.09,34774.93,190.845,0.034,1.237,0.207,Europe,Northern Europe,Northern Hemisphere,54.0,-2.0,2.5599999999999996,1.3784183296378418,1.016260162601626,0.7372654155495979,0.3601361969617601,0.00019769989472300878,4.599375,0.6798780487804879,0.49323056300268103,0.24093111576741752,0.00013226122956969287,0.00019453669640744065,0.0005489586894926891
826,GBR,United Kingdom,2015,Very High,18,NOTAPPLICABLE,False,False,False,65382107,2426435869267.0,6.867,33.3,High income,18,6.461,9.131,18.97,34863.777,239.227,0.034,1.193,0.343,Europe,Northern Europe,Northern Hemisphere,54.0,-2.0,2.67,1.413248723107878,1.0628385698808234,0.7520534443105903,0.3619926199261993,0.00019696661093260203,4.5802890000000005,0.7089133261105093,0.5016196473551637,0.24144907749077496,0.00013137672949204557,0.00018532128633108225,0.00054411775293308
826,GBR,United Kingdom,2016,Very High,18,NOTAPPLICABLE,False,False,False,65893359,2478973016876.0,6.725,33.1,High income,18,6.062,8.844,18.27,34099.367,237.927,0.034,1.129,0.324,Europe,Northern Europe,Northern Hemisphere,54.0,-2.0,2.781999999999999,1.458924447377103,1.1093698449356646,0.7604025327905926,0.3680897646414888,0.0001972177372090221,4.499025,0.7421684262619597,0.5087092944369064,0.24625205254515597,0.00013193866619283577,0.00017777456103510662,0.000535787071941834
826,GBR,United Kingdom,2017,Very High,18,NOTAPPLICABLE,False,False,False,66354473,2539548543933.0,6.714,32.6,High income,16,5.838,8.414,18.2,33924.512,277.959,0.035,1.077,0.187,Europe,Northern Europe,Northern Hemisphere,54.0,-2.0,2.5759999999999996,1.4412470023980815,1.1500513874614595,0.7979557879724269,0.36890109890109896,0.0001979099949912323,4.525236,0.7751346351490236,0.5378222010934157,0.24863934065934065,0.00013339133662409054,0.00017208795811123235,0.0005364852411141537
826,GBR,United Kingdom,2018,Very High,18,NOTAPPLICABLE,False,False,False,66752473,2582848171416.0,6.814,33.7,High income,16,5.689,8.168,18.01,33653.051,311.597,0.035,1.034,0.35,Europe,Northern Europe,Northern Hemisphere,54.0,-2.0,2.478999999999999,1.4357532079451572,1.1977500439444542,0.8342311459353575,0.37834536368684063,0.00020247792688989774,4.517682000000001,0.7941082791351732,0.5530952497551421,0.25084297612437534,0.00013424286552800224,0.00016904856561148052,0.000535166930332706
826,GBR,United Kingdom,2019,Very High,18,NOTAPPLICABLE,False,False,False,67110958,2624285076706.0,7.054,32.8,High income,12,5.435,7.819,17.85,32676.998,341.011,0.035,0.984,0.158,Europe,Northern Europe,Northern Hemisphere,54.0,-2.0,2.3840000000000003,1.4386384544618216,1.2978840846366146,0.9021614017137741,0.39518207282913165,0.00021587050315943957,4.7402880000000005,0.8721781048758052,0.6062524619516563,0.26556235294117647,0.00014506497812314339,0.0001663249482097468,0.0005462558096677058
826,GBR,United Kingdom,2020,Very High,18,NOTAPPLICABLE,False,False,False,67351860,2334804059780.0,7.165,32.7,High income,11,4.844,6.977,17.85,29440.059,374.262,0.035,0.928,0.136,Europe,Northern Europe,Northern Hemisphere,54.0,-2.0,2.133,1.4403385631709331,1.4791494632535094,1.0269456786584492,0.4014005602240896,0.00024337587095188905,4.822045,0.9954675887696118,0.6911344417371363,0.2701425770308123,0.00016379196115062132,0.00016453771373216338,0.0006063167196777697
826,GBR,United Kingdom,2021,Very High,18,NOTAPPLICABLE,False,False,False,67668788,2512190098029.0,7.064,32.4,High income,14,5.059,7.649,17.85,29422.24,344.991,0.035,0.929,0.03,Europe,Northern Europe,Northern Hemisphere,54.0,-2.0,2.59,1.5119588851551689,1.3963233840679976,0.9235194143025232,0.3957422969187675,0.0002400904893713055,4.775264,0.9439146076299664,0.6242991240685056,0.2675217927170868,0.00016230117081500253,0.00017194476015422347,0.0006066839234538227
300,GRC,Greece,2013,Very High,33,NOTAPPLICABLE,False,False,False,10967534,241650188710.0,5.435,36.1,High income,43,7.45,7.657,19.36,29934.105,38.441,0.002,0.232,-1.868,Europe,Southern Europe,Northern Hemisphere,39.0,22.0,0.20699999999999985,1.0277852348993288,0.7295302013422819,0.7098080188063209,0.2807334710743802,0.00018156547523301599,3.472965,0.46616979865771807,0.4535673240172391,0.17938868801652894,0.00011602033867389721,0.00024887999824948836,0.0006467539283369254
300,GRC,Greece,2014,Very High,33,NOTAPPLICABLE,False,False,False,10893169,242799798246.0,5.146,35.8,High income,48,7.219,7.368,18.79,28266.357,32.873,0.002,0.222,-1.711,Europe,Southern Europe,Northern Hemisphere,39.0,22.0,0.14900000000000002,1.0206399778362654,0.7128411137276631,0.6984256243213898,0.27386907929749865,0.00018205388122707146,3.303732,0.4576439950131597,0.44838925081433223,0.17582394890899417,0.00011687859174777989,0.00025539194881038263,0.00066474784847584
300,GRC,Greece,2015,Very High,33,NOTAPPLICABLE,False,False,False,10820902,242323725826.0,4.857,36.0,High income,54,6.924,7.005,17.81,28807.496,39.583,0.002,0.212,-1.947,Europe,Southern Europe,Northern Hemisphere,39.0,22.0,0.08099999999999952,1.0116984402079723,0.701473136915078,0.6933618843683084,0.2727119595732735,0.00016860194999246032,3.10848,0.4489428076256499,0.4437516059957174,0.17453565412689503,0.0001079052479951746,0.0002403541078336,0.0006182418631595054
300,GRC,Greece,2016,Very High,33,NOTAPPLICABLE,False,False,False,10775506,241143085639.0,5.033,35.0,High income,55,6.622,7.041,16.77,28489.859,39.518,0.002,0.202,-2.179,Europe,Southern Europe,Northern Hemisphere,39.0,22.0,0.4190000000000005,1.0632739353669587,0.7600422832980973,0.7148132367561426,0.3001192605843769,0.00017665935096414484,3.27145,0.49402748414376324,0.4646286038914927,0.19507751937984497,0.00011482857812669413,0.00023243358277062726,0.0005886305018217183
300,GRC,Greece,2017,Very High,33,NOTAPPLICABLE,False,False,False,10753532,243776808141.0,5.227,34.4,High income,53,6.96,7.327,15.94,29962.0,36.637,0.002,0.208,-2.328,Europe,Southern Europe,Northern Hemisphere,39.0,22.0,0.367,1.0527298850574713,0.7510057471264369,0.7133888358127474,0.3279171894604768,0.00017445430879113545,3.4289120000000004,0.4926597701149426,0.4679830762931623,0.2151136762860728,0.00011444202656698486,0.00023229423936986849,0.0005320072091315666
300,GRC,Greece,2018,Very High,33,NOTAPPLICABLE,False,False,False,10730846,247844015413.0,5.358,32.9,High income,50,6.689,7.587,14.94,30199.467,42.326,0.002,0.195,-0.135,Europe,Southern Europe,Northern Hemisphere,39.0,22.0,0.8979999999999997,1.134250261623561,0.8010165944087307,0.7062079873467774,0.3586345381526104,0.00017742034983597556,3.595218,0.5374821348482584,0.4738655595096876,0.2406437751004016,0.00011904905473993961,0.0002214939753738038,0.0004947107179077034
300,GRC,Greece,2019,Very High,33,NOTAPPLICABLE,False,False,False,10718581,252514250712.0,5.287,33.1,High income,51,6.133,7.026,15.17,29564.295,42.361,0.002,0.177,-2.258,Europe,Southern Europe,Northern Hemisphere,39.0,22.0,0.8929999999999998,1.1456057394423609,0.8620577205282896,0.7524907486478793,0.34851680949241926,0.0001788305792510865,3.5370030000000003,0.5767166150334258,0.5034163108454314,0.2331577455504285,0.00011963765751897688,0.00020744617789803546,0.0005131189497331156
300,GRC,Greece,2020,Very High,33,NOTAPPLICABLE,False,False,False,10699370,229777821500.0,5.515,33.6,High income,48,5.194,6.41,15.17,25885.273,46.031,0.002,0.158,-1.752,Europe,Southern Europe,Northern Hemisphere,39.0,22.0,1.2160000000000002,1.234116288024644,1.0618020793222949,0.860374414976599,0.36354647330257084,0.00021305550843524036,3.661959999999999,0.7050365806700037,0.5712886115444616,0.241394858272907,0.00014146885760099958,0.00020065463478017017,0.000586047518216246
300,GRC,Greece,2021,Very High,33,NOTAPPLICABLE,False,False,False,10579561,249158215293.0,5.723,32.9,High income,46,5.438,6.765,15.17,28596.289,57.441,0.002,0.156,-1.811,Europe,Southern Europe,Northern Hemisphere,39.0,22.0,1.327,1.2440235380654652,1.0524089738874587,0.8459719142645972,0.37725774555042846,0.00020013086313402413,3.8401330000000002,0.7061664214784849,0.5676471544715448,0.25313994726433753,0.0001342878091629302,0.00019016453498564096,0.0005304884140735883
191,HRV,Croatia,2013,Very High,40,NOTAPPLICABLE,False,False,False,4242403,80064089923.0,5.661,32.0,High income,39,4.337,5.675,16.33,22645.891,24.161,0.001,0.052,-0.323,Europe,Southern Europe,Northern Hemisphere,45.1667,15.5,1.338,1.3085081853816003,1.305280147567443,0.997533039647577,0.3466625842008573,0.00024997912424819143,3.8494799999999993,0.8875905003458611,0.6783224669603524,0.23573055725658296,0.00016998580448877014,0.0001915137717478195,0.0007211021195854028
191,HRV,Croatia,2014,Very High,40,NOTAPPLICABLE,False,False,False,4219485,79720242860.0,5.71,32.1,High income,39,4.183,4.778,15.32,22753.666,25.72,0.001,0.05,-0.097,Europe,Southern Europe,Northern Hemisphere,45.1667,15.5,0.5949999999999998,1.1422424097537651,1.365049007889075,1.1950606948514024,0.3727154046997389,0.00025094857241905543,3.8770900000000004,0.9268682763566819,0.8114462118041023,0.25307375979112273,0.00017039408067253867,0.00018383850760576338,0.0006732980962276585
191,HRV,Croatia,2015,Very High,40,NOTAPPLICABLE,False,False,False,4183732,81731110395.0,5.759,31.1,High income,40,4.253,5.364,15.74,21755.668,19.449,0.001,0.05,-0.201,Europe,Southern Europe,Northern Hemisphere,45.1667,15.5,1.1109999999999998,1.2612273689160591,1.3541029861274394,1.0736390753169278,0.3658831003811944,0.0002647126256936813,3.9679510000000007,0.9329769574418059,0.7397373228933634,0.252093456162643,0.00018238699910294644,0.00019548928582657172,0.0007234896211874533
191,HRV,Croatia,2016,Very High,40,NOTAPPLICABLE,False,False,False,4136438,84640158587.0,5.488,30.9,High income,45,4.371,5.587,16.97,22901.484,21.289,0.001,0.051,-0.799,Europe,Southern Europe,Northern Hemisphere,45.1667,15.5,1.2159999999999993,1.278197208876687,1.2555479295355754,0.9822802935385718,0.3233942251031232,0.0002396351258285271,3.7922080000000005,0.8675836193090826,0.6787556828351532,0.22346540954625815,0.00016558787194751224,0.00019086099398624127,0.0007410000155448441
191,HRV,Croatia,2017,Very High,40,NOTAPPLICABLE,False,False,False,4079198,87528490789.0,5.293,30.4,High income,48,4.587,5.713,16.48,23235.795,18.124,0.001,0.052,-0.911,Europe,Southern Europe,Northern Hemisphere,45.1667,15.5,1.1260000000000003,1.2454763461957707,1.1539132330499238,0.9264834587782251,0.3211771844660194,0.00022779508942990764,3.683928,0.8031236102027469,0.6448324873096446,0.2235393203883495,0.0001585453822432157,0.0001974109342934038,0.0007092505334979931
191,HRV,Croatia,2018,Very High,40,NOTAPPLICABLE,False,False,False,4024868,89979865983.0,5.321,29.7,High income,51,4.396,6.142,16.81,24388.486,25.074,0.001,0.048,-0.619,Europe,Southern Europe,Northern Hemisphere,45.1667,15.5,1.7460000000000004,1.3971792538671521,1.2104185623293904,0.8663301856072939,0.3165377751338489,0.0002181767248692682,3.740663,0.8509242493175615,0.6090301204819277,0.2225260559190958,0.00015337823758309555,0.00018024899126579648,0.0006892596777020106
191,HRV,Croatia,2019,Very High,40,NOTAPPLICABLE,False,False,False,3986338,93057982684.0,5.432,28.9,High income,47,4.47,6.038,17.06,24035.391,22.018,0.001,0.048,-0.186,Europe,Southern Europe,Northern Hemisphere,45.1667,15.5,1.5680000000000005,1.3507829977628636,1.2152125279642059,0.8996356409407089,0.3184056271981243,0.0002260000679830838,3.8621520000000005,0.8640161073825505,0.639640940708844,0.2263864009378664,0.0001606860483359726,0.00018597575550154352,0.0007097866641736761
191,HRV,Croatia,2020,Very High,40,NOTAPPLICABLE,False,False,False,3953956,85073361985.0,5.505,29.5,High income,49,4.267,5.817,17.06,23110.643,22.578,0.001,0.048,-0.589,Europe,Southern Europe,Northern Hemisphere,45.1667,15.5,1.5499999999999998,1.3632528708694633,1.2901335833138035,0.9463641052088705,0.3226846424384525,0.00023820194011910442,3.881025,0.9095441762362315,0.6671866941722537,0.22749267291910905,0.00016793236778396862,0.00018463354740930402,0.0007381880287796405
191,HRV,Croatia,2021,Very High,40,NOTAPPLICABLE,False,False,False,3924607,96194363488.0,5.882,28.9,High income,41,4.434,6.046,17.06,25050.172,27.782,0.001,0.047,-0.884,Europe,Southern Europe,Northern Hemisphere,45.1667,15.5,1.612,1.363554352728913,1.3265674334686512,0.972874627853126,0.3447831184056272,0.00023480876698171973,4.182102,0.9431894451962112,0.6917138604035726,0.24514079718640097,0.00016694903332400274,0.00017700477266184043,0.0006810332479952633
348,HUN,Hungary,2013,Very High,46,NOTAPPLICABLE,False,False,False,9889344,209511661762.0,4.775,31.5,High income,58,4.397,6.013,13.24,24070.496,9.747,0.002,0.123,-0.986,Europe,Eastern Europe,Northern Hemisphere,47.0,20.0,1.6159999999999997,1.3675233113486467,1.085967705253582,0.794112755695992,0.3606495468277946,0.00019837563795943385,3.2708750000000006,0.7438878780987037,0.5439672376517547,0.24704493957703932,0.0001358873120022122,0.0001826717654675666,0.0005500509835775716
348,HUN,Hungary,2014,Very High,46,NOTAPPLICABLE,False,False,False,9862843,218378634753.0,4.7875,30.9,High income,57,4.425,5.953,14.93,24158.225,11.428,0.002,0.123,-0.941,Europe,Eastern Europe,Northern Hemisphere,47.0,20.0,1.5280000000000005,1.3453107344632769,1.0819209039548021,0.804216361498404,0.3206630944407234,0.00019817267204026785,3.3081625,0.7476073446327683,0.5557135057953972,0.22157819825853986,0.0001369373163798251,0.00018316743055419015,0.0006180089803783184
348,HUN,Hungary,2015,Very High,46,NOTAPPLICABLE,False,False,False,9839211,226474616785.0,4.8,30.4,High income,55,4.733,6.031,13.55,25514.207,11.477,0.002,0.132,-0.828,Europe,Eastern Europe,Northern Hemisphere,47.0,20.0,1.298,1.2742446651172619,1.0141559264736955,0.7958879124523296,0.35424354243542433,0.00018813047961866892,3.3407999999999998,0.7058525248256919,0.5539379870668214,0.2465535055350553,0.00013093881381459358,0.00018550449167399166,0.0005310766664235342
348,HUN,Hungary,2016,Very High,46,NOTAPPLICABLE,False,False,False,9810529,231459349147.0,5.145,30.3,High income,51,4.795,6.182,13.92,26042.918,11.612,0.002,0.133,-0.743,Europe,Eastern Europe,Northern Hemisphere,47.0,20.0,1.3870000000000005,1.289259645464025,1.072992700729927,0.8322549336784211,0.36961206896551724,0.00019755850707666472,3.586065,0.7478759124087592,0.5800816887738596,0.2576196120689655,0.00013769827943243534,0.0001841191528537624,0.0005345023165222883
348,HUN,Hungary,2017,Very High,46,NOTAPPLICABLE,False,False,False,9785608,241347220007.0,5.324,30.6,High income,47,5.051,6.737,13.85,27519.338,11.941,0.002,0.137,-0.764,Europe,Eastern Europe,Northern Hemisphere,47.0,20.0,1.686,1.3337952880617698,1.0540487032270838,0.7902627282173074,0.3844043321299639,0.0001934639561460381,3.6948559999999997,0.7315098000395961,0.5484423333828113,0.26677660649819496,0.00013426398556535044,0.00018354365937145727,0.0005032824554137167
348,HUN,Hungary,2018,Very High,46,NOTAPPLICABLE,False,False,False,9774395,254289117363.0,5.62,30.6,High income,44,5.051,6.822,14.75,27746.227,13.069,0.002,0.134,-0.73,Europe,Eastern Europe,Northern Hemisphere,47.0,20.0,1.771,1.3506236388833894,1.1126509602058998,0.8238053356786866,0.38101694915254236,0.00020255006203185753,3.90028,0.7721797663828944,0.5717209029610085,0.2644257627118644,0.00014056974305010913,0.00018204276927453957,0.0005316038104928645
348,HUN,Hungary,2019,Very High,46,NOTAPPLICABLE,False,False,False,9770346,266658311342.0,5.758,30.6,High income,41,5.031,6.661,15.27,28135.389,15.402,0.002,0.133,-1.452,Europe,Eastern Europe,Northern Hemisphere,47.0,20.0,1.63,1.3239912542238124,1.1445040747366328,0.864434769554121,0.377079240340537,0.00020465329269127932,3.9960519999999997,0.7942858278672232,0.5999177300705599,0.2616929927963327,0.00014202938512774784,0.0001788139485116058,0.0005427328550531148
348,HUN,Hungary,2020,Very High,46,NOTAPPLICABLE,False,False,False,9749459,254563881936.0,6.0,30.6,High income,36,4.832,6.203,15.27,27727.416,18.299,0.002,0.134,-0.513,Europe,Eastern Europe,Northern Hemisphere,47.0,20.0,1.3710000000000004,1.2837334437086094,1.2417218543046358,0.967273899725939,0.39292730844793716,0.00021639232447769383,4.164,0.8617549668874172,0.6712880864098016,0.2726915520628684,0.0001501762731875195,0.00017426795197936944,0.0005507184657957308
348,HUN,Hungary,2021,Very High,46,NOTAPPLICABLE,False,False,False,9707848,272892486007.0,5.992,30.6,High income,36,4.978,6.737,15.27,29250.391,21.808,0.003,0.131,-0.728,Europe,Eastern Europe,Northern Hemisphere,47.0,20.0,1.7590000000000003,1.353354760948172,1.2036962635596626,0.8894166542971649,0.39240340537000656,0.00020485196249171508,4.158448,0.8353652069104058,0.6172551580822324,0.27232796332678455,0.00014216726196925026,0.00017018575922626128,0.0005220443036128988
360,IDN,Indonesia,2013,High,114,EAP,False,False,False,255852464,2437876929100.0,5.348,38.9,Upper middle income,46,1.929,1.991,6.5,7131.105,82.807,0.034,1.399,4.843,Asia,South-eastern Asia,Southern Hemisphere,-5.0,120.0,0.062000000000000055,1.0321410057024365,2.7724209434940383,2.6860873932697134,0.8227692307692307,0.000749953899150272,3.2676279999999998,1.6939491964748572,1.641199397287795,0.5027119999999999,0.00045822183238081616,0.00027050506197847323,0.0009114996904406821
360,IDN,Indonesia,2014,High,114,EAP,False,False,False,258877395,2559933272409.0,5.3735,38.8,Upper middle income,45,1.924,1.97,6.53,7171.866,87.533,0.035,1.404,5.172,Asia,South-eastern Asia,Southern Hemisphere,-5.0,120.0,0.04600000000000004,1.023908523908524,2.792879417879418,2.727664974619289,0.8228943338437978,0.000749247127595524,3.2885820000000003,1.709242203742204,1.6693309644670054,0.5036113323124043,0.0004585392420884607,0.0002682704891586095,0.0009105022319156549
360,IDN,Indonesia,2015,High,114,EAP,False,False,False,261799249,2684763880628.0,5.399,38.2,Upper middle income,44,2.105,2.083,6.65,7243.952,76.045,0.036,1.557,6.847,Asia,South-eastern Asia,Southern Hemisphere,-5.0,120.0,-0.021999999999999797,0.9895486935866984,2.5648456057007127,2.5919347095535286,0.8118796992481203,0.0007453113990816062,3.336582,1.5850745843230403,1.6018156505040806,0.5017416541353383,0.00046060244463243266,0.00029058723746374905,0.000918007187237022
360,IDN,Indonesia,2016,High,114,EAP,False,False,False,264627429,2819889903036.0,5.314,36.9,Upper middle income,47,2.071,2.073,6.34,7120.307,109.633,0.036,1.548,3.304,Asia,South-eastern Asia,Southern Hemisphere,-5.0,120.0,0.0019999999999997797,1.0009657170449058,2.5659101883148234,2.563434635793536,0.8381703470031546,0.0007463161349644053,3.3531340000000003,1.6190893288266537,1.6175272551857214,0.5288854889589906,0.0004709254811625398,0.0002908582452975694,0.0008904110454787975
360,IDN,Indonesia,2017,High,114,EAP,False,False,False,267346654,2962852274581.0,5.262,36.4,Upper middle income,51,2.136,2.123,6.48,7569.616,111.897,0.037,1.587,2.923,Asia,South-eastern Asia,Southern Hemisphere,-5.0,120.0,-0.0129999999999999,0.9939138576779026,2.4634831460674156,2.4785680640602914,0.8120370370370369,0.0006951475477752107,3.3466319999999996,1.5667752808988762,1.5763692887423455,0.5164555555555554,0.000442113840385034,0.00028218076055641395,0.0008560539926992334
360,IDN,Indonesia,2018,High,114,EAP,False,False,False,269951847,3116158974437.0,5.093,36.3,Upper middle income,55,2.25,2.248,6.66,7896.082,171.458,0.038,1.653,2.919,Asia,South-eastern Asia,Southern Hemisphere,-5.0,120.0,-0.0019999999999997797,0.9991111111111112,2.2635555555555555,2.2655693950177933,0.7647147147147147,0.0006450034333483365,3.244241,1.4418848888888889,1.4431677046263345,0.48712327327327326,0.0004108671870428904,0.0002849514480726011,0.0008434562862948992
360,IDN,Indonesia,2019,High,114,EAP,False,False,False,272489381,3272568062078.0,5.192,35.4,Upper middle income,53,2.441,2.438,6.77,8271.658,194.482,0.038,1.793,3.739,Asia,South-eastern Asia,Southern Hemisphere,-5.0,120.0,-0.0029999999999996696,0.9987709954936502,2.1269971323228187,2.129614438063987,0.7669128508124078,0.0006276855256830009,3.354032,1.3740401474805408,1.3757309269893354,0.4954257016248154,0.0004054848495912186,0.00029510407707862194,0.0008184574362237897
360,IDN,Indonesia,2020,High,114,EAP,False,False,False,274814861,3204972631957.0,5.286,35.3,Upper middle income,52,2.268,2.292,6.77,7700.858,225.746,0.039,1.773,2.438,Asia,South-eastern Asia,Southern Hemisphere,-5.0,120.0,0.02400000000000002,1.0105820105820107,2.3306878306878307,2.306282722513089,0.7807976366322009,0.0006864170200255607,3.420042,1.5079550264550265,1.4921649214659687,0.505176070901034,0.00044411181195653783,0.0002945126374229988,0.0008791228198208563
360,IDN,Indonesia,2021,High,114,EAP,False,False,False,276758056,3323654666991.0,5.345,35.5,Upper middle income,51,2.287,2.267,6.77,7937.188,243.844,0.04,1.717,2.503,Asia,South-eastern Asia,Southern Hemisphere,-5.0,120.0,-0.020000000000000018,0.9912549191080018,2.3371228683865324,2.357741508601676,0.7895125553914328,0.0006734122966471249,3.4475249999999997,1.5074442501093135,1.5207432730480812,0.5092355982274741,0.0004343509313373955,0.000288137310090173,0.0008529469126849458
372,IRL,Ireland,2013,Very High,8,NOTAPPLICABLE,False,False,False,4624686,222738952818.0,7.076,33.5,High income,14,8.061,9.516,25.38,35677.523,15.832,0.001,0.106,1.074,Europe,Northern Europe,Northern Hemisphere,53.0,-8.0,1.455,1.1804986974320804,0.8778067237315469,0.7435897435897435,0.27880220646178094,0.00019833215439311747,4.70554,0.5837414712814787,0.4944871794871795,0.18540346729708432,0.00013189088267142313,0.00022594057328475408,0.0007113722552992257
372,IRL,Ireland,2014,Very High,8,NOTAPPLICABLE,False,False,False,4658236,236178350686.0,7.008,31.9,High income,14,7.911,9.6,26.37,35325.18,17.889,0.001,0.104,0.709,Europe,Northern Europe,Northern Hemisphere,53.0,-8.0,1.689,1.2135001896094046,0.8858551384148654,0.73,0.2657565415244596,0.00019838540100857236,4.772448000000001,0.6032673492605234,0.49713000000000007,0.18098020477815702,0.00013510045808683778,0.00022394790345017348,0.0007464930115005784
372,IRL,Ireland,2015,Very High,8,NOTAPPLICABLE,False,False,False,4702497,249955928768.0,6.94,31.8,High income,15,8.233,9.314,27.92,36983.117,21.597,0.001,0.109,1.214,Europe,Northern Europe,Northern Hemisphere,53.0,-8.0,1.0809999999999995,1.1313008623830925,0.8429491072513057,0.7451148808245652,0.248567335243553,0.00018765319321245965,4.73308,0.5748912911453905,0.5081683487223535,0.16952292263610313,0.00012797947777089746,0.00022261509217841213,0.0007549390712524313
372,IRL,Ireland,2016,Very High,8,NOTAPPLICABLE,False,False,False,4753506,255118282428.0,6.907,32.8,High income,15,8.492,9.442,32.19,38268.473,20.85,0.001,0.114,1.34,Europe,Northern Europe,Northern Hemisphere,53.0,-8.0,0.9499999999999993,1.1118699952896842,0.8133537447008948,0.7315187460283838,0.21456974215594907,0.00018048799595426763,4.641504,0.5465737164390014,0.49158059733107395,0.14419086672879777,0.00012128793328126787,0.00022190590149755914,0.0008411623845038185
372,IRL,Ireland,2017,Very High,8,NOTAPPLICABLE,False,False,False,4810258,266528546717.0,6.977,31.4,High income,12,8.116,9.492,31.29,37987.566,24.831,0.001,0.109,1.324,Europe,Northern Europe,Northern Hemisphere,53.0,-8.0,1.3760000000000012,1.1695416461310992,0.859659931000493,0.7350400337126001,0.22297858740811763,0.00018366536039713627,4.7862219999999995,0.589726712666338,0.5042374631268436,0.15296331096196866,0.00012599443723243547,0.00021364885552288345,0.0008236905728574449
372,IRL,Ireland,2018,Very High,8,NOTAPPLICABLE,False,False,False,4872559,282500483309.0,6.977,30.6,High income,11,7.988,9.507,37.25,38347.988,28.057,0.001,0.106,1.118,Europe,Northern Europe,Northern Hemisphere,53.0,-8.0,1.5189999999999992,1.1901602403605407,0.8734351527290937,0.7338802987272537,0.1873020134228188,0.0001819391411095675,4.842038,0.606163995993991,0.509312927316714,0.12998759731543624,0.00012626576393003983,0.00020830297537383189,0.000971367780755538
372,IRL,Ireland,2019,Very High,8,NOTAPPLICABLE,False,False,False,4933493,294503693886.0,7.021,30.3,High income,13,7.54,9.37,49.25,38065.551,32.338,0.001,0.1,0.858,Europe,Northern Europe,Northern Hemisphere,53.0,-8.0,1.8299999999999992,1.242705570291777,0.9311671087533157,0.7493062966915689,0.14255837563451776,0.00018444498544103566,4.893637,0.649023474801061,0.5222664887940235,0.09936318781725888,0.00012855815485240184,0.00019807936052206363,0.001293820756725681
372,IRL,Ireland,2020,Very High,8,NOTAPPLICABLE,False,False,False,4982602,274762344680.0,7.094,29.2,High income,13,7.035,7.986,49.25,35439.918,36.334,0.001,0.1,0.174,Europe,Northern Europe,Northern Hemisphere,53.0,-8.0,0.9509999999999996,1.135181236673774,1.0083866382373845,0.8883045329326321,0.14404060913705585,0.00020016976337247736,5.022552,0.7139377398720682,0.6289196093163035,0.10198075126903554,0.00014172019246771396,0.00019850497396749057,0.0013896759016203142
372,IRL,Ireland,2021,Very High,8,NOTAPPLICABLE,False,False,False,5028428,287639621097.0,7.085,29.4,High income,13,7.452,8.353,49.25,35772.973,31.71,0.001,0.102,0.36,Europe,Northern Europe,Northern Hemisphere,53.0,-8.0,0.9009999999999998,1.120907139023081,0.950751476113795,0.848198252124985,0.14385786802030456,0.00019805454805224044,5.002009999999999,0.6712305421363391,0.5988279660002394,0.10156365482233501,0.00013982651092488173,0.00020831368977915256,0.0013767376840610928
364,IRN,Iran,2013,High,76,SA,False,False,False,80414689,1287095594893.0,4.643,34.0,Upper middle income,59,7.586,6.043,12.06,33255.664,38.024,0.007,1.729,-0.293,Asia,Southern Asia,Northern Hemisphere,32.0,53.0,-1.5430000000000001,0.7965989981544951,0.6120485104139203,0.7683269899056759,0.38499170812603645,0.0001396153148528323,3.0643799999999994,0.4039520168731874,0.507095813337746,0.254094527363184,9.21461078028693e-05,0.000228111518086062,0.0003626449918425926
364,IRN,Iran,2014,High,76,SA,False,False,False,81502045,1352737013920.0,4.6645,34.8,Upper middle income,59,7.904,6.462,11.88,34196.25,37.562,0.007,1.816,-0.316,Asia,Southern Asia,Northern Hemisphere,32.0,53.0,-1.4420000000000002,0.8175607287449392,0.5901442307692308,0.7218353450943981,0.3926346801346801,0.0001364038454508901,3.0412540000000003,0.3847740384615385,0.47063664500154756,0.2559978114478115,8.893530723398035e-05,0.00023113645502065283,0.00034740651387213514
364,IRN,Iran,2015,High,76,SA,False,False,False,82619365,1331012211481.0,4.686,35.3,Upper middle income,57,7.77,7.109,11.06,33441.344,33.961,0.008,1.813,-0.283,Asia,Southern Asia,Northern Hemisphere,32.0,53.0,-0.6609999999999996,0.914929214929215,0.6030888030888031,0.6591644394429597,0.4236889692585895,0.0001401259470911217,3.031842,0.3901984555984556,0.4264793923195949,0.2741267631103074,9.066148776795575e-05,0.00023234712097695595,0.000330728334363595
364,IRN,Iran,2016,High,76,SA,False,False,False,83812230,1413723685657.0,4.813,35.9,Upper middle income,56,7.692,6.342,10.9,34845.238,39.221,0.008,1.822,-0.285,Asia,Southern Asia,Northern Hemisphere,32.0,53.0,-1.3500000000000005,0.8244929797191887,0.625715028601144,0.7589088615578682,0.4415596330275229,0.00013812504308336192,3.085133,0.4010833333333333,0.4864605802585935,0.2830397247706422,8.853815261643499e-05,0.00022074752366449616,0.00031281175350273115
364,IRN,Iran,2017,High,76,SA,False,False,False,85026761,1486668357750.0,4.692,36.7,Upper middle income,59,8.19,6.678,10.96,35561.832,44.166,0.008,1.936,-0.284,Asia,Southern Asia,Northern Hemisphere,32.0,53.0,-1.5119999999999996,0.8153846153846154,0.572893772893773,0.7026055705300989,0.4281021897810219,0.00013193920943105518,2.9700360000000003,0.3626417582417583,0.4447493261455526,0.2709886861313869,8.351751956985793e-05,0.0002303030957460234,0.00030819559577245626
364,IRN,Iran,2018,High,76,SA,False,False,False,86117999,1483607175221.0,4.707,37.4,Upper middle income,58,7.716,6.11,12.53,36251.887,26.966,0.008,1.809,0.624,Asia,Southern Asia,Northern Hemisphere,32.0,53.0,-1.6059999999999999,0.7918610679108347,0.6100311041990668,0.7703764320785597,0.37565841979249803,0.0001298415169395182,2.946582,0.3818794712286158,0.48225564648117836,0.23516217079010374,8.128078960413839e-05,0.0002128440927778463,0.0003456371802107846
364,IRN,Iran,2019,High,76,SA,False,False,False,87051649,1438754460224.0,4.548,36.5,Upper middle income,58,8.354,7.061,13.16,37875.234,86.908,0.009,1.961,0.236,Asia,Southern Asia,Northern Hemisphere,32.0,53.0,-1.2929999999999993,0.8452238448647356,0.5444098635384248,0.6441014020676958,0.3455927051671733,0.00012007846604987313,2.88798,0.34570026334689974,0.40900439031298685,0.21945136778115504,7.624982594166944e-05,0.00022056629405906773,0.00034745659921203394
364,IRN,Iran,2020,High,76,SA,False,False,False,87723448,1446203709942.0,4.672,35.8,Upper middle income,59,8.499,7.432,13.16,39001.836,61.588,0.009,2.121,0.108,Asia,Southern Asia,Northern Hemisphere,32.0,53.0,-1.0670000000000002,0.8744558183315684,0.5497117307918578,0.6286329386437028,0.355015197568389,0.00011978923248638857,2.999424,0.3529149311683727,0.40358234660925724,0.22791975683890575,7.690468725626147e-05,0.00021791281825809432,0.000337420012739913
364,IRN,Iran,2021,High,76,SA,False,False,False,88455490,1525523070071.0,4.721,35.5,Upper middle income,60,8.813,7.491,13.16,38159.27,38.438,0.009,2.114,0.024,Asia,Southern Asia,Northern Hemisphere,32.0,53.0,-1.322000000000001,0.8499943265630318,0.5356859185294451,0.6302229341876919,0.3587386018237082,0.00012371829964252462,3.045045,0.3455174174514921,0.4064937925510613,0.23138639817629178,7.979830326942838e-05,0.00023095305544367073,0.00034487032901834864
376,ISR,Israel,2013,Very High,22,NOTAPPLICABLE,False,False,False,7749369,235885601546.0,7.301,39.9,High income,10,8.142,10.911,25.55,34478.062,1.558,0.001,0.179,0.091,Asia,Western Asia,Northern Hemisphere,31.5,34.75,2.769,1.3400884303610907,0.8967084254482929,0.6691412336174504,0.2857534246575342,0.00021175784184157453,4.387901,0.538921763694424,0.40215388140408764,0.17173780821917808,0.0001272664629467863,0.0002361501641246541,0.0007410509326191247
376,ISR,Israel,2014,Very High,22,NOTAPPLICABLE,False,False,False,7897173,245129958334.0,7.2895,39.8,High income,9,7.633,10.947,26.0,33001.949,2.572,0.001,0.17,0.011,Asia,Western Asia,Northern Hemisphere,31.5,34.75,3.313999999999999,1.4341674308921786,0.9549980348486834,0.665890198227825,0.2803653846153846,0.00022088089403447052,4.388279000000001,0.5749088169789075,0.40086589933315075,0.16877996153846156,0.00013297029820875125,0.00023128937021265017,0.0007878322580281546
376,ISR,Israel,2015,Very High,22,NOTAPPLICABLE,False,False,False,8052916,251223879854.0,7.278,39.7,High income,9,7.815,10.559,28.57,34152.684,3.489,0.001,0.178,-0.012,Asia,Western Asia,Northern Hemisphere,31.5,34.75,2.743999999999999,1.3511196417146512,0.9312859884836852,0.6892698172175395,0.2547427371368568,0.0002131018458168617,4.388634,0.5615654510556621,0.41562969978217634,0.15360987049352468,0.0001285004130275676,0.00022882535381406628,0.0008365374738922422
376,ISR,Israel,2016,Very High,22,NOTAPPLICABLE,False,False,False,8210006,262584215516.0,7.267,39.0,High income,9,7.45,10.697,26.49,34174.199,4.893,0.001,0.173,0.486,Asia,Western Asia,Northern Hemisphere,31.5,34.75,3.246999999999999,1.4358389261744966,0.9754362416107383,0.6793493502851268,0.2743299358248396,0.00021264580334421298,4.43287,0.5950161073825504,0.41440310367392735,0.16734126085315215,0.00012971394003996993,0.000218000720368018,0.0007751461855770196
376,ISR,Israel,2017,Very High,22,NOTAPPLICABLE,False,False,False,8361796,273812314306.0,7.213,38.2,High income,9,7.038,10.104,28.61,34165.57,4.995,0.001,0.164,0.231,Asia,Western Asia,Northern Hemisphere,31.5,34.75,3.065999999999999,1.4356351236146632,1.0248650184711565,0.7138756927949328,0.25211464522894095,0.0002111189715260129,4.457634,0.6333665814151747,0.4411751781472684,0.15580685075148548,0.00013047152440307595,0.00020599685589908203,0.00083739273192281
376,ISR,Israel,2018,Very High,22,NOTAPPLICABLE,False,False,False,8510067,284956472967.0,7.19,38.6,High income,9,7.049,10.644,29.83,34337.16,5.518,0.001,0.163,0.116,Asia,Western Asia,Northern Hemisphere,31.5,34.75,3.5949999999999998,1.5100014186409418,1.020002837281884,0.6754979331078542,0.24103251759973185,0.00020939413743011943,4.4146600000000005,0.6262817420910768,0.4147557309282225,0.14799396580623536,0.00012856800038209333,0.0002052877989909474,0.0008687381251099391
376,ISR,Israel,2019,Very High,22,NOTAPPLICABLE,False,False,False,8657466,296799271432.0,7.139,38.3,High income,10,6.809,10.213,30.76,34826.125,8.737,0.001,0.159,0.088,Asia,Western Asia,Northern Hemisphere,31.5,34.75,3.403999999999999,1.4999265677779408,1.048465266558966,0.6990110643297759,0.23208712613784135,0.00020498978855672286,4.404763,0.646903069466882,0.4312898266914717,0.1431977568270481,0.00012647869953949801,0.00019551414347705927,0.0008832449777286448
376,ISR,Israel,2020,Very High,22,NOTAPPLICABLE,False,False,False,8800380,291287719910.0,7.129,37.8,High income,12,6.737,9.605,30.76,32400.352,11.447,0.001,0.169,0.046,Asia,Western Asia,Northern Hemisphere,31.5,34.75,2.8680000000000003,1.4257087724506456,1.0581861362624312,0.7422175950026028,0.23176202860858255,0.00022002847376472948,4.434238000000001,0.6581917767552323,0.46165934409161896,0.14415598179453837,0.00013685771068166176,0.00020792983977458023,0.0009493724018800785
376,ISR,Israel,2021,Very High,22,NOTAPPLICABLE,False,False,False,8942925,316373426613.0,7.157,37.9,High income,10,6.592,10.113,30.76,32656.467,14.236,0.001,0.16,0.02,Asia,Western Asia,Northern Hemisphere,31.5,34.75,3.521,1.534132281553398,1.0857099514563107,0.7077029565905271,0.23267230169050715,0.00021916026617331262,4.444497,0.674225879854369,0.43948353604271734,0.14448949934980493,0.00013609852529362714,0.00020185894573347446,0.0009419267552733124
380,ITA,Italy,2013,Very High,30,NOTAPPLICABLE,False,False,False,60653864,2010255414011.0,6.021,34.9,High income,32,6.091,8.057,13.74,30716.307,313.725,0.01,1.047,-0.703,Europe,Southern Europe,Northern Hemisphere,42.8333,12.8333,1.9660000000000002,1.322771301920867,0.9885076342144147,0.7473004840511356,0.43820960698689954,0.00019601965822258516,3.919671,0.643518469873584,0.4864926151172893,0.28527445414847163,0.00012760879750290294,0.00019829857801590537,0.000447319399431709
380,ITA,Italy,2014,Very High,30,NOTAPPLICABLE,False,False,False,60664169,2010164047423.0,5.984500000000001,34.7,High income,31,5.759,7.732,13.37,29940.508,333.739,0.01,0.985,-0.72,Europe,Southern Europe,Northern Hemisphere,42.8333,12.8333,1.9729999999999999,1.3425942003820108,1.0391561034901893,0.773991205380238,0.4476065818997757,0.00019987970811984887,3.9078785000000007,0.6785689355790937,0.5054162571132955,0.2922870979805535,0.00013052144940226131,0.00019234810578364268,0.00044655220946818934
380,ITA,Italy,2015,Very High,30,NOTAPPLICABLE,False,False,False,60575314,2025809415322.0,5.948,35.4,High income,32,5.964,7.607,13.16,30350.078,304.388,0.011,1.02,-0.637,Europe,Southern Europe,Northern Hemisphere,42.8333,12.8333,1.6429999999999998,1.2754862508383635,0.9973172367538564,0.7819113973971342,0.4519756838905775,0.00019597972697137715,3.8424080000000003,0.6442669349429913,0.5051147627185487,0.2919762917933131,0.00012660290362350964,0.00019650690848306882,0.00043360679336639597
380,ITA,Italy,2016,Very High,30,NOTAPPLICABLE,False,False,False,60478103,2052012434345.0,5.977,35.2,High income,30,5.922,7.671,13.48,30333.92,299.222,0.011,1.012,-0.549,Europe,Southern Europe,Northern Hemisphere,42.8333,12.8333,1.7490000000000006,1.2953394123606892,1.0092874029044243,0.7791682961804198,0.4433976261127597,0.00019704014515763214,3.873096,0.6540182370820669,0.504901055924912,0.2873216617210682,0.0001276820140621456,0.00019522699341199555,0.0004443870096578352
380,ITA,Italy,2017,Very High,30,NOTAPPLICABLE,False,False,False,60390317,2086237040647.0,5.964,35.9,High income,32,5.84,7.613,13.55,30594.736,287.981,0.011,0.98,-0.665,Europe,Southern Europe,Northern Hemisphere,42.8333,12.8333,1.7730000000000006,1.303595890410959,1.0212328767123289,0.7833968212268488,0.4401476014760148,0.0001949354947857697,3.8229240000000004,0.6546102739726029,0.5021573624064101,0.2821346125461255,0.00012495365215767839,0.00019088250998472415,0.0004428866455981186
380,ITA,Italy,2018,Very High,30,NOTAPPLICABLE,False,False,False,60277496,2105551772855.0,6.0,35.2,High income,31,5.791,7.744,12.33,30853.664,315.249,0.011,0.95,-0.012,Europe,Southern Europe,Northern Hemisphere,42.8333,12.8333,1.9529999999999994,1.3372474529442238,1.0360904852357105,0.7747933884297521,0.48661800486618007,0.00019446636872690387,3.8879999999999995,0.6713866344327403,0.5020661157024793,0.3153284671532846,0.0001260142069350337,0.00018769245688291674,0.0003996283877337875
380,ITA,Italy,2019,Very High,30,NOTAPPLICABLE,False,False,False,60130136,2115725732767.0,6.223,34.6,High income,25,5.648,7.492,11.85,30599.51,318.252,0.011,0.916,-0.381,Europe,Southern Europe,Northern Hemisphere,42.8333,12.8333,1.8440000000000003,1.326487252124646,1.1018059490084986,0.8306193272824346,0.5251476793248945,0.00020336926963863147,4.0698419999999995,0.7205810906515581,0.5432250400427122,0.34344658227848096,0.00013300350234366498,0.00018457811906138366,0.0003872611032006722
380,ITA,Italy,2020,Very High,30,NOTAPPLICABLE,False,False,False,59912763,1925751927111.0,6.387,35.2,High income,22,5.051,6.714,11.85,27764.078,320.361,0.011,0.861,-0.477,Europe,Southern Europe,Northern Hemisphere,42.8333,12.8333,1.6630000000000003,1.3292417343100376,1.2645020787962777,0.9512957998212689,0.5389873417721519,0.00023004545657882099,4.138775999999999,0.8193973470599879,0.6164396782841821,0.34926379746835434,0.00014906945586307599,0.00018192572431182478,0.00042681049952388115
380,ITA,Italy,2021,Very High,30,NOTAPPLICABLE,False,False,False,59729353,2060299944789.0,6.483,34.8,High income,21,5.624,7.564,11.85,29887.174,319.47,0.011,0.911,0.04,Europe,Southern Europe,Northern Hemisphere,42.8333,12.8333,1.9400000000000004,1.344950213371266,1.1527382645803699,0.8570861977789529,0.5470886075949367,0.00021691579136923417,4.226916,0.7515853485064012,0.5588202009518773,0.35670177215189874,0.00014142909597274068,0.00018817436536488862,0.00039649115035098335
392,JPN,Japan,2013,Very High,19,NOTAPPLICABLE,False,False,False,127723642,4621006950566.0,6.064,31.5,High income,30,10.271,11.643,22.8,43658.484,324.029,0.028,3.719,-0.054,Asia,Eastern Asia,Northern Hemisphere,36.0,138.0,1.3719999999999999,1.1335799824749293,0.5904001557784052,0.5208279653010393,0.26596491228070174,0.0001388962566817483,4.153840000000001,0.4044241067082076,0.3567671562312119,0.18218596491228073,9.51439358269976e-05,0.0002352578252602633,0.0005222352658878399
392,JPN,Japan,2014,Very High,19,NOTAPPLICABLE,False,False,False,127486601,4634693421103.0,6.0255,31.3,High income,30,9.886,11.013,22.42,42606.789,357.539,0.028,3.553,-0.042,Asia,Eastern Asia,Northern Hemisphere,36.0,138.0,1.1270000000000007,1.1139995953874167,0.6094982803965204,0.547126123672024,0.26875557537912576,0.00014142112422506188,4.1395185,0.4187253186324095,0.3758756469626805,0.1846350802854594,9.715631234261753e-05,0.00023202875015998037,0.0005262072201685981
392,JPN,Japan,2015,Very High,19,NOTAPPLICABLE,False,False,False,127275868,4707025000790.0,5.987,30.7,High income,29,9.585,10.378,20.3,42138.867,410.581,0.029,3.446,-0.035,Asia,Eastern Asia,Northern Hemisphere,36.0,138.0,0.7929999999999993,1.082733437663015,0.624621804903495,0.576893428406244,0.2949261083743842,0.00014207785890399,4.1489910000000005,0.43286291079812206,0.3997871458855271,0.20438379310344829,9.845995622046507e-05,0.00022746221439698416,0.0004817405271005507
392,JPN,Japan,2016,Very High,19,NOTAPPLICABLE,False,False,False,127159950,4742508721138.0,5.921,31.8,High income,32,9.436,10.403,19.28,41646.914,400.425,0.029,3.39,-0.036,Asia,Eastern Asia,Northern Hemisphere,36.0,138.0,0.9670000000000005,1.1024798643493006,0.627490462060195,0.5691627415168702,0.3071058091286307,0.0001421713983417835,4.0381219999999995,0.42794849512505295,0.38816898971450536,0.20944616182572612,9.696089366909635e-05,0.00022657140934860144,0.0004629394629335562
392,JPN,Japan,2017,Very High,19,NOTAPPLICABLE,False,False,False,127064686,4821960242931.0,5.92,31.8,High income,34,9.321,10.145,19.47,42137.562,427.926,0.03,3.292,-0.009,Asia,Eastern Asia,Northern Hemisphere,36.0,138.0,0.8239999999999998,1.0884025319171762,0.6351249865894217,0.5835386890093642,0.30405752439650746,0.00014049222876254684,4.037439999999999,0.43315524085398555,0.39797338590438636,0.20736723163841805,9.581570001605692e-05,0.00022120406491481402,0.0004620580564200653
392,JPN,Japan,2018,Very High,19,NOTAPPLICABLE,False,False,False,126913432,4852985093686.0,5.915,32.9,High income,37,8.971,10.041,18.89,41899.98,457.705,0.03,3.099,0.008,Asia,Eastern Asia,Northern Hemisphere,36.0,138.0,1.0700000000000003,1.119273213688552,0.6593467840820422,0.5890847525146897,0.3131286394917946,0.00014116951845800403,3.9689650000000003,0.4424216921190503,0.39527586893735683,0.2101093170989942,9.47247468853207e-05,0.00021410511413131938,0.0004508355373916646
392,JPN,Japan,2019,Very High,19,NOTAPPLICABLE,False,False,False,126699421,4833467877373.0,5.886,33.0,High income,39,8.698,9.832,18.18,41086.219,459.348,0.031,2.972,-0.02,Asia,Eastern Asia,Northern Hemisphere,36.0,138.0,1.1340000000000003,1.130374798804323,0.6767072890319613,0.5986574450772986,0.3237623762376238,0.00014325971440691586,3.9436199999999997,0.4533938836514141,0.40110048820179,0.21692079207920792,9.598400865263362e-05,0.00021170115458908498,0.00044248413318344045
392,JPN,Japan,2020,Very High,19,NOTAPPLICABLE,False,False,False,126304533,4626661481209.0,5.871,32.3,High income,43,8.213,9.372,18.18,38203.219,501.689,0.031,2.95,0.011,Asia,Eastern Asia,Northern Hemisphere,36.0,138.0,1.1590000000000007,1.1411177401680264,0.7148423231462318,0.6264404609475033,0.32293729372937297,0.000153678149477404,3.9746670000000006,0.4839482527699989,0.4241001920614597,0.21862854785478553,0.00010404010719620252,0.00021498188411819434,0.0004758761297051958
392,JPN,Japan,2021,Very High,19,NOTAPPLICABLE,False,False,False,125679342,4725883595048.0,5.94,32.3,High income,38,8.422,9.706,18.18,40020.164,540.688,0.032,2.871,0.036,Asia,Eastern Asia,Northern Hemisphere,36.0,138.0,1.283999999999999,1.1524578484920445,0.7052956542388982,0.6119925819080981,0.32673267326732675,0.000148425178867333,4.021380000000001,0.47748515791973406,0.41431897795178246,0.22119801980198023,0.00010048384609318445,0.00021044391522233644,0.0004542710019878979
398,KAZ,Kazakhstan,2013,Very High,56,ECA,False,True,False,17556502,400574375261.0,5.671,27.1,Upper middle income,38,14.441,11.432,38.56,41671.484,19.785,0.009,0.719,-0.934,Asia,Central Asia,Northern Hemisphere,48.0,68.0,-3.0090000000000003,0.7916349283290631,0.39270133647254346,0.4960636808957313,0.1470695020746888,0.00013608826601903596,4.134159,0.2862792742884842,0.3616304233729881,0.10721366701244814,9.920834592787722e-05,0.0003465439339765294,0.0009253330166979416
398,KAZ,Kazakhstan,2014,Very High,56,ECA,False,True,False,17816285,417799078586.0,5.763,27.0,Upper middle income,38,16.79,12.234,39.4,43168.984,21.062,0.009,0.843,-0.209,Asia,Central Asia,Northern Hemisphere,48.0,68.0,-4.555999999999999,0.728648004764741,0.3432400238237046,0.4710642471799902,0.14626903553299492,0.0001334986248460237,4.20699,0.2505652173913044,0.34387690044139285,0.1067763959390863,9.745399613759733e-05,0.0003889366495166993,0.0009126923163167333
398,KAZ,Kazakhstan,2015,Very High,56,ECA,False,True,False,18084175,421977118608.0,5.855,26.8,Upper middle income,33,16.758,13.829,44.26,35163.887,23.918,0.01,0.856,-0.675,Asia,Central Asia,Northern Hemisphere,48.0,68.0,-2.9289999999999985,0.825217806420814,0.3493853681823607,0.4233856388748283,0.1322864889290556,0.0001665060520755285,4.2858600000000004,0.255750089509488,0.3099182876563743,0.0968337098960687,0.00012188243011928688,0.000476568474924288,0.0012586776882771804
398,KAZ,Kazakhstan,2016,Very High,56,ECA,False,True,False,18363600,425774884998.0,5.919,27.2,Upper middle income,33,16.431,12.428,37.86,38735.684,30.117,0.01,0.853,-0.697,Asia,Central Asia,Northern Hemisphere,48.0,68.0,-4.003,0.75637514454385,0.36023370458280074,0.47626327647248146,0.15633914421553088,0.00015280484010557293,4.309031999999999,0.2622501369362789,0.34671966527196646,0.11381489698890648,0.00011124192359685708,0.00042418251863062494,0.0009773933513088345
398,KAZ,Kazakhstan,2017,Very High,56,ECA,False,True,False,18651931,442384368842.0,5.819,27.5,Upper middle income,39,17.034,12.835,34.22,41010.547,29.113,0.01,0.883,-0.547,Asia,Central Asia,Northern Hemisphere,48.0,68.0,-4.198999999999998,0.753493013972056,0.34161089585534815,0.45336969224775997,0.17004675628287552,0.00014189032884638189,4.218775,0.2476678994951274,0.328693026879626,0.12328389830508475,0.00010287048841362687,0.0004153565666900273,0.0008344194970137804
398,KAZ,Kazakhstan,2018,Very High,56,ECA,False,True,False,18932725,460522121041.0,5.79,27.8,Upper middle income,40,17.408,12.028,32.72,41684.305,27.129,0.01,0.897,-0.843,Asia,Central Asia,Northern Hemisphere,48.0,68.0,-5.380000000000001,0.6909466911764706,0.33260569852941174,0.481376787495843,0.1769559902200489,0.00013890120034387043,4.1803799999999995,0.24014131433823524,0.3475540405719986,0.1277622249388753,0.00010028666664827445,0.0004176152151271324,0.0007849477159328912
398,KAZ,Kazakhstan,2019,Very High,56,ECA,False,True,False,19209556,481245619523.0,5.809,28.0,Upper middle income,40,15.411,10.997,34.41,41578.891,27.471,0.01,0.798,-0.432,Asia,Central Asia,Northern Hemisphere,48.0,68.0,-4.414,0.7135812082278892,0.37693855038608787,0.5282349731745022,0.1688172043010753,0.0001397103159870233,4.18248,0.2713957562779833,0.38032918068564153,0.12154838709677421,0.00010059142751065678,0.0003706448062792247,0.0008275834004326857
398,KAZ,Kazakhstan,2020,Very High,56,ECA,False,True,False,19482116,468733212615.0,6.058,28.7,Upper middle income,33,14.464,11.216,34.41,37774.996,29.467,0.01,0.801,-0.308,Asia,Central Asia,Northern Hemisphere,48.0,68.0,-3.248000000000001,0.7754424778761061,0.4188329646017699,0.5401212553495007,0.1760534728276664,0.0001603706324681014,4.319354000000001,0.29862790376106196,0.3851064550641941,0.12552612612612615,0.00011434426094975631,0.000382898783099805,0.0009109200170398429
398,KAZ,Kazakhstan,2021,Very High,56,ECA,False,True,False,19743607,487951301251.0,6.152,29.2,Upper middle income,32,12.404,9.691,34.41,41644.129,31.004,0.01,0.664,-0.46,Asia,Central Asia,Northern Hemisphere,48.0,68.0,-2.712999999999999,0.7812802321831668,0.4959690422444373,0.6348158084820967,0.178785236849753,0.0001477279066156,4.3556159999999995,0.35114608190906155,0.44944959240532445,0.1265799476896251,0.0001045913578838448,0.00029785711210336517,0.0008262869419120278
410,KOR,South Korea,2013,Very High,19,NOTAPPLICABLE,False,False,False,50071168,1700045113031.0,6.267,31.2,High income,29,12.674,13.376,21.21,64755.305,32.286,0.006,1.799,-0.101,Asia,Eastern Asia,Northern Hemisphere,37.0,127.5,0.702,1.055388985324286,0.49447688180527066,0.46852571770334933,0.29547383309759545,9.677971557697088e-05,4.3116959999999995,0.34020009468202617,0.3223456937799043,0.20328599717114565,6.658444431695596e-05,0.00019572141618358525,0.00032754073199099286
410,KOR,South Korea,2014,Very High,19,NOTAPPLICABLE,False,False,False,50539055,1754480590300.0,6.125500000000001,31.2,High income,28,12.453,13.746,21.49,64689.973,41.046,0.007,1.775,-0.043,Asia,Eastern Asia,Northern Hemisphere,37.0,127.5,1.293000000000001,1.103830402312696,0.49188950453705943,0.4456205441583006,0.28503955328059566,9.4690099808822e-05,4.214344,0.3384199791214968,0.3065869343809108,0.19610721265704978,6.514678866846952e-05,0.0001925027855553441,0.0003321998604018586
410,KOR,South Korea,2015,Very High,19,NOTAPPLICABLE,False,False,False,50983909,1803763858886.0,5.984,33.2,High income,30,12.439,13.265,21.49,65128.559,48.042,0.007,1.791,-0.037,Asia,Eastern Asia,Northern Hemisphere,37.0,127.5,0.8260000000000005,1.0664040517726505,0.48106760993649006,0.45111194873727856,0.2784550953932062,9.187981573490671e-05,3.9973119999999995,0.3213531634375753,0.30134278175650203,0.18600800372266169,6.137571691091768e-05,0.00019099148193958966,0.0003299627740880924
410,KOR,South Korea,2016,Very High,19,NOTAPPLICABLE,False,False,False,51297836,1856920794289.0,5.835,35.2,High income,35,12.435,13.05,21.6,67038.734,56.572,0.007,1.802,-0.084,Asia,Eastern Asia,Northern Hemisphere,37.0,127.5,0.6150000000000002,1.0494571773220749,0.4692400482509047,0.4471264367816092,0.2701388888888889,8.703923316928987e-05,3.7810799999999993,0.3040675512665862,0.2897379310344827,0.17504999999999996,5.640142309369982e-05,0.000185489779684682,0.0003222017885958288
410,KOR,South Korea,2017,Very High,19,NOTAPPLICABLE,False,False,False,51486268,1915599559593.0,5.838,34.9,High income,37,12.713,13.631,22.72,67581.461,68.386,0.008,1.819,-0.089,Asia,Eastern Asia,Northern Hemisphere,37.0,127.5,0.918000000000001,1.0722095492802644,0.4592149767954063,0.4282884601276502,0.2569542253521127,8.638463734899132e-05,3.800538,0.2989489498938095,0.27881578754310027,0.16727720070422536,5.623639891419335e-05,0.00018811371953027177,0.0003361868723139916
410,KOR,South Korea,2018,Very High,19,NOTAPPLICABLE,False,False,False,51640894,1971285914824.0,5.875,33.7,High income,38,12.977,14.508,21.65,68987.422,84.679,0.008,1.824,-0.057,Asia,Eastern Asia,Northern Hemisphere,37.0,127.5,1.5309999999999988,1.117977961007937,0.45272405024273715,0.4049489936586711,0.27136258660508084,8.51604514225796e-05,3.895125,0.30015604531093476,0.26848118279569894,0.1799133949191686,5.646137929317028e-05,0.00018810675372098987,0.0003138253231146976
410,KOR,South Korea,2019,Very High,19,NOTAPPLICABLE,False,False,False,51767844,2015521635585.0,5.895,33.2,High income,37,12.481,14.209,22.01,67917.344,98.352,0.008,1.742,-0.093,Asia,Eastern Asia,Northern Hemisphere,37.0,127.5,1.7279999999999998,1.1384504446759074,0.47231792324332983,0.4148778942923499,0.2678328032712403,8.679668038844392e-05,3.9378599999999992,0.3155083727265443,0.2771384333872897,0.1789123125851885,5.798018249948054e-05,0.00018376749243904475,0.00032407038767593745
410,KOR,South Korea,2020,Very High,19,NOTAPPLICABLE,False,False,False,51858481,2001231642062.0,5.872,32.7,High income,42,11.524,13.152,22.01,65364.605,117.038,0.008,1.7,-0.106,Asia,Eastern Asia,Northern Hemisphere,37.0,127.5,1.6280000000000001,1.1412703922249219,0.5095452967719543,0.4464720194647202,0.26678782371649246,8.983455189547921e-05,3.9518560000000003,0.3429239847275252,0.3004756690997567,0.17954820536119945,6.045865342565751e-05,0.00017630336785481987,0.00033672658161094986
410,KOR,South Korea,2021,Very High,19,NOTAPPLICABLE,False,False,False,51848401,2084182684453.0,5.845,32.9,High income,43,11.882,13.84,22.01,68918.578,138.026,0.009,1.671,-0.13,Asia,Eastern Asia,Northern Hemisphere,37.0,127.5,1.9580000000000002,1.164787072883353,0.4919205520956068,0.4223265895953757,0.2655611085870059,8.481022344947397e-05,3.921995,0.3300786904561522,0.2833811416184971,0.17819150386188096,5.690765993459703e-05,0.00017240634303278865,0.0003193623640928866
144,LKA,Sri Lanka,2013,High,73,SA,False,False,False,21358829,220937614421.0,4.151,39.3,Lower middle income,61,0.662,1.571,3.52,3708.73,18.441,0.001,0.04,0.706,Asia,Southern Asia,Northern Hemisphere,7.0,81.0,0.9089999999999999,2.3731117824773413,6.270392749244713,2.642266072565245,1.1792613636363636,0.001119251064380529,2.5196569999999996,3.80612839879154,1.6038555060471036,0.7158116477272726,0.0006793853960789812,0.00017849776068896902,0.0009491119601588684
144,LKA,Sri Lanka,2014,High,73,SA,False,False,False,21547454,235029015924.0,4.211,39.3,Lower middle income,61,0.792,1.721,5.73,3986.135,12.504,0.001,0.048,0.594,Asia,Southern Asia,Northern Hemisphere,7.0,81.0,0.929,2.172979797979798,5.316919191919192,2.4468332364904124,0.7349040139616055,0.0010564117873579294,2.556077,3.2273699494949497,1.4852277745496805,0.4460867364746946,0.0006412419549262631,0.00019868870472274523,0.0014374826743198611
144,LKA,Sri Lanka,2015,High,73,SA,False,False,False,21729975,244914328998.0,4.271,39.3,Lower middle income,60,0.883,1.784,6.2,4201.579,16.31,0.001,0.054,0.738,Asia,Southern Asia,Northern Hemisphere,7.0,81.0,0.901,2.0203850509626275,4.8369195922989805,2.3940582959641254,0.6888709677419355,0.0010165225978138218,2.592497,2.936010192525481,1.4531933856502242,0.4181446774193548,0.0006170292168729899,0.00021015908542954925,0.0014756357074328485
144,LKA,Sri Lanka,2016,High,73,SA,False,False,False,21910763,257292293131.0,4.415,39.3,Lower middle income,59,1.02,1.986,4.55,4603.753,11.932,0.001,0.063,0.663,Asia,Southern Asia,Northern Hemisphere,7.0,81.0,0.966,1.9470588235294117,4.328431372549019,2.2230614300100706,0.9703296703296703,0.0009590001896278972,2.6799049999999998,2.6273578431372546,1.3493982880161126,0.5889901098901099,0.0005821131151041335,0.00022155836770565234,0.0009883240912359982
144,LKA,Sri Lanka,2017,High,73,SA,False,False,False,22087525,273915973018.0,4.44,38.766666666666666,Lower middle income,61,1.004,1.953,7.29,4832.206,11.766,0.001,0.062,0.982,Asia,Southern Asia,Northern Hemisphere,7.0,81.0,0.9490000000000001,1.9452191235059761,4.422310756972112,2.273425499231951,0.6090534979423868,0.0009188349999979306,2.7187600000000005,2.70792828685259,1.3920942140296981,0.3729437585733883,0.0005626332983320662,0.00020777259909863114,0.0015086277364830887
144,LKA,Sri Lanka,2018,High,73,SA,False,False,False,22253116,280243422762.0,4.471,38.233333333333334,Lower middle income,60,0.905,1.916,4.33,5049.593,17.832,0.001,0.055,0.624,Asia,Southern Asia,Northern Hemisphere,7.0,81.0,1.011,2.1171270718232043,4.9403314917127075,2.333507306889353,1.0325635103926096,0.0008854178940758197,2.7615876666666663,3.051478084714548,1.4413296798886568,0.6377800615858352,0.0005468931192408312,0.00017922236505001494,0.0008574948515652648
144,LKA,Sri Lanka,2019,High,73,SA,False,False,False,22410552,279626891521.0,4.366,37.7,Lower middle income,60,0.942,1.926,4.36,5043.847,14.378,0.001,0.057,0.487,Asia,Southern Asia,Northern Hemisphere,7.0,81.0,0.984,2.0445859872611467,4.634819532908705,2.2668743509865004,1.0013761467889908,0.0008656091273188897,2.7200179999999996,2.8874925690021227,1.4122627206645897,0.6238573394495411,0.0005392744863196682,0.00018676220749757081,0.0008644195591182683
144,LKA,Sri Lanka,2020,High,73,SA,False,False,False,22561808,269918239631.0,4.327,37.7,Lower middle income,61,0.905,1.855,4.36,4653.029,15.486,0.001,0.058,0.415,Asia,Southern Asia,Northern Hemisphere,7.0,81.0,0.95,2.049723756906077,4.78121546961326,2.3326145552560646,0.9924311926605504,0.0009299318787826166,2.695721,2.9786972375690604,1.4532188679245281,0.6182846330275229,0.00057934756048157,0.0001944969610118484,0.0009370240331620542
144,LKA,Sri Lanka,2021,High,73,SA,False,False,False,22700377,278898406287.0,4.325,37.7,Lower middle income,61,0.917,2.015,4.36,4795.043,22.572,0.001,0.056,0.368,Asia,Southern Asia,Northern Hemisphere,7.0,81.0,1.098,2.197382769901854,4.716466739367503,2.1464019851116625,0.9919724770642202,0.0009019731418466947,2.694475,2.9383587786259544,1.3372084367245658,0.6179988532110092,0.0005619292673704908,0.000191239160941831,0.0009092723464627951
440,LTU,Lithuania,2013,Very High,35,NOTAPPLICABLE,False,False,False,2958359,63937849304.0,5.426,35.3,High income,44,4.444,6.935,39.23,21436.043,4.775,0.001,0.037,0.324,Europe,Northern Europe,Northern Hemisphere,56.0,24.0,2.4909999999999997,1.5605310531053105,1.220972097209721,0.7824080749819755,0.13831251593168495,0.00025312507536955395,3.510622,0.7899689468946895,0.5062180245133382,0.08948819780780017,0.00016377192376410143,0.00020731438167016178,0.0018300952279298934
440,LTU,Lithuania,2014,Very High,35,NOTAPPLICABLE,False,False,False,2933171,66199372603.0,5.6295,37.7,High income,41,4.379,7.053,41.49,20866.352,4.81,0.001,0.036,-0.236,Europe,Northern Europe,Northern Hemisphere,56.0,24.0,2.6740000000000004,1.6106416990180408,1.2855674811600823,0.7981709910676308,0.13568329718004338,0.00026978841342272,3.5071785,0.8009085407627313,0.497260527435134,0.08453069414316702,0.00016807818156235456,0.00020985939468480162,0.001988368642491989
440,LTU,Lithuania,2015,Very High,35,NOTAPPLICABLE,False,False,False,2905771,67539660018.0,5.833,37.4,High income,35,4.489,6.951,36.91,22063.779,5.307,0.001,0.037,-1.137,Europe,Northern Europe,Northern Hemisphere,56.0,24.0,2.4619999999999997,1.5484517709957675,1.2993985297393629,0.8391598331175372,0.15803305337306964,0.0002643699431543436,3.6514580000000003,0.8134234796168412,0.5253140555315783,0.0989286914115416,0.00016549558441461912,0.00020345562743354166,0.0016728775247431549
440,LTU,Lithuania,2016,Very High,35,NOTAPPLICABLE,False,False,False,2869109,69240911932.0,5.813,38.4,High income,37,4.566,7.546,37.99,22908.295,6.195,0.001,0.037,-1.38,Europe,Northern Europe,Northern Hemisphere,56.0,24.0,2.9800000000000004,1.6526500219010076,1.2731055628558914,0.7703419029949642,0.1530139510397473,0.00025375087932122403,3.5808079999999998,0.784233026719229,0.4745306122448979,0.09425659384048432,0.00015631054166187402,0.0001993164484742317,0.0016583512653386035
440,LTU,Lithuania,2017,Very High,35,NOTAPPLICABLE,False,False,False,2829317,72206131673.0,5.902,37.3,High income,35,4.693,7.884,39.93,24440.611,7.492,0.001,0.037,-0.929,Europe,Northern Europe,Northern Hemisphere,56.0,24.0,3.1910000000000007,1.6799488600042618,1.2576177285318562,0.7486047691527143,0.14780866516403707,0.0002414833246190122,3.700554,0.7885263157894737,0.46937519025875185,0.09267603305785124,0.00015141004453612063,0.00019201647618384007,0.0016337562101045673
440,LTU,Lithuania,2018,Very High,35,NOTAPPLICABLE,False,False,False,2802485,75089601435.0,5.952,35.7,High income,33,4.787,8.521,38.38,25323.756,6.737,0.001,0.037,-0.031,Europe,Northern Europe,Northern Hemisphere,56.0,24.0,3.734000000000001,1.7800292458742428,1.24336745351995,0.6985095646050933,0.15508077123501823,0.00023503622448423525,3.827136,0.7994852726133278,0.4491416500410749,0.09971693590411672,0.00015112829234336327,0.0001890319903571966,0.0015155729663482778
440,LTU,Lithuania,2019,Very High,35,NOTAPPLICABLE,False,False,False,2795057,78562641002.0,6.149,35.3,High income,28,4.883,8.023,40.13,25257.848,7.331,0.001,0.037,-0.639,Europe,Northern Europe,Northern Hemisphere,56.0,24.0,3.1399999999999997,1.6430473069834117,1.2592668441531845,0.7664215380780257,0.15322701221031645,0.00024344908560697647,3.978403,0.8147456481671104,0.49587473513648267,0.09913787690007475,0.0001575115583877138,0.00019332605058039782,0.0015888131087018972
440,LTU,Lithuania,2020,Very High,35,NOTAPPLICABLE,False,False,False,2795766,78545278418.0,6.215,36.0,High income,28,4.829,7.346,40.13,25143.193,7.943,0.001,0.038,-0.658,Europe,Northern Europe,Northern Hemisphere,56.0,24.0,2.5170000000000003,1.5212259266928971,1.287015945330296,0.8460386604955077,0.15487166708198355,0.0002471841981247171,3.9776,0.8236902050113896,0.541464742717125,0.09911786693246946,0.00015819788679981894,0.00019205993447212532,0.001596058225381319
440,LTU,Lithuania,2021,Very High,35,NOTAPPLICABLE,False,False,False,2794490,83242845981.0,6.255,36.7,High income,27,4.93,8.076,40.13,25102.789,8.384,0.001,0.037,-0.81,Europe,Northern Europe,Northern Hemisphere,56.0,24.0,3.146000000000001,1.6381338742393512,1.268762677484787,0.7745170876671619,0.15586842761026662,0.0002491754999812969,3.959415,0.8031267748478702,0.49026931649331346,0.09866471467729877,0.00015772809148816092,0.00019639252036895183,0.0015986271485610624
442,LUX,Luxembourg,2013,Very High,17,NOTAPPLICABLE,False,False,False,543358,29514812514.0,7.054,32.0,High income,15,18.999,18.064,62.16,84092.562,1.621,0.0,0.029,0.328,Europe,Western Europe,Northern Hemisphere,49.75,6.1667,-0.9349999999999987,0.9507868835201854,0.3712826990894258,0.3905004428697963,0.1134813384813385,8.388375656814927e-05,4.79672,0.25247223538080954,0.26554030115146143,0.07716731016731017,5.7040954466341496e-05,0.00022592961313272865,0.0007391854704105696
442,LUX,Luxembourg,2014,Very High,17,NOTAPPLICABLE,False,False,False,556285,30289014849.0,7.0,31.2,High income,15,17.629,17.319,57.31,79589.086,1.876,0.0,0.028,0.328,Europe,Western Europe,Northern Hemisphere,49.75,6.1667,-0.3100000000000023,0.9824153383629246,0.3970730047081513,0.40418037992955713,0.12214273250741581,8.79517576065643e-05,4.816,0.2731862272392081,0.2780761013915353,0.08403419996510207,6.0510809233316236e-05,0.00022150021926373175,0.0007200736040617429
442,LUX,Luxembourg,2015,Very High,17,NOTAPPLICABLE,False,False,False,569540,30976491415.0,6.946,32.9,High income,14,16.389,16.438,51.55,75560.039,2.107,0.0,0.026,0.236,Europe,Western Europe,Northern Hemisphere,49.75,6.1667,0.04899999999999949,1.0029898102385746,0.42382085545182746,0.4225574887455895,0.13474296799224056,9.192689802608492e-05,4.660766,0.2843837940081762,0.28353607494829053,0.09041253152279341,6.168294857550297e-05,0.000216900364490283,0.0006822389279073823
442,LUX,Luxembourg,2016,Very High,17,NOTAPPLICABLE,False,False,False,583511,32518554202.0,6.871,31.7,High income,16,15.556,15.283,46.52,72765.094,2.246,0.0,0.026,0.278,Europe,Western Europe,Northern Hemisphere,49.75,6.1667,-0.2729999999999997,0.9824505014142453,0.4416945230136282,0.44958450565988356,0.14769991401547722,9.442714387203294e-05,4.692893000000001,0.3016773592183081,0.3070662173657005,0.10087904127257094,6.44937392645985e-05,0.00021378382332605796,0.0006393175277145935
442,LUX,Luxembourg,2017,Very High,17,NOTAPPLICABLE,False,False,False,596506,32946911821.0,6.863,34.5,High income,15,15.509,14.93,46.69,74357.836,2.889,0.0,0.026,0.275,Europe,Western Europe,Northern Hemisphere,49.75,6.1667,-0.5790000000000006,0.9626668386098394,0.44251724804951964,0.4596784996651039,0.14699079031912618,9.229693021190128e-05,4.495265000000001,0.2898487974724354,0.30108941728064303,0.09627896765902764,6.0454489288795347e-05,0.0002085725033740896,0.000627909612646608
442,LUX,Luxembourg,2018,Very High,17,NOTAPPLICABLE,False,False,False,608109,33348602359.0,6.91,35.4,High income,14,15.715,14.363,42.21,76353.008,3.227,0.0,0.026,0.229,Europe,Western Europe,Northern Hemisphere,49.75,6.1667,-1.3520000000000003,0.913967546929685,0.43970728603245307,0.48109726380282675,0.16370528310826818,9.050069121048905e-05,4.46386,0.2840509067769647,0.3107888324166261,0.10575361288794126,5.846344652197593e-05,0.00020582031293384014,0.0005528269429804259
442,LUX,Luxembourg,2019,Very High,17,NOTAPPLICABLE,False,False,False,620167,34122291521.0,7.09,34.2,High income,11,15.722,13.648,45.47,76250.828,3.642,0.0,0.026,0.263,Europe,Western Europe,Northern Hemisphere,49.75,6.1667,-2.074,0.868082941101641,0.45096043760335836,0.5194900351699883,0.15592698482515946,9.298259685783347e-05,4.66522,0.29673196794300977,0.3418244431418523,0.1025999560149549,6.118254873245442e-05,0.00020618792493636923,0.0005963213933886725
442,LUX,Luxembourg,2020,Very High,17,NOTAPPLICABLE,False,False,False,630597,33850190319.0,7.238,33.4,High income,8,12.796,11.51,45.47,64289.547,4.287,0.0,0.023,0.297,Europe,Western Europe,Northern Hemisphere,49.75,6.1667,-1.2859999999999996,0.8994998437011567,0.5656455142231948,0.6288444830582103,0.15918187816142512,0.00011258439882925293,4.820508,0.37671991247264774,0.4188104257167681,0.10601513085550913,7.498120962028244e-05,0.00019903702230161926,0.0007072689437366855
442,LUX,Luxembourg,2021,Very High,17,NOTAPPLICABLE,False,False,False,640276,35577396523.0,7.324,32.7,High income,7,13.134,12.485,45.47,67493.578,4.278,0.0,0.023,0.209,Europe,Western Europe,Northern Hemisphere,49.75,6.1667,-0.6490000000000009,0.9505862646566163,0.557636668189432,0.5866239487384862,0.16107323510006596,0.00010851402780869019,4.929052,0.37528947769148774,0.39479791750100124,0.10840228722234442,7.30299407152485e-05,0.0001945962918131263,0.0006736937253496918
428,LVA,Latvia,2013,Very High,39,NOTAPPLICABLE,False,False,False,2013004,41350512828.0,5.046,35.5,High income,51,3.661,6.327,29.67,22147.385,9.57,0.001,0.021,-0.067,Europe,Northern Europe,Northern Hemisphere,57.0,25.0,2.666,1.728216334334881,1.3783119366293364,0.797534376481745,0.17007077856420627,0.00022783728191838452,3.2546700000000004,0.889011199125922,0.5144096728307255,0.10969565217391306,0.00014695504683735804,0.00016530168234308475,0.0013396615446925227
428,LVA,Latvia,2014,Very High,39,NOTAPPLICABLE,False,False,False,1994153,42137028688.0,5.072,35.1,High income,51,3.597,6.088,33.02,20567.852,7.702,0.001,0.02,0.225,Europe,Northern Europe,Northern Hemisphere,57.0,25.0,2.491,1.6925215457325549,1.410063942174034,0.8331143232588699,0.1536038764385221,0.00024659842943249493,3.291728,0.915131498470948,0.5406911957950066,0.09968891580860084,0.00016004238070168922,0.0001748845722927217,0.0016054180086476704
428,LVA,Latvia,2015,Very High,39,NOTAPPLICABLE,False,False,False,1977874,43774190659.0,5.098,34.2,High income,51,3.672,6.382,29.74,21292.598,7.79,0.001,0.021,2.038,Europe,Northern Europe,Northern Hemisphere,57.0,25.0,2.7099999999999995,1.7380174291938997,1.3883442265795205,0.7988091507364463,0.17141896435776732,0.00023942592632425594,3.3544839999999994,0.9135305010893244,0.5256164211845815,0.11279367854741087,0.0001575422595213604,0.00017245429608918553,0.0013967295113541333
428,LVA,Latvia,2016,Very High,39,NOTAPPLICABLE,False,False,False,1959863,44810998817.0,5.56,34.3,High income,41,3.679,6.356,31.17,22950.191,9.402,0.001,0.02,0.652,Europe,Northern Europe,Northern Hemisphere,57.0,25.0,2.677,1.7276433813536287,1.5112802391954334,0.8747640025173065,0.17837664420917546,0.0002422637789811858,3.65292,0.9929111171513999,0.5747199496538704,0.11719345524542829,0.0001591673027906391,0.00016030367677550048,0.001358158631446684
428,LVA,Latvia,2017,Very High,39,NOTAPPLICABLE,False,False,False,1942599,46295495418.0,5.85,35.6,High income,36,3.714,7.18,31.53,25378.883,14.362,0.001,0.02,0.517,Europe,Northern Europe,Northern Hemisphere,57.0,25.0,3.4659999999999997,1.93322563274098,1.5751211631663973,0.8147632311977716,0.18553758325404374,0.0002305065987340735,3.7673999999999994,1.0143780290791597,0.5247075208913649,0.11948620361560416,0.0001484462495847433,0.00014634213806809384,0.0012423714629205705
428,LVA,Latvia,2018,Very High,39,NOTAPPLICABLE,False,False,False,1927586,48143398790.0,5.933,35.1,High income,36,4.069,8.229,31.52,22825.789,9.745,0.001,0.021,1.358,Europe,Northern Europe,Northern Hemisphere,57.0,25.0,4.159999999999999,2.022364217252396,1.4580978127304005,0.7209867541621097,0.18822969543147208,0.0002599252976534568,3.850517,0.94630548046203,0.46792040345120917,0.12216107233502538,0.00016869151817709347,0.00017826327931095832,0.0013808942157486866
428,LVA,Latvia,2019,Very High,39,NOTAPPLICABLE,False,False,False,1914267,49380620266.0,5.94,34.5,High income,36,3.988,7.874,31.04,23645.102,8.92,0.001,0.021,1.006,Europe,Northern Europe,Northern Hemisphere,57.0,25.0,3.8859999999999997,1.9744232698094282,1.489468405215647,0.7543815087630176,0.1913659793814433,0.0002512148181894077,3.8907000000000003,0.9756018054162489,0.49411988823977654,0.12534471649484538,0.00016454570591406206,0.00016866072305376394,0.001312745447238925
428,LVA,Latvia,2020,Very High,39,NOTAPPLICABLE,False,False,False,1901119,48292861660.0,5.95,35.7,High income,39,3.682,7.061,31.04,21682.367,10.138,0.001,0.02,0.999,Europe,Northern Europe,Northern Hemisphere,57.0,25.0,3.379,1.9177077675176535,1.6159695817490496,0.8426568474720295,0.19168814432989692,0.00027441653395129787,3.8258500000000004,1.039068441064639,0.541828352924515,0.12325547680412373,0.00017644983133068454,0.0001698154080686855,0.0014315780191341656
428,LVA,Latvia,2021,Very High,39,NOTAPPLICABLE,False,False,False,1885593,50255494980.0,6.032,34.3,High income,34,3.828,7.931,31.04,22845.332,10.29,0.001,0.02,0.679,Europe,Northern Europe,Northern Hemisphere,57.0,25.0,4.103,2.07183908045977,1.575757575757576,0.7605598285209936,0.1943298969072165,0.0002640364342264757,3.9630240000000003,1.0352727272727273,0.4996878073382928,0.12767474226804126,0.00017347193728679456,0.00016756158325910957,0.001358702075329875
504,MAR,Morocco,2013,Medium,123,AS,False,False,False,33787573,256393198875.0,4.885,39.5,Lower middle income,56,1.675,1.83,7.93,6333.073,10.23,0.001,0.16,-0.088,Africa,Northern Africa,Northern Hemisphere,32.0,-5.0,0.15500000000000003,1.0925373134328358,2.9164179104477608,2.669398907103825,0.616015132408575,0.0007713474959154899,2.955425,1.7644328358208954,1.614986338797814,0.3726891551071879,0.0004666652350288714,0.0002644845559177985,0.0012521567333899355
504,MAR,Morocco,2014,Medium,123,AS,False,False,False,34204784,263251716082.0,4.949,39.5,Lower middle income,54,1.672,1.791,7.53,6344.875,9.062,0.001,0.161,-0.14,Africa,Northern Africa,Northern Hemisphere,32.0,-5.0,0.119,1.0711722488038278,2.959928229665072,2.7632607481853713,0.6572377158034528,0.0007799996059812053,2.9941449999999996,1.7907565789473683,1.6717727526521495,0.3976288180610889,0.00047189976161862913,0.0002635197698930239,0.0011867846096258793
504,MAR,Morocco,2015,Medium,123,AS,False,False,False,34607590,274689990243.0,5.013,39.5,Lower middle income,53,1.69,1.779,6.86,6381.802,11.165,0.001,0.165,0.996,Africa,Northern Africa,Northern Hemisphere,32.0,-5.0,0.08899999999999997,1.0526627218934912,2.9662721893491124,2.81787521079258,0.7307580174927113,0.0007855148122740255,3.0328649999999997,1.794594674556213,1.704814502529511,0.4421086005830903,0.00047523646142578536,0.00026481548628428146,0.0010749315005385627
504,MAR,Morocco,2016,Medium,123,AS,False,False,False,35023459,276121131010.0,5.151,39.5,Lower middle income,50,1.669,1.887,6.66,6376.418,11.702,0.001,0.165,0.698,Africa,Northern Africa,Northern Hemisphere,32.0,-5.0,0.21799999999999997,1.1306171360095865,3.0862792091072495,2.72972972972973,0.7734234234234234,0.0008078203154184685,3.116355,1.867198921509886,1.6514864864864864,0.46792117117117116,0.0004887312908281735,0.0002617457011130701,0.0010444735586656961
504,MAR,Morocco,2017,Medium,123,AS,False,False,False,35446395,290087315215.0,5.235,39.5,Lower middle income,52,1.724,1.883,6.89,6595.896,11.587,0.001,0.17,0.088,Africa,Northern Africa,Northern Hemisphere,32.0,-5.0,0.15900000000000003,1.0922273781902552,3.036542923433875,2.780138077535847,0.7597968069666183,0.0007936753399386528,3.1671750000000003,1.8371084686774943,1.6819835369091876,0.45967706821480414,0.000480173580662885,0.00026137464872096224,0.001044588938333776
504,MAR,Morocco,2018,Medium,123,AS,False,False,False,35839760,298981397583.0,5.254,39.5,Lower middle income,52,1.739,1.912,6.95,6747.087,16.13,0.001,0.17,-0.491,Africa,Northern Africa,Northern Hemisphere,32.0,-5.0,0.17299999999999982,1.0994824611845888,3.0212765957446805,2.747907949790795,0.7559712230215827,0.0007787064254544219,3.1786699999999994,1.8278723404255315,1.6624843096234307,0.45736258992805745,0.0004711173873999252,0.00025774085912928053,0.0010300741638576765
504,MAR,Morocco,2019,Medium,123,AS,False,False,False,36210907,307624970074.0,5.208,39.5,Lower middle income,52,1.898,2.007,6.95,7286.229,18.672,0.001,0.185,0.423,Africa,Northern Africa,Northern Hemisphere,32.0,-5.0,0.10900000000000021,1.0574288724973657,2.7439409905163332,2.5949177877429,0.7493525179856115,0.000714773032799271,3.15084,1.6600842992623817,1.5699252615844543,0.453358273381295,0.000432437684843559,0.00026049140097024123,0.0009538541816349719
504,MAR,Morocco,2020,Medium,123,AS,False,False,False,36584208,285515953096.0,5.095,39.5,Lower middle income,56,1.764,1.852,6.95,6625.93,17.233,0.001,0.184,0.034,Africa,Northern Africa,Northern Hemisphere,32.0,-5.0,0.08800000000000008,1.0498866213151927,2.8883219954648522,2.7510799136069113,0.733093525179856,0.0007689486607917681,3.0824749999999996,1.7474348072562356,1.6644033477321811,0.44352158273381287,0.0004652139397790196,0.00026622677873143843,0.001048909360648241
504,MAR,Morocco,2021,Medium,123,AS,False,False,False,36954443,308157391278.0,4.918,39.5,Lower middle income,58,1.902,2.013,6.95,7275.982,19.077,0.001,0.191,-0.086,Africa,Northern Africa,Northern Hemisphere,32.0,-5.0,0.11099999999999999,1.0583596214511042,2.5856992639327028,2.4431197218082468,0.7076258992805755,0.0006759225077797059,2.97539,1.564348054679285,1.4780874316939892,0.4281136690647482,0.0004089331172067221,0.0002614080133788126,0.0009551975252275226
484,MEX,Mexico,2013,High,86,LAC,False,False,False,118343572,1803059285337.0,7.088,48.9,Upper middle income,12,4.186,4.982,10.3,18952.084,108.269,0.012,1.404,0.265,America,Latin America and the Caribbean,Northern Hemisphere,23.0,-102.0,0.7960000000000003,1.190157668418538,1.6932632584806497,1.4227217984745082,0.6881553398058252,0.0003739958096428868,3.6219680000000003,0.8652575250836121,0.7270108390204737,0.3516473786407767,0.00019111185872751517,0.0002208728074442895,0.0005434758520487774
484,MEX,Mexico,2014,High,86,LAC,False,False,False,119784265,1854551091374.0,7.1375,48.9,Upper middle income,11,4.041,4.894,10.12,18621.592,143.018,0.013,1.365,0.312,America,Latin America and the Caribbean,Northern Hemisphere,23.0,-102.0,0.8529999999999998,1.2110863647611976,1.7662707250680523,1.458418471597875,0.7052865612648223,0.0003832916111576282,3.6472625,0.9025643405097747,0.7452518389865141,0.36040143280632414,0.000195862013301548,0.0002170061507093486,0.0005434551460476633
484,MEX,Mexico,2015,High,86,LAC,False,False,False,121072310,1916008739051.0,7.187,47.9,Upper middle income,11,3.96,4.727,9.81,18215.734,129.053,0.013,1.354,0.215,America,Latin America and the Caribbean,Northern Hemisphere,23.0,-102.0,0.7670000000000003,1.1936868686868687,1.81489898989899,1.5204146393061138,0.7326197757390418,0.00039454902009438656,3.7444270000000004,0.9455623737373738,0.7921360270784853,0.3816949031600408,0.0002055600394691754,0.00021739447886096711,0.0005385454135419413
484,MEX,Mexico,2016,High,86,LAC,False,False,False,122251344,1961906742138.0,6.778,46.9,Upper middle income,17,3.917,4.679,9.74,18618.848,130.223,0.013,1.353,-0.238,America,Latin America and the Caribbean,Northern Hemisphere,23.0,-102.0,0.7620000000000005,1.1945366351799849,1.7304059229001787,1.448600128232528,0.6958932238193017,0.00036403970857917735,3.599118,0.9188455450599949,0.7692066680914724,0.36951930184804926,0.00019330508525554316,0.0002103782145920091,0.000523125813154498
484,MEX,Mexico,2017,High,86,LAC,False,False,False,123400052,2007719438156.0,6.578,46.45,Upper middle income,22,3.763,4.544,10.05,18879.297,134.188,0.013,1.291,-0.157,America,Latin America and the Caribbean,Northern Hemisphere,23.0,-102.0,0.7809999999999997,1.2075471698113207,1.7480733457347861,1.44762323943662,0.6545273631840796,0.00034842399057549657,3.522519,0.936093276640978,0.7752022447183099,0.3504994029850746,0.00018658104695317841,0.00019931886234958855,0.0005323291433997782
484,MEX,Mexico,2018,High,86,LAC,False,False,False,124573713,2051539127317.0,6.488,46.0,Upper middle income,20,3.76,4.585,10.89,18337.242,144.553,0.013,1.275,-0.284,America,Latin America and the Caribbean,Northern Hemisphere,23.0,-102.0,0.8250000000000002,1.2194148936170213,1.7255319148936172,1.4150490730643404,0.5957759412304867,0.0003538154756315045,3.5035200000000004,0.9317872340425534,0.7641264994547439,0.3217190082644628,0.00019106035684101244,0.00020504719302935523,0.0005938733861940635
484,MEX,Mexico,2019,High,86,LAC,False,False,False,125762978,2047701179708.0,6.595,45.3,Upper middle income,19,3.723,4.476,10.85,17971.641,149.725,0.014,1.263,0.494,America,Latin America and the Caribbean,Northern Hemisphere,23.0,-102.0,0.7530000000000001,1.202256244963739,1.7714208971259737,1.4734137622877568,0.6078341013824885,0.00036696704546902535,3.607465,0.9689672307279076,0.8059573279714031,0.3324852534562212,0.00020073097387155687,0.00020715971346189254,0.0006037289527428241
484,MEX,Mexico,2020,High,86,LAC,False,False,False,126799053,1880176557054.0,6.465,44.6,Upper middle income,20,3.383,3.959,10.85,16329.474,178.82,0.014,1.22,0.13,America,Latin America and the Caribbean,Northern Hemisphere,23.0,-102.0,0.5760000000000001,1.1702630801064144,1.911025716819391,1.632988128315231,0.595852534562212,0.00039590987437807245,3.5816100000000004,1.0587082471179428,0.9046754230866382,0.3301023041474655,0.00021933407040545215,0.00020717140062196738,0.0006644427126066644
484,MEX,Mexico,2021,High,86,LAC,False,False,False,127648151,1973141022977.0,6.317,44.6,Upper middle income,25,3.501,4.223,10.85,17223.479,208.781,0.014,1.212,-0.183,America,Latin America and the Caribbean,Northern Hemisphere,23.0,-102.0,0.722,1.2062267923450443,1.8043416166809485,1.4958560265214305,0.5822119815668203,0.0003667667838768231,3.4996180000000003,0.9996052556412455,0.8287042386928725,0.3225454377880185,0.00020318879826775998,0.00020326903757365164,0.0006299540296127164
458,MYS,Malaysia,2013,Very High,62,EAP,False,False,False,30174269,615585637854.0,5.76,41.3,Upper middle income,37,8.009,8.32,19.02,36091.805,36.17,0.007,0.685,8.571,Asia,South-eastern Asia,Northern Hemisphere,2.5,112.5,0.31099999999999994,1.0388313147708828,0.7191909102259957,0.6923076923076923,0.3028391167192429,0.00015959301564441014,3.3811199999999997,0.42216506430265943,0.40638461538461534,0.17776656151419556,9.368110018326874e-05,0.00022190633025973627,0.0005269894370758127
458,MYS,Malaysia,2014,Very High,62,EAP,False,False,False,30696133,652563833807.0,5.765,41.2,Upper middle income,37,7.983,8.255,18.29,35757.457,40.296,0.007,0.691,8.08,Asia,South-eastern Asia,Northern Hemisphere,2.5,112.5,0.27200000000000113,1.0340724038581988,0.7221595891268946,0.6983646274984857,0.315199562602515,0.0001612251117298414,3.38982,0.42462983840661406,0.4106384009691096,0.18533734281027883,9.480036569714675e-05,0.00022325413129910214,0.0005115016987925063
458,MYS,Malaysia,2015,Very High,62,EAP,False,False,False,31232796,685237676618.0,5.77,41.1,Upper middle income,39,7.554,7.552,18.88,35686.035,42.81,0.007,0.666,5.602,Asia,South-eastern Asia,Northern Hemisphere,2.5,112.5,-0.002000000000000668,0.9997352396081546,0.763833730473921,0.7640360169491526,0.305614406779661,0.00016168789836136177,3.3985299999999996,0.44989806724913944,0.45001721398305083,0.18000688559322034,9.523417213484208e-05,0.000211679442672743,0.0005290584958513883
458,MYS,Malaysia,2016,Very High,62,EAP,False,False,False,31789692,715730748101.0,6.005,41.13333333333333,Upper middle income,29,7.464,7.64,18.63,36876.836,57.986,0.008,0.67,4.041,Asia,South-eastern Asia,Northern Hemisphere,2.5,112.5,0.17599999999999927,1.0235798499464093,0.8045284030010718,0.7859947643979058,0.32232957595276435,0.00016283934988348781,3.534943333333333,0.47359905323329754,0.46268891797556716,0.18974467704419395,9.585809729807982e-05,0.00020240348168698637,0.000505195185400396
458,MYS,Malaysia,2017,Very High,62,EAP,False,False,False,32355642,757336192678.0,6.084,41.16666666666667,Upper middle income,29,7.555,7.614,19.93,36732.113,74.735,0.008,0.68,3.439,Asia,South-eastern Asia,Northern Hemisphere,2.5,112.5,0.05900000000000016,1.0078093977498346,0.8052945069490404,0.7990543735224586,0.30526843953838434,0.00016563163681871502,3.5794199999999994,0.47378160158835203,0.47011032308904643,0.17959959859508276,9.744661299501066e-05,0.00020567833927767783,0.0005425770088423719
458,MYS,Malaysia,2018,Very High,62,EAP,False,False,False,32910963,794013962862.0,6.322,41.2,Upper middle income,25,7.981,8.081,19.35,36769.809,76.346,0.008,0.715,2.747,Asia,South-eastern Asia,Northern Hemisphere,2.5,112.5,0.09999999999999964,1.0125297581756671,0.792131311865681,0.7823289196881574,0.32671834625322993,0.00017193453466130324,3.717336,0.46577321137702044,0.4600094047766366,0.19211038759689922,0.00010109750638084631,0.0002170530719917528,0.0005262469543967443
458,MYS,Malaysia,2019,Very High,62,EAP,False,False,False,33440590,829053844392.0,5.339,41.03333333333334,Upper middle income,49,8.303,8.23,19.59,37119.496,79.534,0.008,0.749,2.298,Asia,South-eastern Asia,Northern Hemisphere,2.5,112.5,-0.0730000000000004,0.9912079971094785,0.6430205949656751,0.6487241798298906,0.27253700867789693,0.00014383277186737667,3.148230333333333,0.3791678108314263,0.38253102470635875,0.16070598945039985,8.481339114446308e-05,0.00022368299397168543,0.0005277550104667369
458,MYS,Malaysia,2020,Very High,62,EAP,False,False,False,33889554,783174020832.0,5.384,40.86666666666667,Upper middle income,50,7.736,7.759,19.59,35317.523,85.538,0.008,0.746,2.01,Asia,South-eastern Asia,Northern Hemisphere,2.5,112.5,0.023000000000000576,1.0029731127197519,0.6959669079627715,0.6939038535893801,0.2748340990301174,0.00015244557213143177,3.1837386666666667,0.4115484315753189,0.41032847875585343,0.16251856389314276,9.014614832038664e-05,0.00021904140899122512,0.0005546821616000646
458,MYS,Malaysia,2021,Very High,62,EAP,False,False,False,34282404,807389756202.0,5.384,40.7,Upper middle income,50,7.973,7.996,19.59,36500.762,95.275,0.008,0.741,2.135,Asia,South-eastern Asia,Northern Hemisphere,2.5,112.5,0.023000000000000576,1.002884735983946,0.6752790668506209,0.673336668334167,0.2748340990301174,0.00014750376992129645,3.192712,0.4004404866424182,0.3992886443221611,0.16297662072485963,8.746973556332879e-05,0.0002184337959848619,0.0005367011242121465
528,NLD,Netherlands,2013,Very High,10,NOTAPPLICABLE,False,False,False,16967066,735982982299.0,7.512,28.1,High income,4,9.72,10.516,29.76,62644.008,38.315,0.005,0.468,0.338,Europe,Western Europe,Northern Hemisphere,52.5,5.75,0.7959999999999994,1.0818930041152264,0.7728395061728394,0.7143400532521871,0.25241935483870964,0.0001199156988805697,5.401127999999999,0.5556716049382715,0.5136104982883225,0.18148951612903222,8.621938749512961e-05,0.0001551624857719832,0.0004750653885364423
528,NLD,Netherlands,2014,Very High,10,NOTAPPLICABLE,False,False,False,17030085,746458868661.0,7.445,28.6,High income,5,9.249,9.694,30.62,59678.543,37.048,0.005,0.444,0.373,Europe,Western Europe,Northern Hemisphere,52.5,5.75,0.4450000000000003,1.0481133095469781,0.804951886690453,0.7680008252527336,0.24314173742651862,0.0001247517051480295,5.31573,0.5747356470969834,0.5483525892304518,0.1736032005225343,8.907271747569308e-05,0.00015498032517315312,0.0005130822312468319
528,NLD,Netherlands,2015,Very High,10,NOTAPPLICABLE,False,False,False,17107429,761083250759.0,7.378,28.2,High income,6,9.584,9.391,31.34,60001.301,41.3,0.005,0.463,0.343,Europe,Western Europe,Northern Hemisphere,52.5,5.75,-0.19299999999999962,0.9798622704507512,0.7698247078464108,0.7856458311148973,0.23541799617102743,0.00012296400039725806,5.297404,0.5527341402337229,0.5640937067404962,0.16903012125079772,8.828815228523129e-05,0.00015972986985732192,0.0005223220076511342
528,NLD,Netherlands,2016,Very High,10,NOTAPPLICABLE,False,False,False,17204693,777764090323.0,7.339,28.2,High income,6,9.579,9.83,30.66,60683.609,43.12,0.005,0.466,0.357,Europe,Western Europe,Northern Hemisphere,52.5,5.75,0.25099999999999945,1.02620315272993,0.7661551310157636,0.7465920651068159,0.2393672537508154,0.00012093875300000698,5.269402,0.5500993840693184,0.5360531027466938,0.17186568819308545,8.683402465400501e-05,0.00015785152132266888,0.0005052435164164346
528,NLD,Netherlands,2017,Very High,10,NOTAPPLICABLE,False,False,False,17315376,800404023156.0,7.377,28.5,High income,5,9.373,9.571,31.74,60761.145,50.322,0.006,0.451,0.341,Europe,Western Europe,Northern Hemisphere,52.5,5.75,0.1980000000000004,1.0211245065613999,0.787047903552758,0.7707658551875457,0.23241965973534973,0.00012140982530859154,5.274555,0.562739251040222,0.5510975864590952,0.16618005671077507,8.680802509564296e-05,0.00015425976584213481,0.0005223733028730779
528,NLD,Netherlands,2018,Very High,10,NOTAPPLICABLE,False,False,False,17421285,819300805024.0,7.441,28.1,High income,5,9.085,9.499,33.03,58901.457,56.339,0.006,0.431,0.313,Europe,Western Europe,Northern Hemisphere,52.5,5.75,0.4139999999999997,1.0455696202531646,0.8190423775454044,0.7833456153279292,0.22528004844081137,0.00012632964240595949,5.350079,0.5888914694551458,0.5632254974207811,0.16197635482894338,9.083101288988488e-05,0.00015424066674615537,0.0005607671131123293
528,NLD,Netherlands,2019,Very High,10,NOTAPPLICABLE,False,False,False,17537505,835323029559.0,7.488,29.2,High income,4,8.709,9.274,32.26,58248.688,68.307,0.006,0.412,0.305,Europe,Western Europe,Northern Hemisphere,52.5,5.75,0.5649999999999995,1.0648754162360776,0.859800206682742,0.8074185896053484,0.2321140731556107,0.00012855225168333404,5.301504,0.6087385463313814,0.5716523614405867,0.16433676379417236,9.101499419180052e-05,0.00014951409721022384,0.0005538322167874407
528,NLD,Netherlands,2020,Very High,10,NOTAPPLICABLE,False,False,False,17636732,802861622095.0,7.449,26.0,High income,5,7.766,8.326,32.26,56095.609,95.868,0.006,0.39,0.3,Europe,Western Europe,Northern Hemisphere,52.5,5.75,0.5600000000000005,1.0721091939222251,0.9591810455833119,0.8946673072303627,0.23090514569125853,0.00013279114235126676,5.5122599999999995,0.7097939737316508,0.6620538073504683,0.1708698078115313,9.82654453399374e-05,0.00013844220855147504,0.0005750895760842885
528,NLD,Netherlands,2021,Very High,10,NOTAPPLICABLE,False,False,False,17730565,841906706612.0,7.464,25.7,High income,4,7.89,8.984,32.26,57247.258,115.929,0.006,0.379,0.297,Europe,Western Europe,Northern Hemisphere,52.5,5.75,1.0940000000000003,1.1386565272496831,0.9460076045627377,0.8308103294746216,0.23137011779293246,0.00013038179051300588,5.545752,0.7028836501901141,0.6172920747996439,0.17190799752014882,9.687367035116336e-05,0.00013782319495546843,0.0005635204397038545
578,NOR,Norway,2013,Very High,2,NOTAPPLICABLE,False,False,False,5080126,414445317738.0,7.655,26.4,High income,2,8.767,10.529,44.25,102996.664,335.291,0.001,0.126,0.894,Europe,Northern Europe,Northern Hemisphere,62.0,10.0,1.7620000000000005,1.2009809512946277,0.8731607163225734,0.7270396049007504,0.1729943502824859,7.432279554219348e-05,5.63408,0.642646287213414,0.5351011492069522,0.1273238418079096,5.47015775190544e-05,8.511926172676816e-05,0.0004296255653484078
578,NOR,Norway,2014,Very High,2,NOTAPPLICABLE,False,False,False,5137397,422933730082.0,7.5885,26.8,High income,3,8.754,10.259,41.48,105489.086,352.653,0.001,0.127,0.952,Europe,Northern Europe,Northern Hemisphere,62.0,10.0,1.5050000000000008,1.171921407356637,0.8668608636052091,0.7396919777756116,0.18294358727097398,7.193635178524535e-05,5.554781999999999,0.634542152159013,0.5414545277317476,0.13391470588235294,5.265740950679959e-05,8.298488812387662e-05,0.0003932160337421067
578,NOR,Norway,2015,Very High,2,NOTAPPLICABLE,False,False,False,5189777,430788988142.0,7.522,27.5,High income,3,8.772,10.552,36.13,105836.883,356.444,0.001,0.129,1.014,Europe,Northern Europe,Northern Hemisphere,62.0,10.0,1.7799999999999994,1.2029183766529867,0.8575011399908801,0.7128506444275967,0.20819263769720453,7.107163199430202e-05,5.45345,0.621688326493388,0.5168167172100077,0.1509396623304733,5.152693319586897e-05,8.288225948604326e-05,0.0003413743770212885
578,NOR,Norway,2016,Very High,2,NOTAPPLICABLE,False,False,False,5235974,435806553454.0,7.498,28.5,High income,3,8.539,9.402,38.26,106500.5,368.554,0.001,0.126,1.072,Europe,Northern Europe,Northern Hemisphere,62.0,10.0,0.8629999999999995,1.1010656985595502,0.8780887691767186,0.7974898957668582,0.19597490852064822,7.040342533603128e-05,5.361070000000001,0.6278334699613539,0.5702052754733037,0.14012205959226348,5.033844911526237e-05,8.017802733320501e-05,0.0003592471396847902
578,NOR,Norway,2017,Very High,2,NOTAPPLICABLE,False,False,False,5276807,446543702505.0,7.537,27.0,High income,1,8.376,9.309,38.63,106154.727,369.764,0.001,0.123,1.156,Europe,Northern Europe,Northern Hemisphere,62.0,10.0,0.9329999999999998,1.1113896848137537,0.8998328557784145,0.809646578579869,0.1951074294589697,7.10001354909047e-05,5.502009999999999,0.6568779847182425,0.5910420023633043,0.14242842350504786,5.183009890836043e-05,7.890369309696402e-05,0.00036390277749948904
578,NOR,Norway,2018,Very High,2,NOTAPPLICABLE,False,False,False,5311751,450245217440.0,7.594,27.6,High income,2,8.372,9.161,36.73,103850.727,360.424,0.001,0.121,1.155,Europe,Northern Europe,Northern Hemisphere,62.0,10.0,0.7889999999999997,1.0942427138079311,0.9070711896798854,0.8289488047156425,0.206751973863327,7.312418718070217e-05,5.498056,0.656719541328237,0.6001589346141252,0.14968842907704874,5.294191151882837e-05,8.061570912257552e-05,0.0003536807209833013
578,NOR,Norway,2019,Very High,2,NOTAPPLICABLE,False,False,False,5347733,455304831150.0,7.554,27.7,High income,3,8.016,9.031,38.82,96479.188,330.294,0.001,0.116,1.228,Europe,Northern Europe,Northern Hemisphere,62.0,10.0,1.0150000000000006,1.126621756487026,0.9423652694610779,0.836452220130661,0.19459041731066462,7.829667886508333e-05,5.461542000000001,0.6813300898203594,0.604754955154468,0.14068887171561054,5.660849881945525e-05,8.308527638105744e-05,0.00040236657049808506
578,NOR,Norway,2020,Very High,2,NOTAPPLICABLE,False,False,False,5379275,449485260525.0,7.488,28.4,High income,4,7.673,8.672,38.82,103430.57,377.977,0.002,0.117,1.221,Europe,Northern Europe,Northern Hemisphere,62.0,10.0,0.9990000000000006,1.1301967939528217,0.9758894826013293,0.8634686346863468,0.1928902627511592,7.239639112498365e-05,5.361408,0.6987368695425518,0.6182435424354243,0.13810942812983,5.183581604548829e-05,7.418503059588669e-05,0.0003753242392457085
578,NOR,Norway,2021,Very High,2,NOTAPPLICABLE,False,False,False,5408082,467007972731.0,7.392,29.1,High income,5,7.592,7.809,38.82,105249.945,388.789,0.002,0.111,1.329,Europe,Northern Europe,Northern Hemisphere,62.0,10.0,0.21700000000000053,1.028582718651212,0.9736564805057957,0.9466000768344218,0.19041731066460588,7.023281579862108e-05,5.240928,0.6903224446786091,0.6711394544756051,0.13500587326120558,4.9795066401222344e-05,7.213305432131104e-05,0.0003688362972541221
586,PAK,Pakistan,2013,Low,161,SA,False,False,False,211073979,918328534363.0,5.292,29.5,Lower middle income,48,0.702,0.783,2.9,3673.495,81.284,0.002,0.42,0.044,Asia,Southern Asia,Northern Hemisphere,30.0,70.0,0.08100000000000007,1.1153846153846154,7.538461538461538,6.758620689655172,1.8248275862068966,0.0014405899558866966,3.7308600000000003,5.314615384615386,4.764827586206897,1.2865034482758622,0.001015615918900121,0.000191098667617623,0.0007894389403007218
586,PAK,Pakistan,2014,Low,161,SA,False,False,False,214264649,961516822345.0,5.243,30.4,Lower middle income,47,0.704,0.798,3.06,3669.797,83.786,0.002,0.425,0.023,Asia,Southern Asia,Northern Hemisphere,30.0,70.0,0.09400000000000008,1.1335227272727273,7.4474431818181825,6.5701754385964914,1.7133986928104576,0.0014286893798212818,3.649128,5.183420454545455,4.572842105263158,1.1925254901960785,0.0009943678083556122,0.0001918362241835175,0.0008338335880704028
586,PAK,Pakistan,2015,Low,161,SA,False,False,False,217290884,1010825281718.0,5.194,31.3,Lower middle income,47,0.667,0.79,3.09,3816.599,85.717,0.003,0.409,0.139,Asia,Southern Asia,Northern Hemisphere,30.0,70.0,0.123,1.184407796101949,7.787106446776611,6.574683544303797,1.680906148867314,0.001360897490147642,3.5682780000000003,5.3497421289355325,4.516807594936709,1.1547825242718448,0.00093493657573143,0.00017476292374441225,0.0008096213408849081
586,PAK,Pakistan,2016,Low,161,SA,False,False,False,220138863,1061146810870.0,5.132,30.733333333333334,Lower middle income,52,0.803,0.959,3.37,4090.315,91.974,0.003,0.499,0.123,Asia,Southern Asia,Northern Hemisphere,30.0,70.0,0.15599999999999992,1.1942714819427147,6.391033623910335,5.35140771637122,1.5228486646884272,0.0012546710950134647,3.554765333333333,4.426855956828559,3.7067417448731317,1.0548265084075172,0.0008690688451459932,0.00019631739853776545,0.0008238974259928637
586,PAK,Pakistan,2017,Low,161,SA,False,False,False,223273974,1117267177186.0,5.269,30.166666666666668,Lower middle income,50,0.949,1.091,3.67,4263.787,84.925,0.003,0.589,0.069,Asia,Southern Asia,Northern Hemisphere,30.0,70.0,0.14200000000000002,1.149631190727081,5.552160168598525,4.829514207149405,1.4356948228882835,0.0012357559136983156,3.679518333333333,3.8772585177379693,3.3726107546593336,1.0025935513169844,0.0008629695463993236,0.00022257209377485318,0.0008607371803516451
586,PAK,Pakistan,2018,Low,161,SA,False,False,False,226928893,1165406508457.0,5.472,29.6,Lower middle income,48,0.897,1.027,3.54,4263.363,85.395,0.003,0.554,-0.015,Asia,Southern Asia,Northern Hemisphere,30.0,70.0,0.1299999999999999,1.144927536231884,6.1003344481605355,5.328140214216164,1.5457627118644068,0.0012834938052424811,3.852288,4.294635451505017,3.75101071080818,1.0882169491525424,0.0009035796388907067,0.0002103972849602532,0.0008303304222511664
586,PAK,Pakistan,2019,Low,161,SA,False,False,False,230800908,1172330212219.0,5.653,29.6,Lower middle income,44,0.827,0.95,3.45,4218.508,100.903,0.003,0.515,0.053,Asia,Southern Asia,Northern Hemisphere,30.0,70.0,0.123,1.1487303506650544,6.835550181378476,5.950526315789474,1.638550724637681,0.0013400472394505356,3.9797119999999997,4.812227327690447,4.189170526315789,1.1535397101449274,0.000943393256573177,0.0001960408751150881,0.0008178246906252164
586,PAK,Pakistan,2020,Low,161,SA,False,False,False,235001745,1202026422230.0,5.693,29.6,Lower middle income,45,0.917,1.024,3.45,4083.671,109.215,0.003,0.613,-0.031,Asia,Southern Asia,Northern Hemisphere,30.0,70.0,0.10699999999999998,1.1166848418756816,6.208287895310796,5.559570312499999,1.6501449275362317,0.0013940887990242113,4.007872,4.3706346782988,3.9139375,1.1617020289855071,0.0009814385145130449,0.00022455285942476759,0.0008448280970724625
586,PAK,Pakistan,2021,Low,161,SA,False,False,False,239477805,1278204948031.0,4.934,29.6,Lower middle income,57,1.017,1.14,3.45,4451.399,105.111,0.003,0.661,-0.041,Asia,Southern Asia,Northern Hemisphere,30.0,70.0,0.123,1.12094395280236,4.851524090462144,4.328070175438597,1.430144927536232,0.0011084155790123508,3.4735359999999997,3.4154729596853493,3.0469614035087718,1.0068220289855072,0.000780324567624695,0.00022846749976805042,0.0007750372411010561
604,PER,Peru,2013,High,84,LAC,False,False,False,29817908,274939626306.0,5.776,43.9,Upper middle income,36,1.433,1.974,9.15,8806.167,64.66,0.003,0.121,1.308,America,Latin America and the Caribbean,Southern Hemisphere,-10.0,-76.0,0.5409999999999999,1.3775296580600138,4.030704815073273,2.9260385005065856,0.6312568306010928,0.0006559039818345484,3.2403359999999997,2.2612254012561057,1.6415075987841943,0.35413508196721305,0.00036796213380918167,0.0001627268708394924,0.0010390445695613087
604,PER,Peru,2014,High,84,LAC,False,False,False,30115825,281488723310.0,5.8,43.1,Upper middle income,36,1.64,2.105,9.45,8926.504,65.648,0.003,0.139,2.428,America,Latin America and the Caribbean,Southern Hemisphere,-10.0,-76.0,0.4650000000000001,1.2835365853658538,3.5365853658536586,2.7553444180522564,0.6137566137566138,0.0006497504510164337,3.3002,2.0123170731707316,1.567790973871734,0.3492275132275132,0.00036970800662835076,0.00018372254132188813,0.0010586451313974652
604,PER,Peru,2015,High,84,LAC,False,False,False,30457598,290642734598.0,5.824,43.4,Upper middle income,36,1.615,2.097,9.58,9247.921,69.108,0.003,0.139,1.291,America,Latin America and the Caribbean,Southern Hemisphere,-10.0,-76.0,0.482,1.298452012383901,3.606191950464396,2.777300906056271,0.6079331941544885,0.0006297631651481451,3.296384,2.0411046439628486,1.5719523128278494,0.3440901878914405,0.00035644595147385017,0.00017463384473115633,0.0010359085031111316
604,PER,Peru,2016,High,84,LAC,False,False,False,30866497,302131843581.0,5.743,43.6,Upper middle income,40,1.707,2.153,9.32,9684.865,69.438,0.003,0.149,1.325,America,Latin America and the Caribbean,Southern Hemisphere,-10.0,-76.0,0.44599999999999995,1.261277094317516,3.3643819566490922,2.667440780306549,0.6162017167381975,0.0005929870989425253,3.2390520000000005,1.897511423550088,1.504436600092894,0.3475377682403434,0.00033444472380358433,0.00017625439280774695,0.0009623262688741661
604,PER,Peru,2017,High,84,LAC,False,False,False,31324639,309742529723.0,5.715,43.3,Upper middle income,41,1.747,2.181,9.32,9691.741,82.497,0.003,0.152,0.909,America,Latin America and the Caribbean,Southern Hemisphere,-10.0,-76.0,0.43399999999999994,1.2484258729250142,3.2713222667429878,2.6203576341127923,0.6131974248927038,0.0005896773345470127,3.2404049999999995,1.8548397252432738,1.485742778541953,0.34768293991416305,0.0003343470486881562,0.00018025657103300637,0.0009616435272052771
604,PER,Peru,2018,High,84,LAC,False,False,False,31897590,322061010919.0,5.663,42.4,Upper middle income,43,1.756,2.213,9.24,9982.715,88.46,0.004,0.152,0.777,America,Latin America and the Caribbean,Southern Hemisphere,-10.0,-76.0,0.4570000000000001,1.260250569476082,3.2249430523917995,2.5589697243560776,0.6128787878787879,0.0005672805444210318,3.2618880000000003,1.8575671981776767,1.4739665612291009,0.35301818181818184,0.0003267535935865143,0.00017590405015068545,0.0009255998994261582
604,PER,Peru,2019,High,84,LAC,False,False,False,32449302,329252610797.0,5.697,41.5,Upper middle income,42,1.808,2.242,9.43,10064.474,90.071,0.004,0.158,0.764,America,Latin America and the Caribbean,Southern Hemisphere,-10.0,-76.0,0.43399999999999994,1.2400442477876106,3.150995575221239,2.541034790365745,0.604135737009544,0.0005660504463521888,3.3327449999999996,1.8433324115044245,1.4865053523639606,0.3534194061505832,0.00033113951111603046,0.00017964177760308188,0.0009369590502196141
604,PER,Peru,2020,High,84,LAC,False,False,False,32838577,292988745490.0,5.797,43.7,Upper middle income,44,1.438,1.866,9.43,8766.572,87.938,0.004,0.134,0.571,America,Latin America and the Caribbean,Southern Hemisphere,-10.0,-76.0,0.42800000000000016,1.2976356050069542,4.031293463143254,3.1066452304394425,0.6147401908801696,0.000661261893474439,3.2637109999999994,2.2696182197496517,1.7490412647374058,0.3460987274655355,0.0003722904460261091,0.00016403218954911907,0.0010756770149152942
604,PER,Peru,2021,High,84,LAC,False,False,False,33155883,332691638600.0,5.84,40.1,Upper middle income,44,1.808,2.195,9.43,9877.367,92.159,0.004,0.163,0.531,America,Latin America and the Caribbean,Southern Hemisphere,-10.0,-76.0,0.3869999999999998,1.2140486725663715,3.230088495575221,2.6605922551252847,0.6193001060445387,0.0005912506845194676,3.49816,1.9348230088495575,1.5936947608200456,0.3709607635206787,0.00035415916002716106,0.0001830447324676708,0.0009547078690100307
608,PHL,Philippines,2013,Medium,116,EAP,False,False,False,102076334,674346563689.0,4.985,44.6,Lower middle income,53,0.929,1.275,5.55,3778.861,60.254,0.007,0.269,0.789,Asia,South-eastern Asia,Northern Hemisphere,13.0,122.0,0.34599999999999986,1.3724434876210978,5.365984930032293,3.9098039215686278,0.8981981981981982,0.0013191805679012803,2.76169,2.97275565123789,2.16603137254902,0.49760180180180186,0.0007308260346173094,0.0002458412733360661,0.0014686965199302118
608,PHL,Philippines,2014,Medium,116,EAP,False,False,False,103767127,717154029846.0,5.029,44.6,Lower middle income,53,0.964,1.321,7.66,3909.477,60.627,0.007,0.282,0.624,Asia,South-eastern Asia,Northern Hemisphere,13.0,122.0,0.357,1.370331950207469,5.216804979253112,3.8069644208932627,0.6565274151436031,0.001286361321475993,2.7860660000000004,2.8901099585062244,2.1090582891748677,0.3637161879895562,0.0007126441720977001,0.0002465802970576371,0.0019593413645866186
608,PHL,Philippines,2015,Medium,116,EAP,False,False,False,105312988,762678999551.0,5.073,44.6,Lower middle income,52,1.054,1.368,7.77,4220.296,64.522,0.007,0.314,0.55,Asia,South-eastern Asia,Northern Hemisphere,13.0,122.0,0.31400000000000006,1.2979127134724857,4.813092979127135,3.7083333333333335,0.652895752895753,0.0012020483871273485,2.8104420000000006,2.666453510436433,2.054416666666667,0.3617042471042472,0.0006659348064685511,0.00024974551548043075,0.0018411030885037444
608,PHL,Philippines,2016,Medium,116,EAP,False,False,False,106735721,817202925336.0,5.279,43.833333333333336,Lower middle income,48,1.126,1.541,8.16,4547.887,67.591,0.007,0.34,0.534,Asia,South-eastern Asia,Northern Hemisphere,13.0,122.0,0.41500000000000004,1.3685612788632326,4.6882770870337485,3.425697598961713,0.646936274509804,0.001160758831518901,2.965038333333333,2.6332489638839554,1.924100151416829,0.3633625408496732,0.0006519595437031161,0.00024758750602202735,0.001794239830497108
608,PHL,Philippines,2017,Medium,116,EAP,False,False,False,108119691,873843247356.0,5.43,43.06666666666666,Lower middle income,46,1.235,1.637,8.45,4925.253,70.595,0.007,0.371,0.513,Asia,South-eastern Asia,Northern Hemisphere,13.0,122.0,0.4019999999999999,1.3255060728744938,4.396761133603238,3.3170433720219914,0.642603550295858,0.0011024814359790248,3.09148,2.5032226720647768,1.8885033598045202,0.3658556213017752,0.0006276794308840582,0.00025074854022727363,0.0017156479068181879
608,PHL,Philippines,2018,Medium,116,EAP,False,False,False,109465284,929253628653.0,5.524,42.3,Lower middle income,45,1.278,1.686,8.39,5028.468,71.161,0.007,0.381,0.45,Asia,South-eastern Asia,Northern Hemisphere,13.0,122.0,0.4079999999999999,1.3192488262910798,4.322378716744914,3.2763938315539742,0.6584028605482717,0.001098545322352653,3.1873479999999996,2.494012519561815,1.8904792408066429,0.37989845053635274,0.0006338606509974807,0.0002541529547369099,0.001668500227106944
608,PHL,Philippines,2019,Medium,116,EAP,False,False,False,110804685,986114678778.0,5.631,41.766666666666666,Lower middle income,46,1.287,1.682,8.77,5109.184,68.341,0.007,0.385,0.418,Asia,South-eastern Asia,Northern Hemisphere,13.0,122.0,0.395,1.306915306915307,4.375291375291376,3.3478002378121285,0.6420752565564425,0.0011021329433428117,3.279119,2.5478780108780112,1.949535671819263,0.3739018244013683,0.0006418087506732973,0.00025189932482369,0.0017165167666695893
608,PHL,Philippines,2020,Medium,116,EAP,False,False,False,112081270,892256290776.0,6.006,41.233333333333334,Lower middle income,35,1.173,1.566,8.77,4583.8,66.528,0.007,0.374,0.403,Asia,South-eastern Asia,Northern Hemisphere,13.0,122.0,0.393,1.3350383631713556,5.120204603580563,3.835249042145594,0.6848346636259978,0.0013102665910380033,3.529526,3.008973572037511,2.2538480204342273,0.402454503990878,0.00077,0.00025590121733059905,0.0019132597408263884
608,PHL,Philippines,2021,Medium,116,EAP,False,False,False,113100947,943141651518.0,5.88,40.7,Lower middle income,42,1.24,1.695,8.77,4823.633,71.183,0.007,0.38,0.347,Asia,South-eastern Asia,Northern Hemisphere,13.0,122.0,0.45500000000000007,1.3669354838709677,4.741935483870968,3.469026548672566,0.6704675028506272,0.0012189982115140185,3.48684,2.811967741935484,2.057132743362832,0.3975872291904219,0.000722865939427813,0.000257067650047174,0.0018181316862207386
616,POL,Poland,2013,Very High,34,NOTAPPLICABLE,False,False,False,38259267,863601156195.0,5.822,33.1,High income,35,8.41,7.949,16.55,29569.779,57.048,0.013,0.912,-1.26,Europe,Eastern Europe,Northern Hemisphere,52.0,20.0,-0.4610000000000003,0.9451843043995244,0.6922711058263972,0.7324191722229212,0.35178247734138973,0.00019689021010268627,3.894918,0.4631293697978597,0.48998842621713423,0.23534247734138972,0.0001317195505586971,0.00028441200050903325,0.0005596930568875744
616,POL,Poland,2014,Very High,34,NOTAPPLICABLE,False,False,False,38265113,896737189458.0,5.8065,32.8,High income,35,8.086,7.79,17.12,28468.607,64.378,0.013,0.872,-1.279,Europe,Eastern Europe,Northern Hemisphere,52.0,20.0,-0.29600000000000026,0.9633935196636161,0.718093000247341,0.7453786906290115,0.3391647196261682,0.00020396150749490483,3.901968,0.4825584961662132,0.5008944801026958,0.22791869158878503,0.00013706213303657606,0.00028403216216374763,0.000601364162285847
616,POL,Poland,2015,Very High,34,NOTAPPLICABLE,False,False,False,38266314,936043804062.0,5.791,31.8,High income,38,8.168,7.816,17.55,28824.648,70.274,0.013,0.883,-1.242,Europe,Eastern Europe,Northern Hemisphere,52.0,20.0,-0.3519999999999994,0.9569049951028404,0.7089862879529873,0.7409160696008189,0.32997150997151,0.00020090444816533407,3.949462,0.4835286483839374,0.5053047594677584,0.2250405698005698,0.00013701683364875783,0.0002833685948220425,0.0006088539225179784
616,POL,Poland,2016,Very High,34,NOTAPPLICABLE,False,False,False,38263260,963689941627.0,5.835,31.2,High income,35,8.449,7.959,17.96,30061.346,67.435,0.013,0.913,-1.161,Europe,Eastern Europe,Northern Hemisphere,52.0,20.0,-0.4900000000000002,0.9420049710024855,0.6906142738785656,0.7331323030531474,0.32488864142538976,0.00019410308507144023,4.01448,0.47514262042845307,0.5043950245005654,0.22352338530066812,0.00013354292252915087,0.0002810586059586287,0.0005974449713595658
616,POL,Poland,2017,Very High,34,NOTAPPLICABLE,False,False,False,38254964,1013223736654.0,5.973,29.7,High income,31,8.796,8.295,17.93,31585.154,71.379,0.013,0.935,-1.133,Europe,Eastern Europe,Northern Hemisphere,52.0,20.0,-0.5009999999999994,0.9430422919508868,0.6790586630286494,0.7200723327305606,0.33312883435582824,0.00018910783211631643,4.199019000000001,0.47737824010914065,0.5062108499095842,0.23418957055214729,0.00013294280597777046,0.00027848526557761917,0.0005676717612331414
616,POL,Poland,2018,Very High,34,NOTAPPLICABLE,False,False,False,38241070,1073462064151.0,6.123,30.2,High income,29,8.779,8.597,17.78,31957.33,68.534,0.013,0.914,-0.612,Europe,Eastern Europe,Northern Hemisphere,52.0,20.0,-0.18200000000000038,0.9792687094202073,0.6974598473630255,0.7122251948354078,0.34437570303712034,0.00019159923560572802,4.273854,0.48682697345939174,0.4971331859951146,0.24037424071991,0.00013373626645279813,0.0002747100586938896,0.0005563668804621663
616,POL,Poland,2019,Very High,34,NOTAPPLICABLE,False,False,False,38225884,1121231497071.0,6.182,28.8,High income,27,8.304,8.101,17.85,31059.262,79.444,0.013,0.856,-0.309,Europe,Eastern Europe,Northern Hemisphere,52.0,20.0,-0.2029999999999994,0.975553949903661,0.7444605009633911,0.763115664732749,0.3463305322128851,0.00019903885675068522,4.401584,0.5300558766859345,0.5433383532897172,0.2465873389355742,0.00014171566600648786,0.0002673598619310401,0.0005747077956971419
616,POL,Poland,2020,Very High,34,NOTAPPLICABLE,False,False,False,38171005,1098581305284.0,6.186,28.5,High income,29,7.914,7.549,17.85,29845.539,87.02,0.013,0.859,-0.753,Europe,Eastern Europe,Northern Hemisphere,52.0,20.0,-0.3649999999999993,0.9538792014152137,0.7816527672479151,0.819446284276063,0.3465546218487395,0.00020726715640819889,4.42299,0.5588817285822594,0.5859040932573851,0.24778655462184873,0.00014819601683186223,0.000265165256355397,0.0005980793310517864
616,POL,Poland,2021,Very High,34,NOTAPPLICABLE,False,False,False,38040303,1173809548862.0,6.166,28.5,High income,31,8.693,8.258,17.85,32196.334,92.762,0.014,0.897,-0.832,Europe,Eastern Europe,Northern Hemisphere,52.0,20.0,-0.4350000000000005,0.9499597377200045,0.7093063384332222,0.7466698958585615,0.34543417366946777,0.00019151248710489835,4.408690000000001,0.507154031979754,0.5338689755388716,0.2469854341736695,0.00013693142828000236,0.0002699996838149337,0.0005544109462897236
620,PRT,Portugal,2013,Very High,38,NOTAPPLICABLE,False,False,False,10458287,250405237435.0,5.101,36.2,High income,49,4.604,4.872,12.56,27696.83,80.419,0.001,0.136,-0.353,Europe,Southern Europe,Northern Hemisphere,39.5,-8.0,0.2679999999999998,1.0582102519548218,1.1079496090356211,1.0470032840722496,0.4061305732484076,0.00018417270135246522,3.2544379999999995,0.7068718505647262,0.6679880952380951,0.25911130573248403,0.0001175021834628728,0.00016622840953278768,0.00045348149950734433
620,PRT,Portugal,2014,Very High,38,NOTAPPLICABLE,False,False,False,10406203,252388910611.0,5.1015,35.6,High income,49,4.607,4.793,12.83,28038.432,85.419,0.001,0.135,-0.397,Europe,Southern Europe,Northern Hemisphere,39.5,-8.0,0.18599999999999994,1.0403733449099197,1.10733666160191,1.064364698518673,0.39762275915822287,0.00018194669373808062,3.2853659999999993,0.71312481007163,0.6854508658460253,0.2560690568978955,0.00011717367076732391,0.00016431018681786487,0.0004575862159481671
620,PRT,Portugal,2015,Very High,38,NOTAPPLICABLE,False,False,False,10370264,256911888409.0,5.102,35.5,High income,50,5.037,5.08,13.33,27918.504,67.745,0.001,0.148,-0.421,Europe,Southern Europe,Northern Hemisphere,39.5,-8.0,0.04300000000000015,1.0085368274766726,1.0129045066507842,1.0043307086614173,0.38274568642160545,0.00018274618152892434,3.2907900000000003,0.6533234067897559,0.6477933070866142,0.2468709677419355,0.0001178712870861562,0.000180417976550606,0.000477461113245896
620,PRT,Portugal,2016,Very High,38,NOTAPPLICABLE,False,False,False,10346377,262100101273.0,5.123,35.2,High income,53,4.863,5.346,13.55,29949.295,86.212,0.001,0.142,-0.251,Europe,Southern Europe,Northern Hemisphere,39.5,-8.0,0.48299999999999965,1.0993214065391732,1.0534649393378572,0.9582865693976805,0.37808118081180814,0.0001710557794432223,3.3197039999999998,0.6826452806909314,0.620969696969697,0.24499660516605162,0.00011084414507920804,0.00016237443986577983,0.00045243135105517516
620,PRT,Portugal,2017,Very High,38,NOTAPPLICABLE,False,False,False,10330838,271290329012.0,5.195,33.8,High income,54,5.34,5.756,13.98,29221.047,61.549,0.001,0.153,-0.082,Europe,Southern Europe,Northern Hemisphere,39.5,-8.0,0.41600000000000037,1.0779026217228465,0.9728464419475656,0.9025364836692148,0.37160228898426323,0.00017778281524272557,3.43909,0.6440243445692885,0.5974791521890201,0.24600071530758227,0.00011769222369068433,0.00018274499199156006,0.00047842228240487075
620,PRT,Portugal,2018,Very High,38,NOTAPPLICABLE,False,False,False,10325355,279020275961.0,5.41,33.5,High income,49,4.972,5.56,12.34,29450.785,78.575,0.001,0.14,0.942,Europe,Southern Europe,Northern Hemisphere,39.5,-8.0,0.5879999999999992,1.1182622687047463,1.088093322606597,0.973021582733813,0.43841166936790926,0.0001836962919664111,3.5976500000000002,0.723582059533387,0.6470593525179857,0.29154376012965966,0.00012215803415766338,0.0001688240228571157,0.00041900411143539976
620,PRT,Portugal,2019,Very High,38,NOTAPPLICABLE,False,False,False,10343218,286505655767.0,5.693,32.8,High income,43,4.6,5.226,12.25,28333.217,73.342,0.001,0.128,0.332,Europe,Southern Europe,Northern Hemisphere,39.5,-8.0,0.6260000000000003,1.1360869565217393,1.237608695652174,1.0893608878683505,0.464734693877551,0.00020093023676061916,3.8256959999999998,0.8316730434782609,0.7320505166475315,0.3123017142857143,0.00013502511910313606,0.0001623536077812837,0.00043235471637407077
620,PRT,Portugal,2020,Very High,38,NOTAPPLICABLE,False,False,False,10370519,262724232089.0,5.911,34.7,High income,41,4.025,4.704,12.25,25577.088,79.964,0.001,0.119,0.19,Europe,Southern Europe,Northern Hemisphere,39.5,-8.0,0.6789999999999994,1.168695652173913,1.4685714285714284,1.2565901360544218,0.4825306122448979,0.00023110527672266678,3.859883,0.9589771428571428,0.8205533588435374,0.31509248979591836,0.00015091174569990142,0.00015736740632866418,0.000478944280130717
620,PRT,Portugal,2021,Very High,38,NOTAPPLICABLE,False,False,False,10390957,277181288542.0,5.929,34.6,High income,39,3.878,4.851,12.25,25646.334,84.396,0.001,0.109,0.108,Europe,Southern Europe,Northern Hemisphere,39.5,-8.0,0.9729999999999999,1.2509025270758123,1.5288808664259927,1.2222222222222223,0.48400000000000004,0.00023118313907944895,3.877566,0.9998880866425992,0.7993333333333333,0.316536,0.00015119377295795962,0.00015121069545456285,0.00047765111380051437
634,QAT,Qatar,2013,Very High,42,AS,False,False,False,2032650,327388964338.0,6.666,35.1,High income,21,44.982,27.314,41.15,237978.625,0.249,0.001,0.259,0.021,Asia,Western Asia,Northern Hemisphere,25.5,51.25,-17.668,0.6072206660441954,0.14819261037748432,0.24405066998608774,0.16199270959902795,2.8010919047876676e-05,4.326234,0.09617700413498734,0.15838888482097094,0.10513326852976915,1.8179086462071962e-05,0.0001890169757893172,0.00017291468929194796
634,QAT,Qatar,2014,Very High,42,AS,False,False,False,2218378,344851898869.0,6.6385000000000005,35.1,High income,21,41.31,28.178,46.8,233130.469,0.335,0.001,0.258,0.011,Asia,Western Asia,Northern Hemisphere,25.5,51.25,-13.132000000000001,0.6821108690389736,0.16069958847736626,0.23559159628078644,0.14184829059829063,2.847547138937039e-05,4.3083865,0.10429403292181069,0.15289894598623038,0.0920595405982906,1.848058093170138e-05,0.00017719691543193353,0.0002007459608379203
634,QAT,Qatar,2015,Very High,42,AS,False,False,False,2427340,361242719905.0,6.611,35.1,High income,21,38.441,30.199,47.71,245295.047,0.389,0.001,0.264,0.007,Asia,Western Asia,Northern Hemisphere,25.5,51.25,-8.242,0.785593506932702,0.17197783616451184,0.2189145335938276,0.13856633829385873,2.695121683398687e-05,4.290539,0.11161361567076818,0.14207553230239411,0.08992955355271431,1.7491339725257477e-05,0.00015671331512861735,0.00019450046213122273
634,QAT,Qatar,2016,Very High,42,AS,False,False,False,2599382,372311173588.0,6.375,35.1,High income,26,35.154,29.394,51.08,225636.406,0.405,0.001,0.258,0.014,Asia,Western Asia,Northern Hemisphere,25.5,51.25,-5.760000000000005,0.8361495135688682,0.1813449394094555,0.21688099612165748,0.12480422866092404,2.825341935290354e-05,4.1373750000000005,0.11769286567673665,0.14075576648295574,0.08099794440093971,1.83364691600344e-05,0.00015579932610697587,0.0002263819075366765
634,QAT,Qatar,2017,Very High,42,AS,False,False,False,2706716,366733973367.0,6.375,35.1,High income,26,39.035,28.953,44.9,208396.75,0.424,0.001,0.294,0.025,Asia,Western Asia,Northern Hemisphere,25.5,51.25,-10.081999999999997,0.7417189701549891,0.16331497374151405,0.2201844368459227,0.14198218262806236,3.059068819451359e-05,4.1373750000000005,0.10599141795824263,0.14289969951300385,0.09214643652561248,1.985335663823932e-05,0.00018731098253691575,0.00021545441567586825
634,QAT,Qatar,2018,Very High,42,AS,False,False,False,2761144,371263146890.0,6.374,35.1,High income,24,37.166,27.513,33.57,207650.469,0.441,0.001,0.279,0.013,Asia,Western Asia,Northern Hemisphere,25.5,51.25,-9.652999999999995,0.7402733681321639,0.17150083409567884,0.23167230036709915,0.189871909442955,3.069581316476583e-05,4.136726,0.11130404132809558,0.15035532293824738,0.12322686922847782,1.992158274393303e-05,0.00017898346283051254,0.00016166590021041562
634,QAT,Qatar,2019,Very High,42,AS,False,False,False,2797927,373817411294.0,6.374,35.1,High income,22,36.252,27.843,33.72,209158.016,0.388,0.001,0.273,0.008,Asia,Western Asia,Northern Hemisphere,25.5,51.25,-8.409000000000002,0.7680403839788149,0.17582478208098862,0.22892648062349602,0.18902728351126927,3.0474567133013918e-05,4.136726,0.11411028357056163,0.14857328592464894,0.12267870699881378,1.9777994069326038e-05,0.00017332350293473812,0.00016121782298795566
634,QAT,Qatar,2020,Very High,42,AS,False,False,False,2803375,360517012801.0,6.353932988447937,35.1,High income,25,36.145,28.162,33.72,183122.625,0.441,0.001,0.288,0.006,Asia,Western Asia,Northern Hemisphere,25.5,51.25,-7.983000000000004,0.7791395767049384,0.17579009512928306,0.22562080066926843,0.18843217640711557,3.4697694992347e-05,4.123702509502712,0.11408777173890473,0.14642789963435524,0.12229248248821803,2.2518804050033206e-05,0.00019738139948572713,0.00018413890692097712
634,QAT,Qatar,2021,Very High,42,AS,False,False,False,2814988,366245595916.0,6.311788275484552,35.1,High income,26,37.082,26.448,33.72,192920.656,0.439,0.001,0.283,0.004,Asia,Western Asia,Northern Hemisphere,25.5,51.25,-10.634,0.7132301386117254,0.17021164649923282,0.23864898198293072,0.18718233319942323,3.2717016447863164e-05,4.096350590789474,0.1104673585780021,0.15488318930692205,0.1214813342464257,2.12333436746632e-05,0.00019221373578576264,0.0001747868823336367
642,ROU,Romania,2013,Very High,53,NOTAPPLICABLE,False,False,False,20062913,357789262640.0,5.033,36.9,High income,52,3.927,3.857,13.74,18420.879,53.035,0.004,0.223,-0.269,Europe,Eastern Europe,Northern Hemisphere,46.0,25.0,-0.06999999999999984,0.982174688057041,1.2816399286987523,1.3049001814882033,0.36630276564774383,0.00027322257531793136,3.1758230000000003,0.8087147950089127,0.8233920145190563,0.23113704512372638,0.0001724034450256147,0.00021318200939271137,0.0007458927448576151
642,ROU,Romania,2014,Very High,53,NOTAPPLICABLE,False,False,False,19968179,372532510801.0,5.0785,36.0,High income,50,3.973,4.019,13.72,18986.027,65.569,0.005,0.224,-0.225,Europe,Eastern Europe,Northern Hemisphere,46.0,25.0,0.04600000000000026,1.0115781525295746,1.2782532091618424,1.2636227917392386,0.37015306122448977,0.0002674861886586383,3.2502400000000002,0.8180820538635792,0.8087185867131127,0.23689795918367348,0.00017119116074152852,0.0002092591567472226,0.0007226367054044536
642,ROU,Romania,2015,Very High,53,NOTAPPLICABLE,False,False,False,19871018,384306463712.0,5.124,35.9,High income,49,3.928,3.964,15.52,19180.48,68.48,0.005,0.22,-0.591,Europe,Eastern Europe,Northern Hemisphere,46.0,25.0,0.03600000000000003,1.009164969450102,1.304480651731161,1.2926337033299697,0.3301546391752577,0.0002671465990423597,3.284484,0.8361720977596742,0.8285782038345106,0.2116291237113402,0.0001712409699861526,0.0002047915380636981,0.0008091559752414955
642,ROU,Romania,2016,Very High,53,NOTAPPLICABLE,False,False,False,19777049,395288226514.0,5.528,34.4,High income,43,3.873,4.024,15.39,19269.059,70.954,0.005,0.216,-0.683,Europe,Eastern Europe,Northern Hemisphere,46.0,25.0,0.1509999999999998,1.0389878647043636,1.4273173250710043,1.3737574552683895,0.3591942820012995,0.0002868847928692314,3.626368,0.9363201652465788,0.9011848906560636,0.2356314489928525,0.00018819642412221582,0.00020099580368714424,0.0007986897543881099
642,ROU,Romania,2017,Very High,53,NOTAPPLICABLE,False,False,False,19689405,456012361225.0,5.825,36.0,High income,38,4.034,4.237,15.21,19702.773,64.221,0.005,0.221,-0.292,Europe,Eastern Europe,Northern Hemisphere,46.0,25.0,0.2030000000000003,1.0503222607833416,1.4439762022806149,1.374793485957045,0.38297172912557526,0.00029564366396547326,3.728,0.9241447694595936,0.8798678310125089,0.24510190664036818,0.0001892119449379029,0.0002047427537230419,0.0007719725543201457
642,ROU,Romania,2018,Very High,53,NOTAPPLICABLE,False,False,False,19597874,473122658487.0,5.945,35.8,High income,35,4.076,4.497,15.45,20004.775,68.848,0.005,0.217,1.213,Europe,Eastern Europe,Northern Hemisphere,46.0,25.0,0.42100000000000026,1.103287536800785,1.4585377821393526,1.3219924394040472,0.384789644012945,0.0002971790485021701,3.8166900000000004,0.9363812561334643,0.8487191460973984,0.24703495145631071,0.0001907889491383932,0.00020375135436414554,0.0007723156096481964
642,ROU,Romania,2019,Very High,53,NOTAPPLICABLE,False,False,False,19501542,456564507688.0,6.07,34.8,High income,32,3.933,4.366,16.04,19681.396,65.608,0.005,0.207,-0.458,Europe,Eastern Europe,Northern Hemisphere,46.0,25.0,0.43299999999999983,1.1100940757691329,1.543351131451818,1.3902885936784244,0.37842892768079806,0.0003084130820801533,3.9576400000000005,1.0062649377065855,0.9064681630783328,0.24673566084788034,0.00020108532951625994,0.00019983338580251115,0.000814982839631904
642,ROU,Romania,2020,Very High,53,NOTAPPLICABLE,False,False,False,19392467,483499378450.0,6.124,34.6,High income,32,3.813,4.176,16.04,19053.199,66.143,0.005,0.21,-0.305,Europe,Eastern Europe,Northern Hemisphere,46.0,25.0,0.363,1.095200629425649,1.6060844479412535,1.4664750957854404,0.38179551122194516,0.00032141584203261613,4.005095999999999,1.0503792289535796,0.9590747126436779,0.24969426433915207,0.0002102059606893309,0.00020012387421135947,0.0008418533811566236
642,ROU,Romania,2021,Very High,53,NOTAPPLICABLE,False,False,False,19248159,505119539256.0,6.14,33.9,High income,33,4.026,4.465,16.04,20261.834,69.975,0.005,0.21,-0.873,Europe,Eastern Europe,Northern Hemisphere,46.0,25.0,0.43900000000000006,1.1090412319920517,1.5250869349230005,1.3751399776035833,0.38279301745635913,0.0003030327856797169,4.05854,1.0080824639841033,0.9089675251959687,0.2530261845386534,0.00020030467133429284,0.0001986986962779381,0.0007916361371828434
643,RUS,Russia,2013,Very High,52,NOTAPPLICABLE,False,False,False,144604105,3500216789791.0,5.464,40.9,Upper middle income,42,11.324,9.563,10.37,55548.391,464.846,0.086,4.642,1.806,Europe,Eastern Europe,Northern Hemisphere,60.0,100.0,-1.7609999999999992,0.8444895796538326,0.4825150123631226,0.5713688173167416,0.5269045323047252,9.83646853065465e-05,3.229224,0.2851663723066054,0.33767897103419425,0.3114005785920926,5.813352901616898e-05,0.00020385828997279145,0.0001866840751516997
643,RUS,Russia,2014,Very High,52,NOTAPPLICABLE,False,False,False,144925639,3525987597216.0,5.59,36.9,Upper middle income,42,11.298,9.301,9.99,55599.285,443.592,0.087,4.617,0.881,Europe,Eastern Europe,Northern Hemisphere,60.0,100.0,-1.9969999999999999,0.8232430518675872,0.4947778367852717,0.6010106440167724,0.5595595595595595,0.00010054086127186707,3.52729,0.31220481501150643,0.37923771637458337,0.3530820820820821,6.344128346254812e-05,0.0002032040519945535,0.00017967856960750484
643,RUS,Russia,2015,Very High,52,NOTAPPLICABLE,False,False,False,145307612,3456429719677.0,5.716,36.5,Upper middle income,41,11.254,8.735,8.67,54577.699,428.028,0.088,4.619,3.079,Europe,Eastern Europe,Northern Hemisphere,60.0,100.0,-2.519,0.7761684734316687,0.5079082992713703,0.6543789353176875,0.659284890426759,0.0001047314215280494,3.6296600000000003,0.32252177003732013,0.4155306239267316,0.41864590542099195,6.650445267031138e-05,0.00020620143769710774,0.00015885609248568724
643,RUS,Russia,2016,Very High,52,NOTAPPLICABLE,False,False,False,145778668,3463123938280.0,5.856,36.7,Upper middle income,34,11.177,8.729,9.07,55468.086,467.186,0.089,4.604,3.122,Europe,Eastern Europe,Northern Hemisphere,60.0,100.0,-2.4480000000000004,0.7809787957412543,0.5239330768542543,0.6708672241952114,0.6456449834619625,0.0001055742215442588,3.706848,0.33164963764874295,0.4246589529155688,0.40869327453142223,6.682848223751582e-05,0.000201503257206315,0.00016351745037678062
643,RUS,Russia,2017,Very High,52,NOTAPPLICABLE,False,False,False,146186798,3526353842599.0,5.963,35.5,Upper middle income,33,11.362,8.917,9.57,55653.059,467.004,0.089,4.617,2.931,Europe,Eastern Europe,Northern Hemisphere,60.0,100.0,-2.4450000000000003,0.7848090124977997,0.5248195740186586,0.668722664573287,0.6230929989550679,0.00010714595221082097,3.8461350000000003,0.3385086252420349,0.43132611864977016,0.40189498432601883,6.910913917597953e-05,0.00020415769059522855,0.00017195820269286544
643,RUS,Russia,2018,Very High,52,NOTAPPLICABLE,False,False,False,146430146,3625347362801.0,5.81,35.3,Upper middle income,39,11.677,8.542,9.17,57585.199,479.074,0.09,4.655,2.166,Europe,Eastern Europe,Northern Hemisphere,60.0,100.0,-3.135,0.7315235077502783,0.4975593046159116,0.6801685787871693,0.6335877862595419,0.00010089398145519996,3.75907,0.32192087008649484,0.44006907047529853,0.40993129770992365,6.527840600151438e-05,0.0002027778005942117,0.00015924230807989393
643,RUS,Russia,2019,Very High,52,NOTAPPLICABLE,False,False,False,146533063,3705035583500.0,5.648,35.7,Upper middle income,45,11.632,8.778,9.49,57120.422,487.594,0.091,4.596,1.812,Europe,Eastern Europe,Northern Hemisphere,60.0,100.0,-2.853999999999999,0.7546423658872078,0.4855570839064649,0.6434267486899066,0.5951527924130663,9.8878821308428e-05,3.631664,0.31221320495185695,0.4137233994076099,0.38268324552160166,6.35790821013192e-05,0.00020363995209979365,0.0001661402291460662
643,RUS,Russia,2020,Very High,52,NOTAPPLICABLE,False,False,False,146371295,3606716578675.0,5.546,33.7,Upper middle income,46,11.149,8.735,9.49,55172.793,536.377,0.092,4.642,1.435,Europe,Eastern Europe,Northern Hemisphere,60.0,100.0,-2.4139999999999997,0.7834783388644722,0.49744371692528483,0.63491700057241,0.584404636459431,0.00010052055910963217,3.676998,0.32980518432146383,0.4209499713795078,0.38746027397260274,6.664513068968613e-05,0.00020207423611851588,0.00017200506778766847
643,RUS,Russia,2021,Very High,52,NOTAPPLICABLE,False,False,False,145836172,3809571453737.0,5.477,35.1,Upper middle income,48,11.482,8.49,9.49,57127.566,545.825,0.093,4.542,1.647,Europe,Eastern Europe,Northern Hemisphere,60.0,100.0,-2.991999999999999,0.7394182198223307,0.47700748998432335,0.6451118963486455,0.5771338250790305,9.587315517695959e-05,3.5545730000000004,0.30957786099982587,0.4186776207302709,0.37455985247629087,6.222167770984678e-05,0.00020098878359354572,0.00016611945273495461
703,SVK,Slovakia,2013,Very High,45,NOTAPPLICABLE,False,False,False,5410422,122917618179.0,5.969,28.1,High income,33,6.584,7.387,20.04,35965.223,17.951,0.002,0.101,0.954,Europe,Eastern Europe,Northern Hemisphere,48.6667,19.5,0.8029999999999999,1.121962332928311,0.9065917375455651,0.8080411533775552,0.2978542914171657,0.0001659658832088988,4.291711,0.6518394592952613,0.5809815892784622,0.21415723552894214,0.00011932947002719823,0.0001830657354745166,0.0005572049421186684
703,SVK,Slovakia,2014,Very High,45,NOTAPPLICABLE,False,False,False,5415238,126232947119.0,5.982,26.1,High income,32,6.225,6.95,20.97,33446.344,18.253,0.002,0.095,1.078,Europe,Eastern Europe,Northern Hemisphere,48.6667,19.5,0.7250000000000005,1.1164658634538154,0.9609638554216868,0.8607194244604317,0.28526466380543636,0.0001788536289646486,4.420698,0.7101522891566265,0.6360716546762589,0.21081058655221746,0.0001321728318048753,0.00018611899704194874,0.0006269743563003478
703,SVK,Slovakia,2015,Very High,45,NOTAPPLICABLE,False,False,False,5420278,132755573802.0,5.995,26.5,High income,28,6.37,7.062,21.54,33760.246,18.012,0.002,0.098,1.262,Europe,Eastern Europe,Northern Hemisphere,48.6667,19.5,0.6920000000000002,1.1086342229199373,0.9411302982731554,0.8489096573208722,0.2783194057567317,0.00017757572027170656,4.406325,0.6917307692307691,0.623948598130841,0.20456476323119777,0.00013051815439970433,0.00018868345923782665,0.0006380285262139381
703,SVK,Slovakia,2016,Very High,45,NOTAPPLICABLE,False,False,False,5427262,135336424966.0,6.078,25.2,High income,28,6.445,7.489,22.58,34039.949,19.355,0.002,0.099,1.513,Europe,Eastern Europe,Northern Hemisphere,48.6667,19.5,1.0439999999999996,1.1619860356865788,0.9430566330488751,0.8115903324876486,0.26917626217891943,0.00017855490911575692,4.546344,0.7054063615205586,0.6070695687007612,0.20134384410983175,0.00013355907201858616,0.00018933635887644838,0.0006633382441319168
703,SVK,Slovakia,2017,Very High,45,NOTAPPLICABLE,False,False,False,5435702,139312659832.0,6.098,23.2,High income,28,6.657,7.272,21.91,35799.367,19.088,0.002,0.101,1.261,Europe,Eastern Europe,Northern Hemisphere,48.6667,19.5,0.6150000000000002,1.092383956737269,0.9160282409493766,0.8385588558855885,0.27832040164308536,0.0001703382073766835,4.683264,0.7035096890491213,0.6440132013201321,0.21375006846188957,0.00013081974326529294,0.00018595300861045953,0.0006120219946905766
703,SVK,Slovakia,2018,Very High,45,NOTAPPLICABLE,False,False,False,5443229,144927513498.0,6.173,25.0,High income,28,6.648,7.487,18.96,35143.781,17.168,0.002,0.099,0.909,Europe,Eastern Europe,Northern Hemisphere,48.6667,19.5,0.8390000000000004,1.1262033694344165,0.9285499398315283,0.8244957927073594,0.3255801687763713,0.0001756498539528231,4.62975,0.6964124548736462,0.6183718445305195,0.24418512658227845,0.0001317373904646173,0.00018916575880096679,0.0005394980124648511
703,SVK,Slovakia,2019,Very High,45,NOTAPPLICABLE,False,False,False,5450627,148579167627.0,6.198,23.2,High income,26,6.211,7.12,19.14,33913.332,19.316,0.002,0.091,0.712,Europe,Eastern Europe,Northern Hemisphere,48.6667,19.5,0.9089999999999998,1.1463532442440831,0.9979069393012397,0.8705056179775281,0.3238244514106583,0.00018275998359583187,4.760064000000001,0.7663925293833522,0.6685483146067417,0.24869717868338562,0.0001403596674015989,0.0001831433136679109,0.0005643798138148147
703,SVK,Slovakia,2020,Very High,45,NOTAPPLICABLE,False,False,False,5455028,143565091421.0,6.281,24.2,High income,26,5.715,6.588,19.14,33203.387,19.806,0.002,0.089,0.574,Europe,Eastern Europe,Northern Hemisphere,48.6667,19.5,0.8730000000000002,1.152755905511811,1.0990376202974628,0.9534001214329083,0.32816091954022986,0.00018916744848951702,4.760998,0.8330705161854768,0.7226772920461445,0.24874597701149423,0.00014338892595505391,0.00017212099476478104,0.0005764472160626263
703,SVK,Slovakia,2021,Very High,45,NOTAPPLICABLE,False,False,False,5442766,147892579134.0,6.331,24.1,High income,23,6.477,7.328,19.14,35868.371,19.772,0.002,0.096,0.443,Europe,Eastern Europe,Northern Hemisphere,48.6667,19.5,0.851,1.1313879882661726,0.9774587000154392,0.8639465065502183,0.330773249738767,0.0001765064825497651,4.805229000000001,0.7418911533117184,0.6557353984716158,0.25105689655172414,0.00013396842025527173,0.00018057692109853555,0.0005336177659141532
705,SVN,Slovenia,2013,Very High,23,NOTAPPLICABLE,False,False,False,2056452,51803647300.0,6.06,26.2,High income,31,7.361,8.674,26.35,39280.562,13.898,0.0,0.043,2.203,Europe,Southern Europe,Northern Hemisphere,46.0,15.0,1.3129999999999997,1.1783725037359054,0.8232577095503328,0.6986396126354623,0.22998102466793166,0.00015427477845148956,4.47228,0.6075641896481456,0.5155960341249711,0.16972599620493356,0.0001138547864971993,0.0001873954858385173,0.0006708152495374176
705,SVN,Slovenia,2014,Very High,23,NOTAPPLICABLE,False,False,False,2058395,53237651266.0,5.954,25.7,High income,33,6.592,8.364,25.92,40255.164,17.463,0.0,0.038,2.018,Europe,Southern Europe,Northern Hemisphere,46.0,15.0,1.7720000000000011,1.2688106796116507,0.9032160194174758,0.7118603538976566,0.22970679012345677,0.0001479064897114815,4.4238219999999995,0.6710895024271845,0.5289122429459587,0.17067214506172837,0.00010989452185563075,0.00016375538800438125,0.000643892545065771
705,SVN,Slovenia,2015,Very High,23,NOTAPPLICABLE,False,False,False,2059946,54414237086.0,5.848,25.4,High income,34,6.631,8.563,25.28,36270.613,11.518,0.0,0.039,2.052,Europe,Southern Europe,Northern Hemisphere,46.0,15.0,1.9320000000000004,1.2913587694163777,0.8819182627054742,0.6829382225855424,0.23132911392405062,0.00016123245559704217,4.362608,0.6579110239782837,0.5094719140488146,0.17257151898734177,0.00012027941187539346,0.00018282018007250114,0.0006969829817874874
705,SVN,Slovenia,2016,Very High,23,NOTAPPLICABLE,False,False,False,2061379,56151179265.0,5.768,24.8,High income,39,7.019,8.761,26.99,38740.152,13.094,0.0,0.041,2.011,Europe,Southern Europe,Northern Hemisphere,46.0,15.0,1.741999999999999,1.2481835019233507,0.8217694828323122,0.6583723319255793,0.21370878103001112,0.0001488894519567192,4.337536,0.6179706510898988,0.4950959936080357,0.16070900333456836,0.00011196486787145285,0.0001811815296955985,0.0006966931879874915
705,SVN,Slovenia,2017,Very High,23,NOTAPPLICABLE,False,False,False,2062410,58855036945.0,5.758,24.2,High income,40,7.097,9.418,26.39,39139.125,11.595,0.001,0.041,2.044,Europe,Southern Europe,Northern Hemisphere,46.0,15.0,2.320999999999999,1.32703959419473,0.8113287304494856,0.6113824591208324,0.21818870784388025,0.0001471162168290681,4.364564,0.6149871776807101,0.463427904013591,0.16538704054566122,0.00011151409235643361,0.00018132750796038492,0.0006742613688987682
705,SVN,Slovenia,2018,Very High,23,NOTAPPLICABLE,False,False,False,2069484,61476689663.0,5.948,24.6,High income,34,7.037,9.932,24.63,39812.316,14.045,0.001,0.04,1.599,Europe,Southern Europe,Northern Hemisphere,46.0,15.0,2.8950000000000005,1.4113969020889585,0.8452465539292313,0.598872331856625,0.24149411287048317,0.0001494010044529939,4.4847920000000006,0.6373159016626404,0.4515497382198953,0.18208656110434432,0.00011264835735755741,0.0001767543490813245,0.0006186527807123805
705,SVN,Slovenia,2019,Very High,23,NOTAPPLICABLE,False,False,False,2083438,63598215879.0,6.118,24.4,High income,30,6.745,9.617,25.38,38399.168,13.753,0.001,0.038,1.728,Europe,Southern Europe,Northern Hemisphere,46.0,15.0,2.8720000000000008,1.425796886582654,0.9070422535211268,0.6361651242591244,0.24105594956658788,0.00015932636873798933,4.625208000000001,0.6857239436619719,0.4809408339398981,0.18223829787234047,0.00012045073476591996,0.00017565484752169632,0.0006609518206227801
705,SVN,Slovenia,2020,Very High,23,NOTAPPLICABLE,False,False,False,2102421,60849951865.0,6.363,24.0,High income,24,6.123,8.765,25.38,36764.934,15.055,0.001,0.037,1.347,Europe,Southern Europe,Northern Hemisphere,46.0,15.0,2.6420000000000003,1.4314878327617182,1.0391964723174913,0.7259555048488305,0.25070921985815603,0.00017307252611958995,4.83588,0.7897893189612936,0.5517261836851113,0.1905390070921986,0.00013153511985088836,0.000166544566624273,0.0006903317166297646
705,SVN,Slovenia,2021,Very High,23,NOTAPPLICABLE,False,False,False,2113495,65846342756.0,6.461,24.3,High income,22,6.187,9.549,25.38,36234.727,14.805,0.001,0.035,1.298,Europe,Southern Europe,Northern Hemisphere,46.0,15.0,3.361999999999999,1.5433974462582833,1.0442864069823825,0.6766153523929208,0.2545705279747833,0.0001783096089008757,4.890977,0.7905248100856636,0.512197821761441,0.19270988967691097,0.0001349803739379629,0.00017074780223954772,0.0007004330403813998
752,SWE,Sweden,2013,Very High,7,NOTAPPLICABLE,False,False,False,9600620,399973749048.0,7.48,28.8,High income,5,4.698,7.553,27.96,62865.043,224.344,0.003,0.128,0.387,Europe,Northern Europe,Northern Hemisphere,62.0,15.0,2.8549999999999995,1.607705406555981,1.5921668795232014,0.9903349662385807,0.2675250357653791,0.000118985045472728,5.32576,1.1336228182205192,0.7051184959618695,0.19047782546494993,8.471735237658232e-05,7.473151652819199e-05,0.0004447622822750635
752,SWE,Sweden,2014,Very High,7,NOTAPPLICABLE,False,False,False,9696438,410604225974.0,7.422000000000001,28.4,High income,6,4.474,7.358,29.25,61958.484,231.919,0.003,0.122,0.445,Europe,Northern Europe,Northern Hemisphere,62.0,15.0,2.8839999999999995,1.644613321412606,1.6589181940098348,1.0086980157651537,0.25374358974358974,0.00011978989027555937,5.314152,1.1877854269110415,0.72222777928785,0.18168041025641027,8.57695614373005e-05,7.220964283115772e-05,0.00047209031131232974
752,SWE,Sweden,2015,Very High,7,NOTAPPLICABLE,False,False,False,9799483,429037422635.0,7.364,29.2,High income,7,4.42,7.056,29.11,63479.047,274.841,0.003,0.122,0.512,Europe,Northern Europe,Northern Hemisphere,62.0,15.0,2.636,1.5963800904977377,1.6660633484162897,1.0436507936507937,0.2529714874613535,0.00011600678252148304,5.213711999999999,1.1795728506787329,0.7389047619047618,0.17910381312263823,8.213280202520998e-05,6.962927468019487e-05,0.00045857651265621553
752,SWE,Sweden,2016,Very High,7,NOTAPPLICABLE,False,False,False,9923281,437921057919.0,7.291,29.6,High income,8,4.364,7.086,29.48,61411.199,242.278,0.003,0.122,0.572,Europe,Northern Europe,Northern Hemisphere,62.0,15.0,2.7220000000000004,1.6237396883593036,1.6707149404216317,1.0289302850691504,0.2473202170963365,0.00011872427372733759,5.132864,1.1761833180568286,0.7243669206886818,0.17411343283582087,8.358188870404565e-05,7.106195728241685e-05,0.00048004273617911286
752,SWE,Sweden,2017,Very High,7,NOTAPPLICABLE,False,False,False,10057864,449166531542.0,7.284,28.8,High income,7,4.211,7.058,29.42,62771.066,255.426,0.003,0.118,0.685,Europe,Northern Europe,Northern Hemisphere,62.0,15.0,2.8469999999999995,1.676086440275469,1.7297554025172166,1.0320204023802777,0.24758667573079535,0.00011604072487792385,5.186208,1.2315858465922582,0.7347985264947577,0.17628171312032628,8.262099611308178e-05,6.708504838837691e-05,0.0004686872770330203
752,SWE,Sweden,2018,Very High,7,NOTAPPLICABLE,False,False,False,10175400,457925387676.0,7.314,30.0,High income,7,4.113,6.985,27.44,59869.379,246.462,0.003,0.114,0.692,Europe,Northern Europe,Northern Hemisphere,62.0,15.0,2.872,1.698273766107464,1.7782640408460975,1.0471009305654975,0.26654518950437317,0.00012216595732519623,5.1198,1.2447848285922682,0.7329706513958482,0.1865816326530612,8.551617012763736e-05,6.869956008730274e-05,0.0004583311278374877
752,SWE,Sweden,2019,Very High,7,NOTAPPLICABLE,False,False,False,10279120,467020665386.0,7.343,29.3,High income,6,3.967,6.518,26.72,60882.551,265.789,0.003,0.11,0.75,Europe,Northern Europe,Northern Hemisphere,62.0,15.0,2.5509999999999997,1.6430552054449206,1.8510209226115453,1.1265725682724763,0.27481287425149703,0.00012060926947689823,5.191501000000001,1.3086717922863627,0.7964868057686408,0.1942927020958084,8.527075352016705e-05,6.515824213739007e-05,0.0004388777993221736
752,SWE,Sweden,2020,Very High,7,NOTAPPLICABLE,False,False,False,10353682,456885314424.0,7.353,28.9,High income,6,3.537,5.807,26.72,57977.379,296.72,0.003,0.104,0.763,Europe,Northern Europe,Northern Hemisphere,62.0,15.0,2.2700000000000005,1.641786824992932,2.078880407124682,1.2662304115722403,0.275187125748503,0.00012682532613280087,5.227983,1.478083969465649,0.9002898226278628,0.19565804640718565,9.017280688042141e-05,6.100655222789564e-05,0.0004608694021852902
752,SWE,Sweden,2021,Very High,7,NOTAPPLICABLE,False,False,False,10416134,481492421258.0,7.363,29.8,High income,6,3.703,6.354,26.72,60836.348,307.327,0.003,0.105,0.828,Europe,Northern Europe,Northern Hemisphere,62.0,15.0,2.6510000000000002,1.7159060221442075,1.9883877936807997,1.1587976078061064,0.275561377245509,0.00012102961867467785,5.168826,1.3958482311639213,0.8134759206798867,0.1934440868263473,8.496279230962385e-05,6.0868216481370645e-05,0.0004392111110943083
764,THA,Thailand,2013,Very High,66,EAP,False,False,False,69845112,962095812070.0,6.371,37.8,Upper middle income,26,3.776,4.227,11.91,18796.785,49.835,0.009,0.748,0.959,Asia,South-eastern Asia,Northern Hemisphere,15.0,100.0,0.4510000000000005,1.119438559322034,1.6872351694915255,1.5072155192808139,0.534928631402183,0.00033894094123010935,3.962762000000001,1.0494602754237292,0.9374880529926664,0.33272560873215795,0.00021082126544512804,0.00020088541737323695,0.0006336189938864545
764,THA,Thailand,2014,Very High,66,EAP,False,False,False,70216362,971562808709.0,6.413,37.0,Upper middle income,25,3.881,3.93,10.81,19328.395,57.466,0.009,0.768,1.1,Asia,South-eastern Asia,Northern Hemisphere,15.0,100.0,0.04900000000000038,1.0126256119556816,1.6524091728935844,1.6318066157760813,0.5932469935245144,0.00033179164643520583,4.04019,1.041017778922958,1.0280381679389312,0.37374560592044404,0.00020902873725417965,0.00020079266798924585,0.000559280788704908
764,THA,Thailand,2015,Very High,66,EAP,False,False,False,70540787,1002011619070.0,6.455,36.0,Upper middle income,26,3.928,3.888,10.49,19526.947,57.81,0.009,0.783,0.889,Asia,South-eastern Asia,Northern Hemisphere,15.0,100.0,-0.040000000000000036,0.9898167006109979,1.6433299389002036,1.6602366255144034,0.6153479504289799,0.00033056882880872266,4.1312,1.0517311608961304,1.062551440329218,0.39382268827454714,0.00021156405043758246,0.00020115791782504455,0.000537206353865763
764,THA,Thailand,2016,Very High,66,EAP,False,False,False,70859835,1036430730493.0,6.474,36.7,Upper middle income,25,4.009,4.027,10.4,19835.943,64.814,0.009,0.803,0.787,Asia,South-eastern Asia,Northern Hemisphere,15.0,100.0,0.017999999999999794,1.004489897730107,1.6148665502619106,1.6076483734790166,0.6225,0.0003263772234070243,4.098042,1.0222105263157895,1.0176414204122175,0.3940425,0.00020659678241664642,0.0002021078604632006,0.0005243007604932118
764,THA,Thailand,2017,Very High,66,EAP,False,False,False,71160183,1079732734924.0,6.424,36.4,Upper middle income,24,3.982,4.079,10.74,20133.205,76.063,0.01,0.788,0.754,Asia,South-eastern Asia,Northern Hemisphere,15.0,100.0,0.09699999999999953,1.02435961828227,1.6132596685082874,1.5748958077960287,0.5981378026070764,0.00031907488152035403,4.085664,1.0260331491712709,1.0016337337582744,0.3804156424581006,0.0002029316246469452,0.00019778271765474002,0.0005334471088929954
764,THA,Thailand,2018,Very High,66,EAP,False,False,False,71376081,1125329902301.0,6.072,36.4,Upper middle income,30,4.039,4.28,11.32,20712.488,94.116,0.01,0.785,1.247,Asia,South-eastern Asia,Northern Hemisphere,15.0,100.0,0.24100000000000055,1.0596682347115625,1.5033424114879923,1.4186915887850466,0.5363957597173145,0.0002931564764213744,3.861792,0.956125773706363,0.9022878504672897,0.341147703180212,0.0001864475190039941,0.00019500313047857889,0.0005465301899028257
764,THA,Thailand,2019,Very High,66,EAP,False,False,False,71522264,1149130685920.0,6.008,34.9,Upper middle income,35,3.941,4.246,11.75,20689.293,102.623,0.01,0.76,1.887,Asia,South-eastern Asia,Northern Hemisphere,15.0,100.0,0.3050000000000006,1.0773915249936565,1.5244861710225832,1.4149788035798396,0.5113191489361703,0.00029039174997424994,3.9112080000000002,0.9924404973357017,0.9211512011304757,0.33286876595744685,0.00018904502923323673,0.000190485001106611,0.0005679266082219436
764,THA,Thailand,2020,Very High,66,EAP,False,False,False,71641484,1078332670656.0,5.999,35.0,Upper middle income,37,3.796,4.189,11.75,19257.477,95.962,0.01,0.773,2.008,Asia,South-eastern Asia,Northern Hemisphere,15.0,100.0,0.39300000000000024,1.1035300316122234,1.5803477344573236,1.4320840296013366,0.5105531914893616,0.00031151536621334145,3.89935,1.0272260273972604,0.930854619240869,0.3318595744680851,0.00020248498803867196,0.00019711824139787367,0.0006101526176040611
764,THA,Thailand,2021,Very High,66,EAP,False,False,False,71727338,1095187026392.0,5.985,34.9,Upper middle income,37,3.724,4.313,11.75,19334.578,97.35,0.01,0.725,1.254,Asia,South-eastern Asia,Northern Hemisphere,15.0,100.0,0.5889999999999995,1.1581632653061222,1.6071428571428572,1.3876651982378856,0.5093617021276596,0.00030954903696372375,3.8962350000000003,1.0462500000000001,0.9033700440528636,0.3315944680851064,0.00020151642306338416,0.00019260828966631698,0.0006077194961276114
792,TUR,Turkey,2013,Very High,48,ECA,False,False,False,76403032,1551491738617.0,5.345,40.2,Upper middle income,47,4.589,5.294,17.97,18483.398,182.671,0.005,0.994,-0.054,Asia,Western Asia,Northern Hemisphere,39.0,35.0,0.7049999999999992,1.153628241446938,1.1647417738069294,1.0096335474121647,0.29744017807456874,0.00028917842920441356,3.1963099999999995,0.6965155807365437,0.6037608613524744,0.17786922648859207,0.0001729287006642393,0.00024827685904940205,0.0009722238302719012
792,TUR,Turkey,2014,Very High,48,ECA,False,False,False,78036154,1628131977724.0,5.3385,41.2,Upper middle income,46,4.706,5.306,17.76,18636.939,137.518,0.005,1.036,-0.16,Asia,Western Asia,Northern Hemisphere,39.0,35.0,0.5999999999999996,1.1274968125796854,1.1344028899277516,1.0061251413494157,0.3005912162162162,0.0002864472540259964,3.1390379999999998,0.667028899277518,0.5916015831134565,0.1767476351351351,0.0001684309853672859,0.000252509277408699,0.0009529461892856978
792,TUR,Turkey,2015,Very High,48,ECA,False,False,False,80014222,1727192876718.0,5.332,42.9,Upper middle income,46,4.845,5.401,18.16,19859.234,215.766,0.006,1.095,-0.052,Asia,Western Asia,Northern Hemisphere,39.0,35.0,0.556,1.1147574819401445,1.100515995872033,0.987224588039252,0.29361233480176213,0.00026848971113387353,3.0445719999999996,0.6283946336429308,0.5637052397704129,0.16765264317180614,0.00015330762505744177,0.00024396711373661238,0.0009144360754296968
792,TUR,Turkey,2016,Very High,48,ECA,False,False,False,81652087,1784590365590.0,5.389,41.9,Upper middle income,46,4.967,5.361,16.4,20443.309,231.891,0.006,1.146,-0.112,Asia,Western Asia,Northern Hemisphere,39.0,35.0,0.39400000000000013,1.0793235353331991,1.0849607408898734,1.0052229061742213,0.3285975609756098,0.00026360703152312576,3.1310089999999997,0.6303621904570162,0.5840345084872225,0.19091518292682927,0.00015315568531493602,0.0002429645807339702,0.0008022184666875601
792,TUR,Turkey,2017,Very High,48,ECA,False,False,False,83083667,1918472081554.0,5.5,43.5,Upper middle income,45,5.183,5.554,16.48,21512.551,224.584,0.006,1.197,-0.088,Asia,Western Asia,Northern Hemisphere,39.0,35.0,0.37100000000000044,1.0715801659270694,1.0611614894848544,0.9902772776377385,0.3337378640776699,0.0002556647047577017,3.1075,0.5995562415589427,0.5595066618653223,0.18856189320388347,0.00014445055818810144,0.00024092912086530322,0.0007660644244376225
792,TUR,Turkey,2018,Very High,48,ECA,False,False,False,84415966,1975637604336.0,5.483,42.4,Upper middle income,46,5.021,5.311,17.43,21179.322,251.254,0.006,1.154,-0.457,Asia,Western Asia,Northern Hemisphere,39.0,35.0,0.29000000000000004,1.0577574188408683,1.0920135431189006,1.0323856147618151,0.31457257601835914,0.00025888458563498866,3.158208,0.6289998008364868,0.5946541141028056,0.18119380378657488,0.0001491175213257535,0.00023707085618699219,0.0008229725200835041
792,TUR,Turkey,2019,Very High,48,ECA,False,False,False,85357670,1991116616493.0,5.373,43.8,Upper middle income,48,4.763,4.907,17.49,21663.299,337.335,0.006,1.096,-0.33,Asia,Western Asia,Northern Hemisphere,39.0,35.0,0.14400000000000013,1.0302330463993281,1.1280705437749319,1.0949663745669451,0.30720411663807895,0.00024802316581606524,3.0196260000000006,0.6339756456015118,0.6153711025066233,0.17264871355060038,0.0001393890191886287,0.00021986494300798784,0.0008073562572348745
792,TUR,Turkey,2020,Very High,48,ECA,False,False,False,86091691,2029749392174.0,5.132,43.0,Upper middle income,53,4.836,4.892,17.49,21161.5,327.603,0.007,1.184,-0.003,Asia,Western Asia,Northern Hemisphere,39.0,35.0,0.05600000000000005,1.011579818031431,1.0612076095947063,1.0490596892886344,0.29342481417953115,0.00024251588970536115,2.92524,0.6048883374689826,0.5979640228945217,0.16725214408233277,0.00013823405713205586,0.00022852822342461548,0.0008265009569264938
792,TUR,Turkey,2021,Very High,48,ECA,False,False,False,86686254,2260196231771.0,4.948,44.4,Upper middle income,56,5.276,5.168,17.49,22505.564,304.751,0.007,1.241,0.23,Asia,Western Asia,Northern Hemisphere,39.0,35.0,-0.10799999999999965,0.9795299469294921,0.9378316906747537,0.9574303405572756,0.2829045168667811,0.00021985674298142453,2.7510880000000006,0.5214344200151632,0.5323312693498453,0.1572949113779303,0.00012224034909767207,0.00023443091672797003,0.0007771411549606133
804,UKR,Ukraine,2013,High,77,ECA,False,False,False,46126760,472286166147.0,5.057,24.6,Lower middle income,50,6.45,5.458,10.11,29691.408,39.204,0.017,0.843,0.216,Europe,Eastern Europe,Northern Hemisphere,49.0,32.0,-0.992,0.8462015503875969,0.784031007751938,0.9265298644192013,0.5001978239366964,0.00017031863224539572,3.812978,0.5911593798449613,0.6986035177720777,0.3771491592482691,0.00012842024871302838,0.00021723456159438448,0.0003405025453828259
804,UKR,Ukraine,2014,High,77,ECA,False,False,False,45972379,441233307180.0,4.869,24.0,Lower middle income,55,5.606,4.248,9.36,26284.715,26.423,0.017,0.727,0.156,Europe,Eastern Europe,Northern Hemisphere,49.0,32.0,-1.3579999999999997,0.7577595433464146,0.8685337138779878,1.146186440677966,0.5201923076923077,0.0001852407378204405,3.70044,0.6600856225472708,0.8711016949152541,0.39534615384615385,0.0001407829607435348,0.00021327984724201879,0.000356100494146503
804,UKR,Ukraine,2015,High,77,ECA,False,False,False,45784904,398045419167.0,4.681,25.5,Lower middle income,58,4.889,3.657,9.47,21915.693,18.461,0.017,0.632,0.409,Europe,Eastern Europe,Northern Hemisphere,49.0,32.0,-1.2320000000000002,0.7480057271425649,0.9574555123747187,1.2800109379272628,0.4942977824709609,0.00021359123802290898,3.487345,0.7133043567191655,0.9536081487558108,0.36825184794086585,0.0001591254723270672,0.00022308215396154711,0.00043211045162934165
804,UKR,Ukraine,2016,High,77,ECA,False,False,False,45616831,407666198456.0,4.324,25.0,Lower middle income,61,5.132,4.187,10.48,23017.719,23.772,0.017,0.661,0.203,Europe,Eastern Europe,Northern Hemisphere,49.0,32.0,-0.9449999999999994,0.8158612626656275,0.8425565081839439,1.032720324814903,0.4125954198473282,0.00018785527792740885,3.243,0.6319173811379579,0.7745402436111773,0.30944656488549616,0.00014089145844555664,0.00022295866936250283,0.00045530141366310016
804,UKR,Ukraine,2017,High,77,ECA,False,False,False,45436037,417287091525.0,4.096,26.0,Lower middle income,62,4.914,4.395,10.83,21466.02,27.809,0.017,0.621,0.211,Europe,Eastern Europe,Northern Hemisphere,49.0,32.0,-0.5190000000000001,0.8943833943833943,0.8335368335368336,0.9319681456200228,0.3782086795937212,0.00019081320151569784,3.03104,0.6168172568172569,0.6896564277588169,0.27987442289935366,0.0001412017691216164,0.00022891993951370583,0.0005045183038122577
804,UKR,Ukraine,2018,High,77,ECA,False,False,False,45208903,431842093109.0,4.103,26.1,Lower middle income,62,5.13,4.718,11.26,22384.719,33.007,0.017,0.631,0.177,Europe,Eastern Europe,Northern Hemisphere,49.0,32.0,-0.4119999999999999,0.9196881091617933,0.7998050682261209,0.8696481559983044,0.36438721136767316,0.0001832946841995202,3.032117,0.5910559454191033,0.6426699872827469,0.2692821492007105,0.00013545477162344544,0.00022917419691531528,0.0005030217265626608
804,UKR,Ukraine,2019,High,77,ECA,False,False,False,44957451,445656664440.0,4.332,26.6,Lower middle income,61,4.942,4.657,11.91,21301.547,30.631,0.018,0.599,0.137,Europe,Eastern Europe,Northern Hemisphere,49.0,32.0,-0.28500000000000014,0.9423310400647511,0.876568191015783,0.9302125832080739,0.36372795969773297,0.00020336551143445121,3.1796879999999996,0.6434010522055846,0.6827760360747261,0.26697632241813596,0.00014927028539288718,0.0002320019292495517,0.0005591143216030273
804,UKR,Ukraine,2020,High,77,ECA,False,False,False,44680008,428931213784.0,4.561,25.6,Lower middle income,60,4.635,4.353,11.91,20556.209,42.929,0.018,0.589,0.123,Europe,Eastern Europe,Northern Hemisphere,49.0,32.0,-0.28200000000000003,0.9391585760517799,0.9840345199568501,1.047783138065702,0.3829554995801847,0.00022187943311920987,3.3933839999999997,0.7321216828478965,0.7795506547208821,0.2849188916876574,0.00016507829824069213,0.00022547931868176666,0.0005793869871628568
804,UKR,Ukraine,2021,High,77,ECA,False,False,False,44298642,443313281092.0,4.875,25.6,Lower middle income,59,4.755,4.583,11.91,21105.271,54.635,0.018,0.571,0.108,Europe,Eastern Europe,Northern Hemisphere,49.0,32.0,-0.1719999999999997,0.9638275499474238,1.025236593059937,1.0637137246345187,0.4093198992443325,0.00023098495157915764,3.627,0.762776025236593,0.791403011128082,0.30453400503778333,0.00017185280397489326,0.00022529916815567066,0.0005643140047810805
840,USA,United States,2013,Very High,21,NOTAPPLICABLE,False,False,False,320110752,16122472460312.0,7.082,40.9,High income,13,17.099,17.612,28.09,80374.148,1763.835,0.221,15.516,0.007,America,Northern America,Northern Hemisphere,38.0,-97.0,0.5129999999999981,1.0300017544885665,0.41417626761798937,0.40211219622984334,0.2521181915272339,8.811290914088446e-05,4.185461999999999,0.24477817416223166,0.23764830797183736,0.1490018511925952,5.20747293022627e-05,0.00021274253507483525,0.0003494904854232483
840,USA,United States,2014,Very High,21,NOTAPPLICABLE,False,False,False,323115377,16491319003554.0,7.1005,41.7,High income,12,17.119,17.821,28.23,80453.969,1815.237,0.224,15.596,0.232,America,Northern America,Northern Hemisphere,38.0,-97.0,0.7020000000000017,1.0410070681698698,0.4147730591740172,0.39843443128892875,0.25152320226709174,8.825543460758289e-05,4.1395915,0.241812693498452,0.23228727344144545,0.1466380269217145,5.1452918376220816e-05,0.00021278005563653423,0.00035088387000522
840,USA,United States,2015,Very High,21,NOTAPPLICABLE,False,False,False,326126496,16937633974582.0,7.119,41.5,High income,12,16.461,17.458,28.33,78949.203,1850.341,0.226,15.164,0.165,America,Northern America,Northern Hemisphere,38.0,-97.0,0.9969999999999999,1.06056740173744,0.4324767632586113,0.40777866880513236,0.2512883868690434,9.017190458528125e-05,4.1646149999999995,0.2529989065062876,0.2385505212510024,0.14700370631839038,5.275056418238953e-05,0.00020850115485016358,0.000358838327981601
840,USA,United States,2016,Very High,21,NOTAPPLICABLE,False,False,False,329179423,17220065720000.0,7.104,41.3,High income,11,15.935,16.884,28.06,78155.102,2045.8,0.228,14.82,0.32,America,Northern America,Northern Hemisphere,38.0,-97.0,0.9489999999999998,1.059554439912143,0.4458111076247254,0.4207533759772566,0.25317177476835356,9.08961771939086e-05,4.1700479999999995,0.2616911201757138,0.24698223169864958,0.1486118317890235,5.335605601282434e-05,0.00020388944025688817,0.00035902966385994864
840,USA,United States,2017,Very High,21,NOTAPPLICABLE,False,False,False,332204657,17606124654726.0,6.993,41.4,High income,11,15.639,16.635,28.12,77729.664,2248.143,0.231,14.442,0.495,America,Northern America,Northern Hemisphere,38.0,-97.0,0.9960000000000022,1.0636869365048918,0.44715135238826015,0.4203787195671776,0.24868421052631579,8.996565326720053e-05,4.097898000000001,0.2620306924995205,0.24634192966636612,0.14572894736842107,5.2719872814579524e-05,0.00020119731895406107,0.0003617666480585842
840,USA,United States,2018,Very High,21,NOTAPPLICABLE,False,False,False,335056492,18124692769570.0,6.886,41.8,High income,15,16.001,16.966,29.14,79893.953,2300.448,0.233,14.595,0.297,America,Northern America,Northern Hemisphere,38.0,-97.0,0.9649999999999999,1.060308730704331,0.4303481032435473,0.4058705646587292,0.23630748112560054,8.618925139428263e-05,4.007652,0.2504625960877445,0.2362166686313804,0.13753095401509952,5.016214431147249e-05,0.00020027798599475986,0.000364733486150072
840,USA,United States,2019,Very High,21,NOTAPPLICABLE,False,False,False,337790069,18540552700117.0,6.892,41.9,High income,16,15.5,16.519,29.65,78683.469,2369.579,0.236,14.118,0.29,America,Northern America,Northern Hemisphere,38.0,-97.0,1.0189999999999984,1.0657419354838709,0.4446451612903226,0.4172165385313882,0.2324451939291737,8.75914609204635e-05,4.004252,0.25833883870967744,0.24240280888673651,0.13505065767284993,5.089063879478929e-05,0.00019699182302193618,0.00037682629371615527
840,USA,United States,2020,Very High,21,NOTAPPLICABLE,False,False,False,339436156,18027359681343.0,6.94,40.0,High income,15,13.817,15.034,29.65,72562.672,2477.656,0.238,13.34,0.255,America,Northern America,Northern Hemisphere,38.0,-97.0,1.2170000000000005,1.0880799015705291,0.5022798002460737,0.4616203272582147,0.23406408094435077,9.564146149414123e-05,4.164,0.3013678801476442,0.2769721963549288,0.14043844856661045,5.738487689648473e-05,0.00019041470799200999,0.0004086122958647388
840,USA,United States,2021,Very High,21,NOTAPPLICABLE,False,False,False,340161438,19099378164000.0,6.951,39.7,High income,16,14.758,16.138,29.65,76307.383,2610.055,0.24,13.617,0.264,America,Northern America,Northern Hemisphere,38.0,-97.0,1.3800000000000026,1.0935086055021008,0.47099878032253695,0.4307225182798363,0.23443507588532883,9.109210310619615e-05,4.191452999999999,0.28401226453448974,0.25972567852274125,0.14136435075885326,5.492853817303627e-05,0.00019340199361836323,0.0003885600427418668
704,VNM,Vietnam,2013,High,115,EAP,False,False,False,90573103,488172621311.0,5.533,34.8,Lower middle income,40,1.672,1.348,7.8,7244.138,148.249,0.005,0.429,1.329,Asia,South-eastern Asia,Northern Hemisphere,16.0,106.0,-0.32399999999999984,0.80622009569378,3.30921052631579,4.10459940652819,0.7093589743589744,0.0007637899774962874,3.6075160000000004,2.1576052631578952,2.67619881305638,0.46250205128205135,0.0004979910653275794,0.00023080730930305303,0.001076732663016635
704,VNM,Vietnam,2014,High,115,EAP,False,False,False,91679582,519523061605.0,5.4465,34.8,Lower middle income,43,1.964,1.535,9.85,7894.68,158.557,0.005,0.508,4.148,Asia,South-eastern Asia,Northern Hemisphere,16.0,106.0,-0.42900000000000005,0.7815682281059063,2.77316700610998,3.548208469055375,0.5529441624365483,0.0006898949672437642,3.551118,1.808104887983707,2.3134319218241046,0.3605195939086295,0.00044981151864293426,0.00024877512451422983,0.0012476756499313461
704,VNM,Vietnam,2015,High,115,EAP,False,False,False,92823254,555822142751.0,5.36,35.05,Lower middle income,45,2.299,1.778,10.03,8731.432,142.626,0.005,0.603,2.457,Asia,South-eastern Asia,Northern Hemisphere,16.0,106.0,-0.5209999999999999,0.7733797303175294,2.33144845585037,3.0146231721034873,0.5343968095712862,0.0006138741044996971,3.48132,1.5142757720748152,1.957997750281215,0.34709072781655037,0.00039871123087255333,0.00026330159818000067,0.0011487233709201422
704,VNM,Vietnam,2016,High,115,EAP,False,False,False,94000115,593006635951.0,5.061,35.3,Lower middle income,54,2.351,1.845,8.09,9326.302,161.555,0.005,0.624,1.809,Asia,South-eastern Asia,Northern Hemisphere,16.0,106.0,-0.506,0.7847724372607401,2.152700978307103,2.743089430894309,0.6255871446229914,0.000542658815895089,3.274467,1.392797532964696,1.774778861788618,0.4047548825710754,0.00035110025388412257,0.00025208276549483385,0.0008674392058074037
704,VNM,Vietnam,2017,High,115,EAP,False,False,False,95176978,634161327073.0,5.074,35.5,Lower middle income,55,2.392,1.807,8.16,9981.674,216.395,0.006,0.633,1.496,Asia,South-eastern Asia,Northern Hemisphere,16.0,106.0,-0.585,0.7554347826086957,2.12123745819398,2.8079690094078584,0.6218137254901961,0.000508331568432309,3.27273,1.3681981605351172,1.8111400110680687,0.4010698529411765,0.00032787386163883934,0.00023963916272961826,0.0008174981471043834
704,VNM,Vietnam,2018,High,115,EAP,False,False,False,96237319,681501440291.0,5.103,35.7,Lower middle income,54,2.655,1.963,8.12,11210.952,209.46,0.006,0.695,1.824,Asia,South-eastern Asia,Northern Hemisphere,16.0,106.0,-0.6919999999999997,0.7393596986817327,1.9220338983050849,2.5995924605196126,0.628448275862069,0.0004551798990843953,3.2812289999999997,1.2358677966101694,1.671537952114111,0.4040922413793103,0.0002926806751112662,0.00023682199335078768,0.0007242917461425221
704,VNM,Vietnam,2019,High,115,EAP,False,False,False,97173778,731653148132.0,5.175,36.25,Lower middle income,55,3.492,2.52,8.52,12433.123,178.467,0.006,0.915,1.364,Asia,South-eastern Asia,Northern Hemisphere,16.0,106.0,-0.972,0.7216494845360825,1.4819587628865978,2.0535714285714284,0.6073943661971831,0.0004162268804064755,3.2990625,0.9447487113402061,1.3091517857142856,0.38721390845070425,0.0002653446362591281,0.0002808626601699348,0.0006852662842634147
704,VNM,Vietnam,2020,High,115,EAP,False,False,False,98079196,752629620043.0,5.353,36.8,Lower middle income,51,3.697,2.65,8.52,12527.92,209.976,0.006,1.031,1.212,Asia,South-eastern Asia,Northern Hemisphere,16.0,106.0,-1.0470000000000002,0.7167974032999729,1.4479307546659452,2.02,0.6282863849765258,0.0004272856148506695,3.3830959999999997,0.9150922369488773,1.27664,0.3970769953051643,0.0002700445085856231,0.00029510086271304414,0.0006800809711428553
704,VNM,Vietnam,2021,High,115,EAP,False,False,False,98935101,771912038182.0,5.411,36.8,Lower middle income,49,3.176,2.247,8.52,12365.529,267.416,0.006,0.852,1.125,Asia,South-eastern Asia,Northern Hemisphere,16.0,106.0,-0.9290000000000003,0.7074937027707808,1.7037153652392945,2.4080996884735204,0.635093896713615,0.0004375874254955044,3.419752,1.0767481108312342,1.5219190031152647,0.4013793427230047,0.00027655525291315884,0.0002568430351827245,0.0006890121724675102
710,ZAF,South Africa,2013,High,109,SSA,False,False,False,54678789,677278303675.0,4.963,59.6,Upper middle income,55,8.343,6.529,10.09,26163.137,5.677,0.01,1.293,0.149,Africa,Sub-Saharan Africa,Southern Hemisphere,-29.0,24.0,-1.814,0.7825722162291742,0.5948699508570059,0.7601470362995865,0.4918731417244797,0.00018969437800979295,2.005052,0.24032746014623038,0.30709940266503294,0.1987167492566898,7.663652871595635e-05,0.00031888377911257356,0.0003856571174932119
710,ZAF,South Africa,2014,High,109,SSA,False,False,False,55594840,686853872664.0,4.8025,59.6,Upper middle income,56,8.663,6.509,8.41,26046.393,11.72,0.01,1.358,0.081,Africa,Sub-Saharan Africa,Southern Hemisphere,-29.0,24.0,-2.154,0.7513563430682212,0.5543691561814614,0.7378245506222154,0.5710463733650416,0.00018438253619224745,1.9402100000000002,0.22396513909731042,0.298081118451375,0.23070273483947684,7.449054462166797e-05,0.00033259883623809253,0.00032288539914144735
710,ZAF,South Africa,2015,High,109,SSA,False,False,False,56723536,695933197143.0,4.642,59.6,Upper middle income,59,8.065,6.175,8.06,24952.885,18.241,0.01,1.292,0.072,Africa,Sub-Saharan Africa,Southern Hemisphere,-29.0,24.0,-1.8899999999999997,0.7656540607563547,0.5755734655920646,0.7517408906882592,0.5759305210918114,0.00018603059325605038,1.8753680000000004,0.23253168009919412,0.30370331983805676,0.23267593052109184,7.515635967544436e-05,0.00032320911990737746,0.0003230087422756928
710,ZAF,South Africa,2016,High,109,SSA,False,False,False,57259550,700558003750.0,4.459,59.6,Upper middle income,58,7.982,6.189,7.55,25848.275,21.906,0.01,1.291,0.036,Africa,Sub-Saharan Africa,Southern Hemisphere,-29.0,24.0,-1.7930000000000001,0.7753695815585067,0.5586319218241041,0.7204718048149943,0.5905960264900662,0.00017250667597741047,1.801436,0.2256872964169381,0.29107060914525773,0.23860079470198678,6.969269709487383e-05,0.00030880203804702636,0.0002920891239357365
710,ZAF,South Africa,2017,High,109,SSA,False,False,False,57635158,708670169977.0,4.829,59.6,Upper middle income,56,7.634,6.028,7.76,25594.477,31.805,0.011,1.223,-0.019,Africa,Sub-Saharan Africa,Southern Hemisphere,-29.0,24.0,-1.6060000000000008,0.7896253602305474,0.632564841498559,0.801094890510949,0.6222938144329897,0.0001886735173373537,1.950916,0.25555619596541784,0.3236423357664234,0.2514067010309279,7.622410100429089e-05,0.0002982674738772744,0.00030319041096249006
710,ZAF,South Africa,2018,High,109,SSA,False,False,False,58613001,719458334697.0,4.724,59.6,Upper middle income,57,7.742,6.063,7.6,24053.697,32.227,0.011,1.235,0.005,Africa,Sub-Saharan Africa,Southern Hemisphere,-29.0,24.0,-1.6790000000000003,0.7831309739085507,0.6101782485145958,0.7791522348672275,0.6215789473684211,0.00019639392647209284,1.9084960000000002,0.2465120123998967,0.3147775028863599,0.25111789473684215,7.934314629472551e-05,0.0003218632046458388,0.00031595974622944655
710,ZAF,South Africa,2019,High,109,SSA,False,False,False,59587880,721641639539.0,4.722,59.6,Upper middle income,57,7.9,6.167,7.55,24698.113,32.905,0.011,1.269,0.04,Africa,Sub-Saharan Africa,Southern Hemisphere,-29.0,24.0,-1.7330000000000005,0.780632911392405,0.5977215189873418,0.7656883411707476,0.6254304635761591,0.00019118869526590958,1.9076880000000003,0.2414794936708861,0.30933808983298205,0.25267390728476824,7.724023288742748e-05,0.0003198624931386459,0.00030569137002490836
710,ZAF,South Africa,2020,High,109,SSA,False,False,False,60562374,675871755463.0,4.814,59.6,Upper middle income,58,7.188,5.537,7.55,23110.006,36.073,0.011,1.238,0.046,Africa,Sub-Saharan Africa,Southern Hemisphere,-29.0,24.0,-1.6509999999999998,0.77031163049527,0.6697273233166389,0.8694238757449883,0.6376158940397352,0.00020830803765260812,1.9448560000000001,0.2705698386199221,0.35124724580097527,0.257596821192053,8.41564472116537e-05,0.00031103410358266454,0.00032669831414150214
710,ZAF,South Africa,2021,High,109,SSA,False,False,False,61502602,709077881289.0,4.956,59.6,Upper middle income,55,7.145,5.334,7.55,22855.135,45.54,0.011,1.192,0.053,Africa,Sub-Saharan Africa,Southern Hemisphere,-29.0,24.0,-1.811,0.7465360391882435,0.693631910426872,0.9291338582677167,0.6564238410596027,0.00021684404839437618,2.0022240000000004,0.28022729181245637,0.3753700787401576,0.2651952317880795,8.760499555132799e-05,0.0003126212118195758,0.0003303415184377603
